window,source,post_id,url,label,complaint_theme
Opus 5 (Jul 24-25),hacker_news,49055083,https://news.ycombinator.com/item?id=49055083,negative,quality
Opus 5 (Jul 24-25),hacker_news,49053934,https://news.ycombinator.com/item?id=49053934,negative,price_limits
Opus 5 (Jul 24-25),hacker_news,49053709,https://news.ycombinator.com/item?id=49053709,neutral,
Opus 5 (Jul 24-25),hacker_news,49053330,https://news.ycombinator.com/item?id=49053330,negative,quality
Opus 5 (Jul 24-25),hacker_news,49053309,https://news.ycombinator.com/item?id=49053309,neutral,
Opus 5 (Jul 24-25),hacker_news,49053210,https://news.ycombinator.com/item?id=49053210,neutral,
Opus 5 (Jul 24-25),hacker_news,49053154,https://news.ycombinator.com/item?id=49053154,negative,other
Opus 5 (Jul 24-25),hacker_news,49052980,https://news.ycombinator.com/item?id=49052980,negative,quality
Opus 5 (Jul 24-25),hacker_news,49052777,https://news.ycombinator.com/item?id=49052777,positive,
Opus 5 (Jul 24-25),hacker_news,49052245,https://news.ycombinator.com/item?id=49052245,negative,quality
Opus 5 (Jul 24-25),hacker_news,49051948,https://news.ycombinator.com/item?id=49051948,negative,quality
Opus 5 (Jul 24-25),hacker_news,49051539,https://news.ycombinator.com/item?id=49051539,irrelevant,
Opus 5 (Jul 24-25),hacker_news,49050991,https://news.ycombinator.com/item?id=49050991,positive,
Opus 5 (Jul 24-25),hacker_news,49050676,https://news.ycombinator.com/item?id=49050676,neutral,
Opus 5 (Jul 24-25),hacker_news,49050269,https://news.ycombinator.com/item?id=49050269,positive,
Opus 5 (Jul 24-25),hacker_news,49049410,https://news.ycombinator.com/item?id=49049410,irrelevant,
Opus 5 (Jul 24-25),hacker_news,49048938,https://news.ycombinator.com/item?id=49048938,negative,quality
Opus 5 (Jul 24-25),hacker_news,49048929,https://news.ycombinator.com/item?id=49048929,negative,quality
Opus 5 (Jul 24-25),hacker_news,49048923,https://news.ycombinator.com/item?id=49048923,negative,quality
Opus 5 (Jul 24-25),hacker_news,49048905,https://news.ycombinator.com/item?id=49048905,negative,style
Opus 5 (Jul 24-25),hacker_news,49048842,https://news.ycombinator.com/item?id=49048842,negative,quality
Opus 5 (Jul 24-25),hacker_news,49048802,https://news.ycombinator.com/item?id=49048802,positive,
Opus 5 (Jul 24-25),hacker_news,49048586,https://news.ycombinator.com/item?id=49048586,negative,other
Opus 5 (Jul 24-25),hacker_news,49048560,https://news.ycombinator.com/item?id=49048560,neutral,
Opus 5 (Jul 24-25),hacker_news,49048354,https://news.ycombinator.com/item?id=49048354,neutral,
Opus 5 (Jul 24-25),hacker_news,49048141,https://news.ycombinator.com/item?id=49048141,negative,other
Opus 5 (Jul 24-25),hacker_news,49048098,https://news.ycombinator.com/item?id=49048098,irrelevant,
Opus 5 (Jul 24-25),hacker_news,49047820,https://news.ycombinator.com/item?id=49047820,negative,other
Opus 5 (Jul 24-25),hacker_news,49047819,https://news.ycombinator.com/item?id=49047819,positive,
Opus 5 (Jul 24-25),hacker_news,49047745,https://news.ycombinator.com/item?id=49047745,negative,other
Opus 5 (Jul 24-25),hacker_news,49047199,https://news.ycombinator.com/item?id=49047199,neutral,
Opus 5 (Jul 24-25),hacker_news,49047153,https://news.ycombinator.com/item?id=49047153,negative,other
Opus 5 (Jul 24-25),hacker_news,49046648,https://news.ycombinator.com/item?id=49046648,positive,
Opus 5 (Jul 24-25),hacker_news,49046533,https://news.ycombinator.com/item?id=49046533,negative,other
Opus 5 (Jul 24-25),hacker_news,49046504,https://news.ycombinator.com/item?id=49046504,positive,
Opus 5 (Jul 24-25),hacker_news,49046378,https://news.ycombinator.com/item?id=49046378,neutral,
Opus 5 (Jul 24-25),hacker_news,49046326,https://news.ycombinator.com/item?id=49046326,neutral,
Opus 5 (Jul 24-25),hacker_news,49046161,https://news.ycombinator.com/item?id=49046161,neutral,
Opus 5 (Jul 24-25),hacker_news,49046098,https://news.ycombinator.com/item?id=49046098,neutral,
Opus 5 (Jul 24-25),hacker_news,49045940,https://news.ycombinator.com/item?id=49045940,neutral,
Opus 5 (Jul 24-25),hacker_news,49045923,https://news.ycombinator.com/item?id=49045923,positive,
Opus 5 (Jul 24-25),hacker_news,49045871,https://news.ycombinator.com/item?id=49045871,neutral,
Opus 5 (Jul 24-25),hacker_news,49045835,https://news.ycombinator.com/item?id=49045835,irrelevant,
Opus 5 (Jul 24-25),hacker_news,49045573,https://news.ycombinator.com/item?id=49045573,neutral,
Opus 5 (Jul 24-25),hacker_news,49045555,https://news.ycombinator.com/item?id=49045555,negative,quality
Opus 5 (Jul 24-25),hacker_news,49045430,https://news.ycombinator.com/item?id=49045430,neutral,
Opus 5 (Jul 24-25),hacker_news,49045399,https://news.ycombinator.com/item?id=49045399,positive,
Opus 5 (Jul 24-25),hacker_news,49045307,https://news.ycombinator.com/item?id=49045307,neutral,
Opus 5 (Jul 24-25),hacker_news,49045275,https://news.ycombinator.com/item?id=49045275,negative,other
Opus 5 (Jul 24-25),hacker_news,49045169,https://news.ycombinator.com/item?id=49045169,positive,
Opus 5 (Jul 24-25),hacker_news,49045140,https://news.ycombinator.com/item?id=49045140,negative,style
Opus 5 (Jul 24-25),hacker_news,49045107,https://news.ycombinator.com/item?id=49045107,positive,
Opus 5 (Jul 24-25),hacker_news,49044937,https://news.ycombinator.com/item?id=49044937,irrelevant,
Opus 5 (Jul 24-25),hacker_news,49044858,https://news.ycombinator.com/item?id=49044858,neutral,
Opus 5 (Jul 24-25),hacker_news,49044813,https://news.ycombinator.com/item?id=49044813,neutral,
Opus 5 (Jul 24-25),hacker_news,49044670,https://news.ycombinator.com/item?id=49044670,positive,
Opus 5 (Jul 24-25),hacker_news,49044521,https://news.ycombinator.com/item?id=49044521,positive,
Opus 5 (Jul 24-25),hacker_news,49044485,https://news.ycombinator.com/item?id=49044485,neutral,
Opus 5 (Jul 24-25),hacker_news,49044428,https://news.ycombinator.com/item?id=49044428,neutral,
Opus 5 (Jul 24-25),hacker_news,49044306,https://news.ycombinator.com/item?id=49044306,positive,
Opus 5 (Jul 24-25),hacker_news,49044302,https://news.ycombinator.com/item?id=49044302,negative,safeguards
Opus 5 (Jul 24-25),hacker_news,49044280,https://news.ycombinator.com/item?id=49044280,neutral,
Opus 5 (Jul 24-25),hacker_news,49044265,https://news.ycombinator.com/item?id=49044265,negative,quality
Opus 5 (Jul 24-25),hacker_news,49044201,https://news.ycombinator.com/item?id=49044201,negative,safeguards
Opus 5 (Jul 24-25),hacker_news,49043889,https://news.ycombinator.com/item?id=49043889,irrelevant,
Opus 5 (Jul 24-25),hacker_news,49043864,https://news.ycombinator.com/item?id=49043864,irrelevant,
Opus 5 (Jul 24-25),hacker_news,49043849,https://news.ycombinator.com/item?id=49043849,positive,
Opus 5 (Jul 24-25),hacker_news,49043681,https://news.ycombinator.com/item?id=49043681,negative,quality
Opus 5 (Jul 24-25),hacker_news,49043668,https://news.ycombinator.com/item?id=49043668,positive,
Opus 5 (Jul 24-25),hacker_news,49043578,https://news.ycombinator.com/item?id=49043578,negative,safeguards
Opus 5 (Jul 24-25),hacker_news,49043404,https://news.ycombinator.com/item?id=49043404,neutral,
Opus 5 (Jul 24-25),hacker_news,49043384,https://news.ycombinator.com/item?id=49043384,irrelevant,
Opus 5 (Jul 24-25),hacker_news,49043346,https://news.ycombinator.com/item?id=49043346,neutral,
Opus 5 (Jul 24-25),hacker_news,49043333,https://news.ycombinator.com/item?id=49043333,positive,
Opus 5 (Jul 24-25),hacker_news,49043232,https://news.ycombinator.com/item?id=49043232,negative,price_limits
Opus 5 (Jul 24-25),hacker_news,49042883,https://news.ycombinator.com/item?id=49042883,neutral,
Opus 5 (Jul 24-25),hacker_news,49042872,https://news.ycombinator.com/item?id=49042872,irrelevant,
Opus 5 (Jul 24-25),hacker_news,49042849,https://news.ycombinator.com/item?id=49042849,neutral,
Opus 5 (Jul 24-25),hacker_news,49042833,https://news.ycombinator.com/item?id=49042833,neutral,
Opus 5 (Jul 24-25),hacker_news,49042817,https://news.ycombinator.com/item?id=49042817,neutral,
Opus 5 (Jul 24-25),hacker_news,49042814,https://news.ycombinator.com/item?id=49042814,neutral,
Opus 5 (Jul 24-25),hacker_news,49042785,https://news.ycombinator.com/item?id=49042785,negative,price_limits
Opus 5 (Jul 24-25),hacker_news,49042678,https://news.ycombinator.com/item?id=49042678,irrelevant,
Opus 5 (Jul 24-25),hacker_news,49042628,https://news.ycombinator.com/item?id=49042628,negative,style
Opus 5 (Jul 24-25),hacker_news,49042626,https://news.ycombinator.com/item?id=49042626,neutral,
Opus 5 (Jul 24-25),hacker_news,49042596,https://news.ycombinator.com/item?id=49042596,neutral,
Opus 5 (Jul 24-25),hacker_news,49042557,https://news.ycombinator.com/item?id=49042557,neutral,
Opus 5 (Jul 24-25),hacker_news,49042480,https://news.ycombinator.com/item?id=49042480,negative,other
Opus 5 (Jul 24-25),hacker_news,49042393,https://news.ycombinator.com/item?id=49042393,negative,quality
Opus 5 (Jul 24-25),hacker_news,49042210,https://news.ycombinator.com/item?id=49042210,positive,
Opus 5 (Jul 24-25),hacker_news,49042148,https://news.ycombinator.com/item?id=49042148,neutral,
Opus 5 (Jul 24-25),hacker_news,49042017,https://news.ycombinator.com/item?id=49042017,positive,
Opus 5 (Jul 24-25),hacker_news,49041932,https://news.ycombinator.com/item?id=49041932,positive,
Opus 5 (Jul 24-25),hacker_news,49041918,https://news.ycombinator.com/item?id=49041918,negative,quality
Opus 5 (Jul 24-25),hacker_news,49041876,https://news.ycombinator.com/item?id=49041876,negative,other
Opus 5 (Jul 24-25),hacker_news,49041749,https://news.ycombinator.com/item?id=49041749,positive,
Opus 5 (Jul 24-25),hacker_news,49041694,https://news.ycombinator.com/item?id=49041694,positive,
Opus 5 (Jul 24-25),hacker_news,49041501,https://news.ycombinator.com/item?id=49041501,irrelevant,
Opus 5 (Jul 24-25),hacker_news,49041500,https://news.ycombinator.com/item?id=49041500,irrelevant,
Opus 5 (Jul 24-25),hacker_news,49041453,https://news.ycombinator.com/item?id=49041453,negative,other
Opus 5 (Jul 24-25),hacker_news,49041370,https://news.ycombinator.com/item?id=49041370,neutral,
Opus 5 (Jul 24-25),hacker_news,49041214,https://news.ycombinator.com/item?id=49041214,negative,quality
Opus 5 (Jul 24-25),hacker_news,49041158,https://news.ycombinator.com/item?id=49041158,negative,price_limits
Opus 5 (Jul 24-25),hacker_news,49041102,https://news.ycombinator.com/item?id=49041102,irrelevant,
Opus 5 (Jul 24-25),hacker_news,49040882,https://news.ycombinator.com/item?id=49040882,neutral,
Opus 5 (Jul 24-25),hacker_news,49040857,https://news.ycombinator.com/item?id=49040857,negative,style
Opus 5 (Jul 24-25),hacker_news,49040827,https://news.ycombinator.com/item?id=49040827,negative,safeguards
Opus 5 (Jul 24-25),hacker_news,49040741,https://news.ycombinator.com/item?id=49040741,neutral,
Opus 5 (Jul 24-25),hacker_news,49040689,https://news.ycombinator.com/item?id=49040689,irrelevant,
Opus 5 (Jul 24-25),hacker_news,49040629,https://news.ycombinator.com/item?id=49040629,neutral,
Opus 5 (Jul 24-25),hacker_news,49040587,https://news.ycombinator.com/item?id=49040587,neutral,
Opus 5 (Jul 24-25),hacker_news,49040508,https://news.ycombinator.com/item?id=49040508,positive,
Opus 5 (Jul 24-25),hacker_news,49040499,https://news.ycombinator.com/item?id=49040499,neutral,
Opus 5 (Jul 24-25),hacker_news,49040417,https://news.ycombinator.com/item?id=49040417,neutral,
Opus 5 (Jul 24-25),hacker_news,49040405,https://news.ycombinator.com/item?id=49040405,positive,
Opus 5 (Jul 24-25),hacker_news,49040325,https://news.ycombinator.com/item?id=49040325,positive,
Opus 5 (Jul 24-25),hacker_news,49040317,https://news.ycombinator.com/item?id=49040317,positive,
Opus 5 (Jul 24-25),hacker_news,49040252,https://news.ycombinator.com/item?id=49040252,neutral,
Opus 5 (Jul 24-25),hacker_news,49040214,https://news.ycombinator.com/item?id=49040214,neutral,
Opus 5 (Jul 24-25),hacker_news,49040178,https://news.ycombinator.com/item?id=49040178,neutral,
Opus 5 (Jul 24-25),hacker_news,49040056,https://news.ycombinator.com/item?id=49040056,positive,
Opus 5 (Jul 24-25),hacker_news,49039977,https://news.ycombinator.com/item?id=49039977,neutral,
Opus 5 (Jul 24-25),hacker_news,49039940,https://news.ycombinator.com/item?id=49039940,neutral,
Opus 5 (Jul 24-25),hacker_news,49039922,https://news.ycombinator.com/item?id=49039922,positive,
Opus 5 (Jul 24-25),hacker_news,49039890,https://news.ycombinator.com/item?id=49039890,neutral,
Opus 5 (Jul 24-25),hacker_news,49039863,https://news.ycombinator.com/item?id=49039863,negative,other
Opus 5 (Jul 24-25),hacker_news,49039809,https://news.ycombinator.com/item?id=49039809,positive,
Opus 5 (Jul 24-25),hacker_news,49039705,https://news.ycombinator.com/item?id=49039705,neutral,
Opus 5 (Jul 24-25),hacker_news,49039703,https://news.ycombinator.com/item?id=49039703,neutral,
Opus 5 (Jul 24-25),hacker_news,49039621,https://news.ycombinator.com/item?id=49039621,negative,price_limits
Opus 5 (Jul 24-25),hacker_news,49039499,https://news.ycombinator.com/item?id=49039499,negative,quality
Opus 5 (Jul 24-25),hacker_news,49039458,https://news.ycombinator.com/item?id=49039458,negative,quality
Opus 5 (Jul 24-25),hacker_news,49039438,https://news.ycombinator.com/item?id=49039438,positive,
Opus 5 (Jul 24-25),hacker_news,49039437,https://news.ycombinator.com/item?id=49039437,positive,
Opus 5 (Jul 24-25),hacker_news,49039396,https://news.ycombinator.com/item?id=49039396,negative,price_limits
Opus 5 (Jul 24-25),hacker_news,49039352,https://news.ycombinator.com/item?id=49039352,neutral,
Opus 5 (Jul 24-25),hacker_news,49039305,https://news.ycombinator.com/item?id=49039305,irrelevant,
Opus 5 (Jul 24-25),hacker_news,49039285,https://news.ycombinator.com/item?id=49039285,positive,
Opus 5 (Jul 24-25),hacker_news,49039224,https://news.ycombinator.com/item?id=49039224,positive,
Opus 5 (Jul 24-25),hacker_news,49039156,https://news.ycombinator.com/item?id=49039156,negative,other
Opus 5 (Jul 24-25),hacker_news,49039151,https://news.ycombinator.com/item?id=49039151,positive,
Opus 5 (Jul 24-25),hacker_news,49039127,https://news.ycombinator.com/item?id=49039127,negative,other
Opus 5 (Jul 24-25),hacker_news,49039116,https://news.ycombinator.com/item?id=49039116,positive,
Opus 5 (Jul 24-25),hacker_news,49039084,https://news.ycombinator.com/item?id=49039084,neutral,
Opus 5 (Jul 24-25),hacker_news,49039052,https://news.ycombinator.com/item?id=49039052,neutral,
Opus 5 (Jul 24-25),hacker_news,49039047,https://news.ycombinator.com/item?id=49039047,irrelevant,
Opus 5 (Jul 24-25),hacker_news,49038973,https://news.ycombinator.com/item?id=49038973,neutral,
Opus 5 (Jul 24-25),hacker_news,49038959,https://news.ycombinator.com/item?id=49038959,positive,
Opus 5 (Jul 24-25),hacker_news,49038931,https://news.ycombinator.com/item?id=49038931,neutral,
Opus 5 (Jul 24-25),hacker_news,49038897,https://news.ycombinator.com/item?id=49038897,positive,
Opus 5 (Jul 24-25),hacker_news,49038856,https://news.ycombinator.com/item?id=49038856,irrelevant,
Opus 5 (Jul 24-25),hacker_news,49038853,https://news.ycombinator.com/item?id=49038853,negative,safeguards
Opus 5 (Jul 24-25),hacker_news,49038846,https://news.ycombinator.com/item?id=49038846,negative,other
Opus 5 (Jul 24-25),hacker_news,49038817,https://news.ycombinator.com/item?id=49038817,neutral,
Opus 5 (Jul 24-25),hacker_news,49038796,https://news.ycombinator.com/item?id=49038796,neutral,
Opus 5 (Jul 24-25),hacker_news,49038772,https://news.ycombinator.com/item?id=49038772,neutral,
Opus 5 (Jul 24-25),hacker_news,49038768,https://news.ycombinator.com/item?id=49038768,neutral,
Opus 5 (Jul 24-25),hacker_news,49038746,https://news.ycombinator.com/item?id=49038746,negative,price_limits
Opus 5 (Jul 24-25),hacker_news,49038733,https://news.ycombinator.com/item?id=49038733,neutral,
Opus 5 (Jul 24-25),hacker_news,49038690,https://news.ycombinator.com/item?id=49038690,neutral,
Opus 5 (Jul 24-25),hacker_news,49038685,https://news.ycombinator.com/item?id=49038685,positive,
Opus 5 (Jul 24-25),hacker_news,49038678,https://news.ycombinator.com/item?id=49038678,negative,safeguards
Opus 5 (Jul 24-25),hacker_news,49038671,https://news.ycombinator.com/item?id=49038671,neutral,
Opus 5 (Jul 24-25),hacker_news,49038666,https://news.ycombinator.com/item?id=49038666,negative,safeguards
Opus 5 (Jul 24-25),hacker_news,49038637,https://news.ycombinator.com/item?id=49038637,neutral,
Opus 5 (Jul 24-25),hacker_news,49038571,https://news.ycombinator.com/item?id=49038571,irrelevant,
Opus 5 (Jul 24-25),hacker_news,49038524,https://news.ycombinator.com/item?id=49038524,negative,other
Opus 5 (Jul 24-25),hacker_news,49038517,https://news.ycombinator.com/item?id=49038517,positive,
Opus 5 (Jul 24-25),hacker_news,49038433,https://news.ycombinator.com/item?id=49038433,irrelevant,
Opus 5 (Jul 24-25),hacker_news,49038393,https://news.ycombinator.com/item?id=49038393,irrelevant,
Opus 5 (Jul 24-25),x,2080805042236407935,https://x.com/AskClash/status/2080805042236407935,neutral,
Opus 5 (Jul 24-25),x,2080804892726513802,https://x.com/stan_info/status/2080804892726513802,negative,quality
Opus 5 (Jul 24-25),x,2080804883481895033,https://x.com/fkadev/status/2080804883481895033,irrelevant,
Opus 5 (Jul 24-25),x,2080804862644940837,https://x.com/abacusai/status/2080804862644940837,irrelevant,
Opus 5 (Jul 24-25),x,2080804826892345577,https://x.com/MachSpeedx0/status/2080804826892345577,irrelevant,
Opus 5 (Jul 24-25),x,2080804729387671988,https://x.com/ryancloudmancer/status/2080804729387671988,negative,quality
Opus 5 (Jul 24-25),x,2080804570431881604,https://x.com/BenKoska/status/2080804570431881604,negative,price_limits
Opus 5 (Jul 24-25),x,2080804416509124846,https://x.com/miguelg19877/status/2080804416509124846,neutral,
Opus 5 (Jul 24-25),x,2080804397055967282,https://x.com/PandelisZ/status/2080804397055967282,positive,
Opus 5 (Jul 24-25),x,2080804333088620773,https://x.com/mihirrr_08/status/2080804333088620773,negative,quality
Opus 5 (Jul 24-25),x,2080804307126096069,https://x.com/thisisatest0007/status/2080804307126096069,negative,quality
Opus 5 (Jul 24-25),x,2080804272695034173,https://x.com/dested/status/2080804272695034173,irrelevant,
Opus 5 (Jul 24-25),x,2080804230948929762,https://x.com/rednech_ai/status/2080804230948929762,negative,safeguards
Opus 5 (Jul 24-25),x,2080804206550675545,https://x.com/dimon2252/status/2080804206550675545,irrelevant,
Opus 5 (Jul 24-25),x,2080803965856329986,https://x.com/CliffordSosin/status/2080803965856329986,irrelevant,
Opus 5 (Jul 24-25),x,2080803650973176097,https://x.com/Mayhem4Markets/status/2080803650973176097,neutral,
Opus 5 (Jul 24-25),x,2080803642005725688,https://x.com/ChickenSamosaa/status/2080803642005725688,positive,
Opus 5 (Jul 24-25),x,2080803625194910192,https://x.com/paddix/status/2080803625194910192,irrelevant,
Opus 5 (Jul 24-25),x,2080803530911481874,https://x.com/soulblocks/status/2080803530911481874,positive,
Opus 5 (Jul 24-25),x,2080803467170615437,https://x.com/mtholfsen/status/2080803467170615437,irrelevant,
Opus 5 (Jul 24-25),x,2081167281082499169,https://x.com/UBERSOY1/status/2081167281082499169,irrelevant,
Opus 5 (Jul 24-25),x,2081167196017791147,https://x.com/benhackshealth/status/2081167196017791147,irrelevant,
Opus 5 (Jul 24-25),x,2081167011288076730,https://x.com/Tech_girl/status/2081167011288076730,irrelevant,
Opus 5 (Jul 24-25),x,2081166817662238840,https://x.com/AaronLCannon/status/2081166817662238840,positive,
Opus 5 (Jul 24-25),x,2081166802810208517,https://x.com/rootcausehq/status/2081166802810208517,irrelevant,
Opus 5 (Jul 24-25),x,2081166762393915451,https://x.com/rookepoole/status/2081166762393915451,irrelevant,
Opus 5 (Jul 24-25),x,2081166683868430541,https://x.com/OmedVibeCodes/status/2081166683868430541,positive,
Opus 5 (Jul 24-25),x,2081165470829252871,https://x.com/7N7/status/2081165470829252871,positive,
Opus 5 (Jul 24-25),x,2081165374545150070,https://x.com/ChadMoran/status/2081165374545150070,positive,
Opus 5 (Jul 24-25),x,2081165346816369126,https://x.com/guilherme_grimm/status/2081165346816369126,positive,
Opus 5 (Jul 24-25),x,2081165249072222704,https://x.com/ThreatWire_/status/2081165249072222704,neutral,
Opus 5 (Jul 24-25),x,2081165044272804208,https://x.com/usr_bin_roygbiv/status/2081165044272804208,negative,quality
Opus 5 (Jul 24-25),x,2081164454050640184,https://x.com/its2uraps/status/2081164454050640184,neutral,
Opus 5 (Jul 24-25),x,2081163240021889074,https://x.com/ahmetbuilds/status/2081163240021889074,positive,
Opus 5 (Jul 24-25),x,2081163209432776963,https://x.com/SkyeSharkie/status/2081163209432776963,irrelevant,
Opus 5 (Jul 24-25),x,2081163181075112419,https://x.com/rezoundous/status/2081163181075112419,negative,quality
Opus 5 (Jul 24-25),x,2081162876190896134,https://x.com/samsantosb/status/2081162876190896134,positive,
Opus 5 (Jul 24-25),x,2081162474296910162,https://x.com/ComeOnCraig5/status/2081162474296910162,negative,price_limits
Opus 5 (Jul 24-25),x,2081162458837000283,https://x.com/TheWPGuy/status/2081162458837000283,negative,style
Opus 5 (Jul 24-25),x,2080879667909623907,https://x.com/play_wallst/status/2080879667909623907,positive,
Opus 5 (Jul 24-25),x,2081043993752719438,https://x.com/antpalkin/status/2081043993752719438,positive,
Opus 5 (Jul 24-25),x,2080805422785519636,https://x.com/adamdotnew/status/2080805422785519636,positive,
Opus 5 (Jul 24-25),x,2080987847419392502,https://x.com/savipww/status/2080987847419392502,neutral,
Opus 5 (Jul 24-25),x,2080954930232209775,https://x.com/ns123abc/status/2080954930232209775,irrelevant,
Opus 5 (Jul 24-25),x,2081038165331284444,https://x.com/Ubermenscchh/status/2081038165331284444,positive,
Opus 5 (Jul 24-25),x,2081109535079440613,https://x.com/pulmencr/status/2081109535079440613,positive,
Opus 5 (Jul 24-25),x,2080998099804106788,https://x.com/jxmnop/status/2080998099804106788,neutral,
Opus 5 (Jul 24-25),x,2080862607125447140,https://x.com/cheaf25master/status/2080862607125447140,positive,
Opus 5 (Jul 24-25),x,2080806399794163798,https://x.com/jerhadf/status/2080806399794163798,neutral,
Opus 5 (Jul 24-25),x,2080996033819983955,https://x.com/d4m1n/status/2080996033819983955,neutral,
Opus 5 (Jul 24-25),x,2081122320941252823,https://x.com/PromptLLM/status/2081122320941252823,positive,
Opus 5 (Jul 24-25),x,2081121793750741471,https://x.com/zeuuss_01/status/2081121793750741471,positive,
Opus 5 (Jul 24-25),x,2080885399740899531,https://x.com/aj_dev_smith/status/2080885399740899531,positive,
Opus 5 (Jul 24-25),x,2081013397009715262,https://x.com/zodchiii/status/2081013397009715262,irrelevant,
Opus 5 (Jul 24-25),x,2080949301405155781,https://x.com/viktoroddy/status/2080949301405155781,positive,
Opus 5 (Jul 24-25),x,2081103577590718865,https://x.com/majidmanzarpour/status/2081103577590718865,positive,
Opus 5 (Jul 24-25),x,2080900810066772317,https://x.com/snwy_me/status/2080900810066772317,negative,style
Opus 5 (Jul 24-25),x,2080823426261115075,https://x.com/kunchenguid/status/2080823426261115075,positive,
Opus 5 (Jul 24-25),x,2080786711861407883,https://x.com/quietnning/status/2080786711861407883,negative,quality
Opus 5 (Jul 24-25),x,2080743129230262578,https://x.com/nicochristie/status/2080743129230262578,positive,
Opus 5 (Jul 24-25),x,2080788252425150535,https://x.com/chhddavid/status/2080788252425150535,positive,
Opus 5 (Jul 24-25),x,2080703243722854516,https://x.com/ClaudeDevs/status/2080703243722854516,irrelevant,
Opus 5 (Jul 24-25),x,2080782804435251373,https://x.com/elder_plinius/status/2080782804435251373,irrelevant,
Opus 5 (Jul 24-25),x,2080716195875975323,https://x.com/scaling01/status/2080716195875975323,positive,
Opus 5 (Jul 24-25),x,2080783750456311836,https://x.com/cl571128/status/2080783750456311836,neutral,
Opus 5 (Jul 24-25),x,2080713231937552394,https://x.com/emollick/status/2080713231937552394,positive,
Opus 5 (Jul 24-25),x,2080713190829105425,https://x.com/Polymarket/status/2080713190829105425,irrelevant,
Opus 5 (Jul 24-25),x,2080700020794556497,https://x.com/cgtwts/status/2080700020794556497,irrelevant,
Opus 5 (Jul 24-25),x,2080702411589423534,https://x.com/WhaleInsider/status/2080702411589423534,irrelevant,
Opus 5 (Jul 24-25),x,2080701743097344427,https://x.com/edis0n_zhang/status/2080701743097344427,neutral,
Opus 5 (Jul 24-25),x,2080705964228157880,https://x.com/Saboo_Shubham_/status/2080705964228157880,positive,
Opus 5 (Jul 24-25),x,2080712168056717737,https://x.com/unusual_whales/status/2080712168056717737,irrelevant,
Opus 5 (Jul 24-25),x,2080710337196675500,https://x.com/mweinbach/status/2080710337196675500,positive,
Opus 5 (Jul 24-25),x,2080771726254743571,https://x.com/aipulseda1ly/status/2080771726254743571,positive,
Opus 5 (Jul 24-25),x,2080777215348724147,https://x.com/betomoedano/status/2080777215348724147,positive,
Opus 5 (Jul 24-25),x,2080740121398120655,https://x.com/LLMJunky/status/2080740121398120655,positive,
Opus 5 (Jul 24-25),x,2080727000004878593,https://x.com/andrew_n_carr/status/2080727000004878593,positive,
Opus 5 (Jul 24-25),x,2080703339306913985,https://x.com/trq212/status/2080703339306913985,positive,
Opus 5 (Jul 24-25),x,2080802647012204982,https://x.com/EricDoriean/status/2080802647012204982,positive,
Opus 5 (Jul 24-25),x,2080802457261932869,https://x.com/himbodhisattva/status/2080802457261932869,irrelevant,
Opus 5 (Jul 24-25),x,2080802249954283774,https://x.com/LJMBAU/status/2080802249954283774,positive,
Opus 5 (Jul 24-25),x,2080802192353579033,https://x.com/heelvinho/status/2080802192353579033,positive,
Opus 5 (Jul 24-25),x,2080802065912156299,https://x.com/Stickly1969/status/2080802065912156299,irrelevant,
Opus 5 (Jul 24-25),x,2080801671131623468,https://x.com/MrMirolim/status/2080801671131623468,positive,
Opus 5 (Jul 24-25),x,2080801547915538710,https://x.com/Eddie_Catflap/status/2080801547915538710,positive,
Opus 5 (Jul 24-25),x,2080801404113854677,https://x.com/VIGIIQChanel/status/2080801404113854677,positive,
Opus 5 (Jul 24-25),x,2080801212056658174,https://x.com/tryharness/status/2080801212056658174,irrelevant,
Opus 5 (Jul 24-25),x,2080801011921527249,https://x.com/clawdreyai/status/2080801011921527249,positive,
Opus 5 (Jul 24-25),x,2080800836125679650,https://x.com/theteknosaur/status/2080800836125679650,positive,
Opus 5 (Jul 24-25),x,2080800739832537361,https://x.com/jphme/status/2080800739832537361,negative,safeguards
Opus 5 (Jul 24-25),x,2080800725295092063,https://x.com/darasoba/status/2080800725295092063,positive,
Opus 5 (Jul 24-25),x,2080800344141959400,https://x.com/nickleginza/status/2080800344141959400,irrelevant,
Opus 5 (Jul 24-25),x,2080800289649799452,https://x.com/ajmal_jalal26/status/2080800289649799452,neutral,
Opus 5 (Jul 24-25),x,2080800277284753807,https://x.com/DreggNet/status/2080800277284753807,irrelevant,
Opus 5 (Jul 24-25),x,2080800021411467759,https://x.com/0x0SojalSec/status/2080800021411467759,irrelevant,
Opus 5 (Jul 24-25),x,2080799947126149587,https://x.com/tokifyi/status/2080799947126149587,irrelevant,
Opus 5 (Jul 24-25),x,2080799890456920366,https://x.com/DanielleFong/status/2080799890456920366,negative,style
Opus 5 (Jul 24-25),x,2080799608675135728,https://x.com/kromem2dot0/status/2080799608675135728,negative,style
Opus 5 (Jul 24-25),x,2081161404963246351,https://x.com/Michael_WCD/status/2081161404963246351,neutral,
Opus 5 (Jul 24-25),x,2081160970727031091,https://x.com/jacoblabsai/status/2081160970727031091,positive,
Opus 5 (Jul 24-25),x,2081159829138092272,https://x.com/BaseStates/status/2081159829138092272,irrelevant,
Opus 5 (Jul 24-25),x,2081159700633313760,https://x.com/adamlyttleapps/status/2081159700633313760,negative,style
Opus 5 (Jul 24-25),x,2081159514246525277,https://x.com/johnennis/status/2081159514246525277,positive,
Opus 5 (Jul 24-25),x,2081159459993239644,https://x.com/luckeyfaraday/status/2081159459993239644,neutral,
Opus 5 (Jul 24-25),x,2081159240815722721,https://x.com/ThinkingBone/status/2081159240815722721,negative,quality
Opus 5 (Jul 24-25),x,2081159103930339381,https://x.com/ashen_one/status/2081159103930339381,negative,quality
Opus 5 (Jul 24-25),x,2081158956584505481,https://x.com/mishushakov/status/2081158956584505481,positive,
Opus 5 (Jul 24-25),x,2081158715487432810,https://x.com/intheworldofai/status/2081158715487432810,positive,
Opus 5 (Jul 24-25),x,2081158703344976102,https://x.com/CreativeSkyAI/status/2081158703344976102,positive,
Opus 5 (Jul 24-25),x,2081158308841316794,https://x.com/Sauers_/status/2081158308841316794,negative,quality
Opus 5 (Jul 24-25),x,2081158304076579094,https://x.com/emax/status/2081158304076579094,positive,
Opus 5 (Jul 24-25),x,2081157031394672886,https://x.com/zoomkins232/status/2081157031394672886,irrelevant,
Opus 5 (Jul 24-25),x,2081156962960789761,https://x.com/willisdeving/status/2081156962960789761,positive,
Opus 5 (Jul 24-25),x,2081156638476767585,https://x.com/jahooma/status/2081156638476767585,positive,
Opus 5 (Jul 24-25),x,2081156466376110528,https://x.com/joseph_duerden/status/2081156466376110528,positive,
Opus 5 (Jul 24-25),x,2081156289988833358,https://x.com/RoundtableSpace/status/2081156289988833358,irrelevant,
Opus 5 (Jul 24-25),x,2081155498368290863,https://x.com/arjaythedev/status/2081155498368290863,negative,quality
Opus 5 (Jul 24-25),x,2081066587365203992,https://x.com/amihai/status/2081066587365203992,positive,
Opus 5 (Jul 24-25),x,2081108585455710293,https://x.com/melvynx/status/2081108585455710293,positive,
Opus 5 (Jul 24-25),x,2081154361661575499,https://x.com/ivanainai/status/2081154361661575499,positive,
Opus 5 (Jul 24-25),x,2081097803296858411,https://x.com/lydiahallie/status/2081097803296858411,irrelevant,
Opus 5 (Jul 24-25),x,2081073511032869345,https://x.com/PromptLLM/status/2081073511032869345,irrelevant,
Opus 5 (Jul 24-25),x,2081122382631375082,https://x.com/EXM7777/status/2081122382631375082,positive,
Opus 5 (Jul 24-25),x,2080927440843530243,https://x.com/IBuzovskyi/status/2080927440843530243,positive,
Opus 5 (Jul 24-25),x,2081034000605347840,https://x.com/minchoi/status/2081034000605347840,positive,
Opus 5 (Jul 24-25),x,2081016368200110135,https://x.com/newincreative/status/2081016368200110135,positive,
Opus 5 (Jul 24-25),x,2080958139005059419,https://x.com/sytelus/status/2080958139005059419,positive,
Opus 5 (Jul 24-25),x,2081030853379924325,https://x.com/scottstts/status/2081030853379924325,positive,
Opus 5 (Jul 24-25),x,2081091975374074054,https://x.com/Rubzem/status/2081091975374074054,positive,
Opus 5 (Jul 24-25),x,2081128019494617378,https://x.com/davidmokos_/status/2081128019494617378,positive,
Opus 5 (Jul 24-25),x,2080926863153602835,https://x.com/LexnLin/status/2080926863153602835,irrelevant,
Opus 5 (Jul 24-25),x,2081056595555868752,https://x.com/daniel_mac8/status/2081056595555868752,positive,
Opus 5 (Jul 24-25),x,2080965454860882006,https://x.com/TheAIColony/status/2080965454860882006,irrelevant,
Opus 5 (Jul 24-25),x,2081125298050060694,https://x.com/kunchenguid/status/2081125298050060694,negative,quality
Opus 5 (Jul 24-25),x,2081037920945770690,https://x.com/mweinbach/status/2081037920945770690,positive,
Opus 5 (Jul 24-25),x,2080799536516325853,https://x.com/lumeroute/status/2080799536516325853,irrelevant,
Opus 5 (Jul 24-25),x,2080799456836878826,https://x.com/simonhamp/status/2080799456836878826,negative,quality
Opus 5 (Jul 24-25),x,2080799337614061772,https://x.com/ky__zo/status/2080799337614061772,neutral,
Opus 5 (Jul 24-25),x,2080799306898964863,https://x.com/faqirfaramarz/status/2080799306898964863,irrelevant,
Opus 5 (Jul 24-25),x,2080799090997334265,https://x.com/VulcanBench/status/2080799090997334265,neutral,
Opus 5 (Jul 24-25),x,2080798939125887443,https://x.com/JohnKSteidley/status/2080798939125887443,neutral,
Opus 5 (Jul 24-25),x,2080798937255186580,https://x.com/BrownPome/status/2080798937255186580,neutral,
Opus 5 (Jul 24-25),x,2080798502041309587,https://x.com/DaveShapi/status/2080798502041309587,negative,quality
Opus 5 (Jul 24-25),x,2080798448832434307,https://x.com/treypicou/status/2080798448832434307,irrelevant,
Opus 5 (Jul 24-25),x,2080798405622747578,https://x.com/EricBuess/status/2080798405622747578,positive,
Opus 5 (Jul 24-25),x,2080798402640486572,https://x.com/AnAcctOfAllTime/status/2080798402640486572,negative,style
Opus 5 (Jul 24-25),x,2080798261053657437,https://x.com/darkosubotica/status/2080798261053657437,irrelevant,
Opus 5 (Jul 24-25),x,2080798119684387187,https://x.com/mattshumer_/status/2080798119684387187,negative,quality
Opus 5 (Jul 24-25),x,2080797893443608688,https://x.com/filligerr/status/2080797893443608688,positive,
Opus 5 (Jul 24-25),x,2080797808337322206,https://x.com/marvinvonhagen/status/2080797808337322206,negative,other
Opus 5 (Jul 24-25),x,2080797705970798841,https://x.com/petergostev/status/2080797705970798841,irrelevant,
Opus 5 (Jul 24-25),x,2080797704993566923,https://x.com/kirodotdev/status/2080797704993566923,positive,
Opus 5 (Jul 24-25),x,2080797625486594220,https://x.com/spicey_lemonade/status/2080797625486594220,neutral,
Opus 5 (Jul 24-25),x,2080760629653102958,https://x.com/atomic_chat_hq/status/2080760629653102958,positive,
Opus 5 (Jul 24-25),x,2080788848867787093,https://x.com/chooi_jeq/status/2080788848867787093,positive,
Opus 5 (Jul 24-25),x,2080714470175674783,https://x.com/alex_prompter/status/2080714470175674783,irrelevant,
Opus 5 (Jul 24-25),x,2080739261909762364,https://x.com/alex_erm/status/2080739261909762364,positive,
Opus 5 (Jul 24-25),x,2080700057892815114,https://x.com/danshipper/status/2080700057892815114,negative,quality
Opus 5 (Jul 24-25),x,2080776301573497153,https://x.com/mattshumer_/status/2080776301573497153,positive,
Opus 5 (Jul 24-25),x,2080730681483931868,https://x.com/chetaslua/status/2080730681483931868,positive,
Opus 5 (Jul 24-25),x,2080706219849961713,https://x.com/AlexFinn/status/2080706219849961713,positive,
Opus 5 (Jul 24-25),x,2080716307540873573,https://x.com/rom1trs/status/2080716307540873573,irrelevant,
Opus 5 (Jul 24-25),x,2080760984290120049,https://x.com/bridgemindai/status/2080760984290120049,positive,
Opus 5 (Jul 24-25),x,2080709572675641539,https://x.com/Tanjim38/status/2080709572675641539,positive,
Opus 5 (Jul 24-25),x,2080534915494645997,https://x.com/chetaslua/status/2080534915494645997,positive,
Opus 5 (Jul 24-25),x,2080748950730993791,https://x.com/hey_zilla/status/2080748950730993791,positive,
Opus 5 (Jul 24-25),x,2080707593115516985,https://x.com/_catwu/status/2080707593115516985,positive,
Opus 5 (Jul 24-25),x,2080428052786639262,https://x.com/joseph_duerden/status/2080428052786639262,irrelevant,
Opus 5 (Jul 24-25),x,2080709278441033746,https://x.com/emollick/status/2080709278441033746,neutral,
Opus 5 (Jul 24-25),x,2080705868518056235,https://x.com/ClaudeCodeLog/status/2080705868518056235,irrelevant,
Opus 5 (Jul 24-25),x,2081152842501345337,https://x.com/lastusername123/status/2081152842501345337,neutral,
Opus 5 (Jul 24-25),x,2081152566155702360,https://x.com/doomdave/status/2081152566155702360,positive,
Opus 5 (Jul 24-25),x,2081151998146048310,https://x.com/oraphaelmoura/status/2081151998146048310,positive,
Opus 5 (Jul 24-25),x,2081151936771117282,https://x.com/ramez/status/2081151936771117282,negative,quality
Opus 5 (Jul 24-25),x,2081151432170811506,https://x.com/YuBWeqmF/status/2081151432170811506,negative,quality
Opus 5 (Jul 24-25),x,2081150797652353153,https://x.com/EasusJ/status/2081150797652353153,positive,
Opus 5 (Jul 24-25),x,2081149964978417778,https://x.com/alex_peys/status/2081149964978417778,negative,style
Opus 5 (Jul 24-25),x,2081149715677434045,https://x.com/QCXINT_/status/2081149715677434045,positive,
Opus 5 (Jul 24-25),x,2081149072468025844,https://x.com/johnny_xx/status/2081149072468025844,negative,quality
Opus 5 (Jul 24-25),x,2081149026456781137,https://x.com/MrAhmadAwais/status/2081149026456781137,positive,
Opus 5 (Jul 24-25),x,2081148362695315803,https://x.com/a_cuniculturist/status/2081148362695315803,negative,safeguards
Opus 5 (Jul 24-25),x,2081148108344607156,https://x.com/NoCoSaL/status/2081148108344607156,negative,quality
Opus 5 (Jul 24-25),x,2081147991881339380,https://x.com/noself86/status/2081147991881339380,irrelevant,
Opus 5 (Jul 24-25),x,2081147849115578519,https://x.com/kkiran/status/2081147849115578519,positive,
Opus 5 (Jul 24-25),x,2081147833831342555,https://x.com/triston_armstr/status/2081147833831342555,positive,
Opus 5 (Jul 24-25),x,2080797449237467483,https://x.com/anilevci_/status/2080797449237467483,negative,quality
Opus 5 (Jul 24-25),x,2080797433378861422,https://x.com/anilevci_/status/2080797433378861422,negative,quality
Opus 5 (Jul 24-25),x,2080797278244348315,https://x.com/chooi_jeq/status/2080797278244348315,positive,
Opus 5 (Jul 24-25),x,2080797247566995782,https://x.com/JaronBragg/status/2080797247566995782,neutral,
Opus 5 (Jul 24-25),x,2080796955408465961,https://x.com/lastusername123/status/2080796955408465961,negative,quality
Opus 5 (Jul 24-25),x,2080796709693555086,https://x.com/PeteCapeCod/status/2080796709693555086,positive,
Opus 5 (Jul 24-25),x,2080796496476152294,https://x.com/MeFallacy/status/2080796496476152294,positive,
Opus 5 (Jul 24-25),x,2080796191995158676,https://x.com/ZetaChain/status/2080796191995158676,irrelevant,
Opus 5 (Jul 24-25),x,2080796160399229044,https://x.com/an_engineer_log/status/2080796160399229044,negative,quality
Opus 5 (Jul 24-25),x,2080795935022670249,https://x.com/KayaHickin/status/2080795935022670249,irrelevant,
Opus 5 (Jul 24-25),x,2080795915300786443,https://x.com/ghayman/status/2080795915300786443,irrelevant,
Opus 5 (Jul 24-25),x,2080795828663226530,https://x.com/themaxyang/status/2080795828663226530,irrelevant,
Opus 5 (Jul 24-25),x,2080795748678111669,https://x.com/femisapien_z/status/2080795748678111669,irrelevant,
Opus 5 (Jul 24-25),x,2080795746698432693,https://x.com/aravpatel_/status/2080795746698432693,negative,other
Opus 5 (Jul 24-25),x,2080795728532684937,https://x.com/corbin_braun/status/2080795728532684937,positive,
Opus 5 (Jul 24-25),x,2080795244606390675,https://x.com/WiseSam_/status/2080795244606390675,negative,price_limits
Opus 5 (Jul 24-25),x,2080795081661948146,https://x.com/quantian1/status/2080795081661948146,irrelevant,
Opus 5 (Jul 24-25),x,2080795001441615958,https://x.com/s_7ps/status/2080795001441615958,positive,
Opus 5 (Jul 24-25),x,2080794954272854234,https://x.com/ramez/status/2080794954272854234,irrelevant,
Opus 5 (Jul 24-25),x,2080755837342257284,https://x.com/milesnash_/status/2080755837342257284,negative,quality
Opus 5 (Jul 24-25),x,2080699504576045299,https://x.com/claudeai/status/2080699504576045299,positive,
Opus 5 (Jul 24-25),x,2080726377825706342,https://x.com/ns123abc/status/2080726377825706342,positive,
Opus 5 (Jul 24-25),x,2080728255917670637,https://x.com/0xIlyy/status/2080728255917670637,negative,safeguards
Opus 5 (Jul 24-25),x,2080751975579132152,https://x.com/PromptLLM/status/2080751975579132152,irrelevant,
Opus 5 (Jul 24-25),x,2080712740965106121,https://x.com/cheatyyyy/status/2080712740965106121,irrelevant,
Opus 5 (Jul 24-25),x,2080699508401328462,https://x.com/claudeai/status/2080699508401328462,positive,
Opus 5 (Jul 24-25),x,2080713091688583312,https://x.com/bcherny/status/2080713091688583312,positive,
Opus 5 (Jul 24-25),x,2080533594523537650,https://x.com/TimJayas/status/2080533594523537650,positive,
Opus 5 (Jul 24-25),x,2080704475472224321,https://x.com/ashen_one/status/2080704475472224321,positive,
Opus 5 (Jul 24-25),x,2080731979528679617,https://x.com/alexalbert__/status/2080731979528679617,positive,
Opus 5 (Jul 24-25),x,2080699500943790198,https://x.com/claudeai/status/2080699500943790198,positive,
Opus 5 (Jul 24-25),x,2080709519424766199,https://x.com/kimmonismus/status/2080709519424766199,positive,
Opus 5 (Jul 24-25),x,2080711663888507163,https://x.com/yahyavision/status/2080711663888507163,positive,
Opus 5 (Jul 24-25),x,2080725318579446127,https://x.com/DimitrisPapail/status/2080725318579446127,irrelevant,
Opus 5 (Jul 24-25),x,2080697793023483928,https://x.com/cheatyyyy/status/2080697793023483928,negative,safeguards
Opus 5 (Jul 24-25),x,2080707141955203521,https://x.com/cto_junior/status/2080707141955203521,positive,
Opus 5 (Jul 24-25),x,2081135228655919382,https://x.com/RoundtableSpace/status/2081135228655919382,positive,
Opus 5 (Jul 24-25),x,2080960318889422930,https://x.com/soboozie/status/2080960318889422930,positive,
Opus 5 (Jul 24-25),x,2081060018053369942,https://x.com/SammmAing/status/2081060018053369942,positive,
Opus 5 (Jul 24-25),x,2080936446689714622,https://x.com/SakshiSugandhi/status/2080936446689714622,positive,
Opus 5 (Jul 24-25),x,2081048808465604858,https://x.com/rimtoln/status/2081048808465604858,positive,
Opus 5 (Jul 24-25),x,2081027944303263852,https://x.com/RoundtableSpace/status/2081027944303263852,irrelevant,
Opus 5 (Jul 24-25),x,2081092063131586694,https://x.com/isofunds/status/2081092063131586694,positive,
Opus 5.5 (Sep 22-23),hacker_news,49825825,https://news.ycombinator.com/item?id=49825825,positive,
Opus 5.5 (Sep 22-23),hacker_news,49825355,https://news.ycombinator.com/item?id=49825355,negative,safeguards
Opus 5.5 (Sep 22-23),hacker_news,49825304,https://news.ycombinator.com/item?id=49825304,neutral,
Opus 5.5 (Sep 22-23),hacker_news,49824578,https://news.ycombinator.com/item?id=49824578,irrelevant,
Opus 5.5 (Sep 22-23),hacker_news,49824517,https://news.ycombinator.com/item?id=49824517,positive,
Opus 5.5 (Sep 22-23),hacker_news,49824471,https://news.ycombinator.com/item?id=49824471,irrelevant,
Opus 5.5 (Sep 22-23),hacker_news,49823646,https://news.ycombinator.com/item?id=49823646,negative,style
Opus 5.5 (Sep 22-23),hacker_news,49823633,https://news.ycombinator.com/item?id=49823633,positive,
Opus 5.5 (Sep 22-23),hacker_news,49823517,https://news.ycombinator.com/item?id=49823517,irrelevant,
Opus 5.5 (Sep 22-23),hacker_news,49823325,https://news.ycombinator.com/item?id=49823325,positive,
Opus 5.5 (Sep 22-23),hacker_news,49823138,https://news.ycombinator.com/item?id=49823138,irrelevant,
Opus 5.5 (Sep 22-23),hacker_news,49823070,https://news.ycombinator.com/item?id=49823070,irrelevant,
Opus 5.5 (Sep 22-23),hacker_news,49822623,https://news.ycombinator.com/item?id=49822623,positive,
Opus 5.5 (Sep 22-23),hacker_news,49822459,https://news.ycombinator.com/item?id=49822459,negative,safeguards
Opus 5.5 (Sep 22-23),hacker_news,49821829,https://news.ycombinator.com/item?id=49821829,negative,safeguards
Opus 5.5 (Sep 22-23),hacker_news,49821816,https://news.ycombinator.com/item?id=49821816,neutral,
Opus 5.5 (Sep 22-23),hacker_news,49821792,https://news.ycombinator.com/item?id=49821792,negative,style
Opus 5.5 (Sep 22-23),hacker_news,49821786,https://news.ycombinator.com/item?id=49821786,negative,price_limits
Opus 5.5 (Sep 22-23),hacker_news,49821774,https://news.ycombinator.com/item?id=49821774,positive,
Opus 5.5 (Sep 22-23),hacker_news,49821727,https://news.ycombinator.com/item?id=49821727,positive,
Opus 5.5 (Sep 22-23),hacker_news,49821657,https://news.ycombinator.com/item?id=49821657,negative,safeguards
Opus 5.5 (Sep 22-23),hacker_news,49821312,https://news.ycombinator.com/item?id=49821312,positive,
Opus 5.5 (Sep 22-23),hacker_news,49820331,https://news.ycombinator.com/item?id=49820331,positive,
Opus 5.5 (Sep 22-23),hacker_news,49819965,https://news.ycombinator.com/item?id=49819965,negative,quality
Opus 5.5 (Sep 22-23),hacker_news,49819834,https://news.ycombinator.com/item?id=49819834,positive,
Opus 5.5 (Sep 22-23),hacker_news,49818308,https://news.ycombinator.com/item?id=49818308,positive,
Opus 5.5 (Sep 22-23),hacker_news,49817871,https://news.ycombinator.com/item?id=49817871,negative,quality
Opus 5.5 (Sep 22-23),hacker_news,49817419,https://news.ycombinator.com/item?id=49817419,irrelevant,
Opus 5.5 (Sep 22-23),hacker_news,49817302,https://news.ycombinator.com/item?id=49817302,neutral,
Opus 5.5 (Sep 22-23),hacker_news,49817281,https://news.ycombinator.com/item?id=49817281,neutral,
Opus 5.5 (Sep 22-23),hacker_news,49817220,https://news.ycombinator.com/item?id=49817220,irrelevant,
Opus 5.5 (Sep 22-23),hacker_news,49817185,https://news.ycombinator.com/item?id=49817185,positive,
Opus 5.5 (Sep 22-23),hacker_news,49816855,https://news.ycombinator.com/item?id=49816855,irrelevant,
Opus 5.5 (Sep 22-23),hacker_news,49816799,https://news.ycombinator.com/item?id=49816799,neutral,
Opus 5.5 (Sep 22-23),hacker_news,49816280,https://news.ycombinator.com/item?id=49816280,negative,safeguards
Opus 5.5 (Sep 22-23),hacker_news,49816165,https://news.ycombinator.com/item?id=49816165,positive,
Opus 5.5 (Sep 22-23),hacker_news,49815993,https://news.ycombinator.com/item?id=49815993,positive,
Opus 5.5 (Sep 22-23),hacker_news,49815566,https://news.ycombinator.com/item?id=49815566,neutral,
Opus 5.5 (Sep 22-23),hacker_news,49815353,https://news.ycombinator.com/item?id=49815353,irrelevant,
Opus 5.5 (Sep 22-23),hacker_news,49815025,https://news.ycombinator.com/item?id=49815025,negative,quality
Opus 5.5 (Sep 22-23),hacker_news,49814698,https://news.ycombinator.com/item?id=49814698,neutral,
Opus 5.5 (Sep 22-23),hacker_news,49814310,https://news.ycombinator.com/item?id=49814310,positive,
Opus 5.5 (Sep 22-23),hacker_news,49814155,https://news.ycombinator.com/item?id=49814155,positive,
Opus 5.5 (Sep 22-23),hacker_news,49813997,https://news.ycombinator.com/item?id=49813997,irrelevant,
Opus 5.5 (Sep 22-23),hacker_news,49813991,https://news.ycombinator.com/item?id=49813991,positive,
Opus 5.5 (Sep 22-23),hacker_news,49813778,https://news.ycombinator.com/item?id=49813778,negative,price_limits
Opus 5.5 (Sep 22-23),hacker_news,49813618,https://news.ycombinator.com/item?id=49813618,irrelevant,
Opus 5.5 (Sep 22-23),hacker_news,49813474,https://news.ycombinator.com/item?id=49813474,negative,safeguards
Opus 5.5 (Sep 22-23),hacker_news,49813244,https://news.ycombinator.com/item?id=49813244,negative,style
Opus 5.5 (Sep 22-23),hacker_news,49812969,https://news.ycombinator.com/item?id=49812969,neutral,
Opus 5.5 (Sep 22-23),hacker_news,49812887,https://news.ycombinator.com/item?id=49812887,irrelevant,
Opus 5.5 (Sep 22-23),hacker_news,49812870,https://news.ycombinator.com/item?id=49812870,neutral,
Opus 5.5 (Sep 22-23),hacker_news,49812849,https://news.ycombinator.com/item?id=49812849,positive,
Opus 5.5 (Sep 22-23),hacker_news,49812616,https://news.ycombinator.com/item?id=49812616,irrelevant,
Opus 5.5 (Sep 22-23),hacker_news,49812241,https://news.ycombinator.com/item?id=49812241,irrelevant,
Opus 5.5 (Sep 22-23),hacker_news,49812039,https://news.ycombinator.com/item?id=49812039,negative,quality
Opus 5.5 (Sep 22-23),hacker_news,49812002,https://news.ycombinator.com/item?id=49812002,irrelevant,
Opus 5.5 (Sep 22-23),hacker_news,49811371,https://news.ycombinator.com/item?id=49811371,positive,
Opus 5.5 (Sep 22-23),hacker_news,49811279,https://news.ycombinator.com/item?id=49811279,positive,
Opus 5.5 (Sep 22-23),hacker_news,49811193,https://news.ycombinator.com/item?id=49811193,positive,
Opus 5.5 (Sep 22-23),hacker_news,49811128,https://news.ycombinator.com/item?id=49811128,neutral,
Opus 5.5 (Sep 22-23),hacker_news,49811116,https://news.ycombinator.com/item?id=49811116,neutral,
Opus 5.5 (Sep 22-23),hacker_news,49811075,https://news.ycombinator.com/item?id=49811075,neutral,
Opus 5.5 (Sep 22-23),hacker_news,49810948,https://news.ycombinator.com/item?id=49810948,negative,style
Opus 5.5 (Sep 22-23),hacker_news,49810898,https://news.ycombinator.com/item?id=49810898,negative,quality
Opus 5.5 (Sep 22-23),hacker_news,49810853,https://news.ycombinator.com/item?id=49810853,positive,
Opus 5.5 (Sep 22-23),hacker_news,49810521,https://news.ycombinator.com/item?id=49810521,positive,
Opus 5.5 (Sep 22-23),hacker_news,49810484,https://news.ycombinator.com/item?id=49810484,neutral,
Opus 5.5 (Sep 22-23),hacker_news,49810454,https://news.ycombinator.com/item?id=49810454,positive,
Opus 5.5 (Sep 22-23),hacker_news,49810429,https://news.ycombinator.com/item?id=49810429,positive,
Opus 5.5 (Sep 22-23),hacker_news,49810352,https://news.ycombinator.com/item?id=49810352,positive,
Opus 5.5 (Sep 22-23),hacker_news,49810290,https://news.ycombinator.com/item?id=49810290,positive,
Opus 5.5 (Sep 22-23),hacker_news,49809818,https://news.ycombinator.com/item?id=49809818,negative,style
Opus 5.5 (Sep 22-23),hacker_news,49809761,https://news.ycombinator.com/item?id=49809761,positive,
Opus 5.5 (Sep 22-23),hacker_news,49809738,https://news.ycombinator.com/item?id=49809738,positive,
Opus 5.5 (Sep 22-23),hacker_news,49809569,https://news.ycombinator.com/item?id=49809569,negative,safeguards
Opus 5.5 (Sep 22-23),hacker_news,49809555,https://news.ycombinator.com/item?id=49809555,irrelevant,
Opus 5.5 (Sep 22-23),hacker_news,49809531,https://news.ycombinator.com/item?id=49809531,neutral,
Opus 5.5 (Sep 22-23),hacker_news,49809460,https://news.ycombinator.com/item?id=49809460,neutral,
Opus 5.5 (Sep 22-23),hacker_news,49809452,https://news.ycombinator.com/item?id=49809452,irrelevant,
Opus 5.5 (Sep 22-23),hacker_news,49809316,https://news.ycombinator.com/item?id=49809316,irrelevant,
Opus 5.5 (Sep 22-23),hacker_news,49809191,https://news.ycombinator.com/item?id=49809191,positive,
Opus 5.5 (Sep 22-23),hacker_news,49809026,https://news.ycombinator.com/item?id=49809026,positive,
Opus 5.5 (Sep 22-23),hacker_news,49809021,https://news.ycombinator.com/item?id=49809021,positive,
Opus 5.5 (Sep 22-23),hacker_news,49808921,https://news.ycombinator.com/item?id=49808921,irrelevant,
Opus 5.5 (Sep 22-23),hacker_news,49808654,https://news.ycombinator.com/item?id=49808654,irrelevant,
Opus 5.5 (Sep 22-23),hacker_news,49808648,https://news.ycombinator.com/item?id=49808648,positive,
Opus 5.5 (Sep 22-23),hacker_news,49808623,https://news.ycombinator.com/item?id=49808623,positive,
Opus 5.5 (Sep 22-23),hacker_news,49808591,https://news.ycombinator.com/item?id=49808591,negative,safeguards
Opus 5.5 (Sep 22-23),hacker_news,49808477,https://news.ycombinator.com/item?id=49808477,positive,
Opus 5.5 (Sep 22-23),hacker_news,49808429,https://news.ycombinator.com/item?id=49808429,positive,
Opus 5.5 (Sep 22-23),hacker_news,49808287,https://news.ycombinator.com/item?id=49808287,positive,
Opus 5.5 (Sep 22-23),hacker_news,49808245,https://news.ycombinator.com/item?id=49808245,positive,
Opus 5.5 (Sep 22-23),hacker_news,49808135,https://news.ycombinator.com/item?id=49808135,irrelevant,
Opus 5.5 (Sep 22-23),hacker_news,49808061,https://news.ycombinator.com/item?id=49808061,irrelevant,
Opus 5.5 (Sep 22-23),hacker_news,49807724,https://news.ycombinator.com/item?id=49807724,positive,
Opus 5.5 (Sep 22-23),hacker_news,49807666,https://news.ycombinator.com/item?id=49807666,negative,price_limits
Opus 5.5 (Sep 22-23),hacker_news,49807575,https://news.ycombinator.com/item?id=49807575,negative,other
Opus 5.5 (Sep 22-23),hacker_news,49807539,https://news.ycombinator.com/item?id=49807539,negative,other
Opus 5.5 (Sep 22-23),hacker_news,49807536,https://news.ycombinator.com/item?id=49807536,positive,
Opus 5.5 (Sep 22-23),hacker_news,49807462,https://news.ycombinator.com/item?id=49807462,irrelevant,
Opus 5.5 (Sep 22-23),hacker_news,49807453,https://news.ycombinator.com/item?id=49807453,negative,safeguards
Opus 5.5 (Sep 22-23),hacker_news,49807449,https://news.ycombinator.com/item?id=49807449,neutral,
Opus 5.5 (Sep 22-23),hacker_news,49807440,https://news.ycombinator.com/item?id=49807440,irrelevant,
Opus 5.5 (Sep 22-23),hacker_news,49807427,https://news.ycombinator.com/item?id=49807427,irrelevant,
Opus 5.5 (Sep 22-23),hacker_news,49807401,https://news.ycombinator.com/item?id=49807401,negative,style
Opus 5.5 (Sep 22-23),hacker_news,49807089,https://news.ycombinator.com/item?id=49807089,negative,style
Opus 5.5 (Sep 22-23),hacker_news,49806932,https://news.ycombinator.com/item?id=49806932,positive,
Opus 5.5 (Sep 22-23),hacker_news,49806622,https://news.ycombinator.com/item?id=49806622,neutral,
Opus 5.5 (Sep 22-23),hacker_news,49806589,https://news.ycombinator.com/item?id=49806589,irrelevant,
Opus 5.5 (Sep 22-23),hacker_news,49806566,https://news.ycombinator.com/item?id=49806566,irrelevant,
Opus 5.5 (Sep 22-23),hacker_news,49806512,https://news.ycombinator.com/item?id=49806512,positive,
Opus 5.5 (Sep 22-23),hacker_news,49806505,https://news.ycombinator.com/item?id=49806505,positive,
Opus 5.5 (Sep 22-23),hacker_news,49806175,https://news.ycombinator.com/item?id=49806175,positive,
Opus 5.5 (Sep 22-23),hacker_news,49806120,https://news.ycombinator.com/item?id=49806120,negative,safeguards
Opus 5.5 (Sep 22-23),hacker_news,49806026,https://news.ycombinator.com/item?id=49806026,irrelevant,
Opus 5.5 (Sep 22-23),hacker_news,49806001,https://news.ycombinator.com/item?id=49806001,negative,other
Opus 5.5 (Sep 22-23),hacker_news,49805881,https://news.ycombinator.com/item?id=49805881,irrelevant,
Opus 5.5 (Sep 22-23),hacker_news,49805827,https://news.ycombinator.com/item?id=49805827,neutral,
Opus 5.5 (Sep 22-23),hacker_news,49805797,https://news.ycombinator.com/item?id=49805797,neutral,
Opus 5.5 (Sep 22-23),hacker_news,49805737,https://news.ycombinator.com/item?id=49805737,neutral,
Opus 5.5 (Sep 22-23),hacker_news,49805693,https://news.ycombinator.com/item?id=49805693,positive,
Opus 5.5 (Sep 22-23),hacker_news,49805683,https://news.ycombinator.com/item?id=49805683,positive,
Opus 5.5 (Sep 22-23),hacker_news,49805615,https://news.ycombinator.com/item?id=49805615,negative,price_limits
Opus 5.5 (Sep 22-23),hacker_news,49805592,https://news.ycombinator.com/item?id=49805592,neutral,
Opus 5.5 (Sep 22-23),hacker_news,49805569,https://news.ycombinator.com/item?id=49805569,neutral,
Opus 5.5 (Sep 22-23),hacker_news,49805557,https://news.ycombinator.com/item?id=49805557,neutral,
Opus 5.5 (Sep 22-23),hacker_news,49805478,https://news.ycombinator.com/item?id=49805478,neutral,
Opus 5.5 (Sep 22-23),hacker_news,49805459,https://news.ycombinator.com/item?id=49805459,neutral,
Opus 5.5 (Sep 22-23),hacker_news,49805435,https://news.ycombinator.com/item?id=49805435,irrelevant,
Opus 5.5 (Sep 22-23),hacker_news,49805379,https://news.ycombinator.com/item?id=49805379,negative,safeguards
Opus 5.5 (Sep 22-23),hacker_news,49805328,https://news.ycombinator.com/item?id=49805328,negative,other
Opus 5.5 (Sep 22-23),hacker_news,49805292,https://news.ycombinator.com/item?id=49805292,neutral,
Opus 5.5 (Sep 22-23),hacker_news,49805257,https://news.ycombinator.com/item?id=49805257,positive,
Opus 5.5 (Sep 22-23),hacker_news,49805245,https://news.ycombinator.com/item?id=49805245,negative,safeguards
Opus 5.5 (Sep 22-23),hacker_news,49805218,https://news.ycombinator.com/item?id=49805218,neutral,
Opus 5.5 (Sep 22-23),hacker_news,49805193,https://news.ycombinator.com/item?id=49805193,irrelevant,
Opus 5.5 (Sep 22-23),hacker_news,49805157,https://news.ycombinator.com/item?id=49805157,negative,safeguards
Opus 5.5 (Sep 22-23),hacker_news,49805088,https://news.ycombinator.com/item?id=49805088,neutral,
Opus 5.5 (Sep 22-23),hacker_news,49804992,https://news.ycombinator.com/item?id=49804992,irrelevant,
Opus 5.5 (Sep 22-23),hacker_news,49804955,https://news.ycombinator.com/item?id=49804955,negative,style
Opus 5.5 (Sep 22-23),hacker_news,49804948,https://news.ycombinator.com/item?id=49804948,positive,
Opus 5.5 (Sep 22-23),hacker_news,49804947,https://news.ycombinator.com/item?id=49804947,negative,quality
Opus 5.5 (Sep 22-23),hacker_news,49804935,https://news.ycombinator.com/item?id=49804935,negative,style
Opus 5.5 (Sep 22-23),hacker_news,49804884,https://news.ycombinator.com/item?id=49804884,negative,quality
Opus 5.5 (Sep 22-23),hacker_news,49804868,https://news.ycombinator.com/item?id=49804868,irrelevant,
Opus 5.5 (Sep 22-23),hacker_news,49804862,https://news.ycombinator.com/item?id=49804862,negative,price_limits
Opus 5.5 (Sep 22-23),hacker_news,49804832,https://news.ycombinator.com/item?id=49804832,neutral,
Opus 5.5 (Sep 22-23),hacker_news,49804786,https://news.ycombinator.com/item?id=49804786,positive,
Opus 5.5 (Sep 22-23),hacker_news,49804718,https://news.ycombinator.com/item?id=49804718,neutral,
Opus 5.5 (Sep 22-23),hacker_news,49804717,https://news.ycombinator.com/item?id=49804717,neutral,
Opus 5.5 (Sep 22-23),hacker_news,49804675,https://news.ycombinator.com/item?id=49804675,irrelevant,
Opus 5.5 (Sep 22-23),hacker_news,49804648,https://news.ycombinator.com/item?id=49804648,negative,other
Opus 5.5 (Sep 22-23),hacker_news,49804632,https://news.ycombinator.com/item?id=49804632,irrelevant,
Opus 5.5 (Sep 22-23),hacker_news,49804579,https://news.ycombinator.com/item?id=49804579,neutral,
Opus 5.5 (Sep 22-23),hacker_news,49804569,https://news.ycombinator.com/item?id=49804569,irrelevant,
Opus 5.5 (Sep 22-23),hacker_news,49804516,https://news.ycombinator.com/item?id=49804516,irrelevant,
Opus 5.5 (Sep 22-23),hacker_news,49804509,https://news.ycombinator.com/item?id=49804509,neutral,
Opus 5.5 (Sep 22-23),hacker_news,49804506,https://news.ycombinator.com/item?id=49804506,irrelevant,
Opus 5.5 (Sep 22-23),hacker_news,49804450,https://news.ycombinator.com/item?id=49804450,neutral,
Opus 5.5 (Sep 22-23),hacker_news,49804332,https://news.ycombinator.com/item?id=49804332,positive,
Opus 5.5 (Sep 22-23),hacker_news,49804316,https://news.ycombinator.com/item?id=49804316,irrelevant,
Opus 5.5 (Sep 22-23),hacker_news,49804251,https://news.ycombinator.com/item?id=49804251,negative,price_limits
Opus 5.5 (Sep 22-23),hacker_news,49804249,https://news.ycombinator.com/item?id=49804249,negative,safeguards
Opus 5.5 (Sep 22-23),hacker_news,49804224,https://news.ycombinator.com/item?id=49804224,negative,safeguards
Opus 5.5 (Sep 22-23),hacker_news,49804208,https://news.ycombinator.com/item?id=49804208,neutral,
Opus 5.5 (Sep 22-23),hacker_news,49804199,https://news.ycombinator.com/item?id=49804199,irrelevant,
Opus 5.5 (Sep 22-23),hacker_news,49804188,https://news.ycombinator.com/item?id=49804188,neutral,
Opus 5.5 (Sep 22-23),hacker_news,49804181,https://news.ycombinator.com/item?id=49804181,negative,style
Opus 5.5 (Sep 22-23),hacker_news,49804166,https://news.ycombinator.com/item?id=49804166,negative,safeguards
Opus 5.5 (Sep 22-23),hacker_news,49804160,https://news.ycombinator.com/item?id=49804160,neutral,
Opus 5.5 (Sep 22-23),hacker_news,49804157,https://news.ycombinator.com/item?id=49804157,irrelevant,
Opus 5.5 (Sep 22-23),hacker_news,49804122,https://news.ycombinator.com/item?id=49804122,neutral,
Opus 5.5 (Sep 22-23),hacker_news,49804075,https://news.ycombinator.com/item?id=49804075,neutral,
Opus 5.5 (Sep 22-23),hacker_news,49804028,https://news.ycombinator.com/item?id=49804028,positive,
Opus 5.5 (Sep 22-23),hacker_news,49804014,https://news.ycombinator.com/item?id=49804014,negative,other
Opus 5.5 (Sep 22-23),hacker_news,49803995,https://news.ycombinator.com/item?id=49803995,irrelevant,
Opus 5.5 (Sep 22-23),hacker_news,49803951,https://news.ycombinator.com/item?id=49803951,neutral,
Opus 5.5 (Sep 22-23),hacker_news,49803925,https://news.ycombinator.com/item?id=49803925,irrelevant,
Opus 5.5 (Sep 22-23),hacker_news,49803892,https://news.ycombinator.com/item?id=49803892,irrelevant,
Opus 5.5 (Sep 22-23),hacker_news,49803863,https://news.ycombinator.com/item?id=49803863,irrelevant,
Opus 5.5 (Sep 22-23),x,2102910852122968523,https://x.com/RotorDev/status/2102910852122968523,positive,
Opus 5.5 (Sep 22-23),x,2102910834842194326,https://x.com/GrokBotRadar/status/2102910834842194326,neutral,
Opus 5.5 (Sep 22-23),x,2102910830757179871,https://x.com/unsatchmo/status/2102910830757179871,positive,
Opus 5.5 (Sep 22-23),x,2102910800532853087,https://x.com/vivian39_/status/2102910800532853087,positive,
Opus 5.5 (Sep 22-23),x,2102910768567971988,https://x.com/gamedevsam/status/2102910768567971988,positive,
Opus 5.5 (Sep 22-23),x,2102910664100446310,https://x.com/KostCapital/status/2102910664100446310,positive,
Opus 5.5 (Sep 22-23),x,2102910660040438247,https://x.com/gimmei_nyc/status/2102910660040438247,positive,
Opus 5.5 (Sep 22-23),x,2102910625559306392,https://x.com/noahpelentsov/status/2102910625559306392,positive,
Opus 5.5 (Sep 22-23),x,2102910596412850500,https://x.com/fireandvision/status/2102910596412850500,positive,
Opus 5.5 (Sep 22-23),x,2102910556516782524,https://x.com/stmarxx/status/2102910556516782524,positive,
Opus 5.5 (Sep 22-23),x,2102910498329301380,https://x.com/upgradeoptimism/status/2102910498329301380,positive,
Opus 5.5 (Sep 22-23),x,2102910476833169595,https://x.com/shadowbanlife/status/2102910476833169595,negative,quality
Opus 5.5 (Sep 22-23),x,2102910442670788972,https://x.com/monadical/status/2102910442670788972,irrelevant,
Opus 5.5 (Sep 22-23),x,2102910149736419449,https://x.com/noahpelentsov/status/2102910149736419449,positive,
Opus 5.5 (Sep 22-23),x,2102910136943575193,https://x.com/mikeni/status/2102910136943575193,irrelevant,
Opus 5.5 (Sep 22-23),x,2102910130287464501,https://x.com/haoxingdu/status/2102910130287464501,irrelevant,
Opus 5.5 (Sep 22-23),x,2102910089359466809,https://x.com/siamakfr/status/2102910089359466809,positive,
Opus 5.5 (Sep 22-23),x,2102909916793172213,https://x.com/Sonofpeace0001/status/2102909916793172213,neutral,
Opus 5.5 (Sep 22-23),x,2102909913991348428,https://x.com/haoxingdu/status/2102909913991348428,irrelevant,
Opus 5.5 (Sep 22-23),x,2102548479231082989,https://x.com/higgsfield_ai/status/2102548479231082989,positive,
Opus 5.5 (Sep 22-23),x,2102548458292818120,https://x.com/stas_sorokin_/status/2102548458292818120,negative,price_limits
Opus 5.5 (Sep 22-23),x,2102548369185092073,https://x.com/VibeCoder247/status/2102548369185092073,positive,
Opus 5.5 (Sep 22-23),x,2102548354182103248,https://x.com/_eschay/status/2102548354182103248,positive,
Opus 5.5 (Sep 22-23),x,2102548339963335083,https://x.com/croissanthology/status/2102548339963335083,irrelevant,
Opus 5.5 (Sep 22-23),x,2102548324180017468,https://x.com/yihanzhuu/status/2102548324180017468,positive,
Opus 5.5 (Sep 22-23),x,2102548275618591203,https://x.com/permaximum88/status/2102548275618591203,positive,
Opus 5.5 (Sep 22-23),x,2102548252780609597,https://x.com/vanillagirl1999/status/2102548252780609597,positive,
Opus 5.5 (Sep 22-23),x,2102548200876015954,https://x.com/seboliver16/status/2102548200876015954,positive,
Opus 5.5 (Sep 22-23),x,2102548184308539489,https://x.com/FlowAltDelete/status/2102548184308539489,irrelevant,
Opus 5.5 (Sep 22-23),x,2102548183985385513,https://x.com/LLMJunky/status/2102548183985385513,positive,
Opus 5.5 (Sep 22-23),x,2102548180785131573,https://x.com/Primo_Capital/status/2102548180785131573,positive,
Opus 5.5 (Sep 22-23),x,2102548178646016377,https://x.com/AnduArtist/status/2102548178646016377,neutral,
Opus 5.5 (Sep 22-23),x,2102548133393674387,https://x.com/emmanuel_2m/status/2102548133393674387,positive,
Opus 5.5 (Sep 22-23),x,2102548110870482977,https://x.com/LoganLagged/status/2102548110870482977,positive,
Opus 5.5 (Sep 22-23),x,2102548083334599159,https://x.com/francoavalencia/status/2102548083334599159,positive,
Opus 5.5 (Sep 22-23),x,2102548065743753244,https://x.com/brunorock182/status/2102548065743753244,irrelevant,
Opus 5.5 (Sep 22-23),x,2102548045770436685,https://x.com/ChrysNL89/status/2102548045770436685,irrelevant,
Opus 5.5 (Sep 22-23),x,2102548032168263812,https://x.com/banjtheman/status/2102548032168263812,positive,
Opus 5.5 (Sep 22-23),x,2102522227778568696,https://x.com/DaLucasGonzalez/status/2102522227778568696,positive,
Opus 5.5 (Sep 22-23),x,2102513987699212344,https://x.com/lydiahallie/status/2102513987699212344,neutral,
Opus 5.5 (Sep 22-23),x,2102460995381969365,https://x.com/__nmca__/status/2102460995381969365,positive,
Opus 5.5 (Sep 22-23),x,2102435511222890900,https://x.com/claudeai/status/2102435511222890900,irrelevant,
Opus 5.5 (Sep 22-23),x,2102483896835420659,https://x.com/every/status/2102483896835420659,neutral,
Opus 5.5 (Sep 22-23),x,2102438800836489554,https://x.com/ClaudeDevs/status/2102438800836489554,irrelevant,
Opus 5.5 (Sep 22-23),x,2102473356121620896,https://x.com/dabit3/status/2102473356121620896,irrelevant,
Opus 5.5 (Sep 22-23),x,2102463453176979794,https://x.com/edwinarbus/status/2102463453176979794,positive,
Opus 5.5 (Sep 22-23),x,2102447795596898769,https://x.com/SingulCore/status/2102447795596898769,irrelevant,
Opus 5.5 (Sep 22-23),x,2102454904736649263,https://x.com/DataChaz/status/2102454904736649263,irrelevant,
Opus 5.5 (Sep 22-23),x,2102529784131600745,https://x.com/cherry_mx_reds/status/2102529784131600745,positive,
Opus 5.5 (Sep 22-23),x,2102440678282412195,https://x.com/The_Alex/status/2102440678282412195,positive,
Opus 5.5 (Sep 22-23),x,2102492236852195332,https://x.com/daradoescode/status/2102492236852195332,positive,
Opus 5.5 (Sep 22-23),x,2102440695562703247,https://x.com/WhaleInsider/status/2102440695562703247,irrelevant,
Opus 5.5 (Sep 22-23),x,2102518921240965578,https://x.com/cherry_mx_reds/status/2102518921240965578,irrelevant,
Opus 5.5 (Sep 22-23),x,2102438490759983302,https://x.com/lydiahallie/status/2102438490759983302,positive,
Opus 5.5 (Sep 22-23),x,2102512879258009818,https://x.com/AndrewOnXYZ/status/2102512879258009818,positive,
Opus 5.5 (Sep 22-23),x,2102484381655044442,https://x.com/_jensec/status/2102484381655044442,negative,quality
Opus 5.5 (Sep 22-23),x,2102436464323661880,https://x.com/devteamdrew/status/2102436464323661880,irrelevant,
Opus 5.5 (Sep 22-23),x,2102487953302061481,https://x.com/k2sbhai/status/2102487953302061481,irrelevant,
Opus 5.5 (Sep 22-23),x,2102909842352673173,https://x.com/_carlosgonzal/status/2102909842352673173,positive,
Opus 5.5 (Sep 22-23),x,2102909661481480602,https://x.com/DamonBurrow/status/2102909661481480602,neutral,
Opus 5.5 (Sep 22-23),x,2102909639767761038,https://x.com/DavidmComfort/status/2102909639767761038,irrelevant,
Opus 5.5 (Sep 22-23),x,2102909622000750786,https://x.com/RexQuantumAI/status/2102909622000750786,positive,
Opus 5.5 (Sep 22-23),x,2102909590283354281,https://x.com/advaygupta/status/2102909590283354281,positive,
Opus 5.5 (Sep 22-23),x,2102909562676473907,https://x.com/AIMachineDream/status/2102909562676473907,positive,
Opus 5.5 (Sep 22-23),x,2102909468908638271,https://x.com/lekt8_/status/2102909468908638271,positive,
Opus 5.5 (Sep 22-23),x,2102909435031028208,https://x.com/surovale/status/2102909435031028208,positive,
Opus 5.5 (Sep 22-23),x,2102909427515076962,https://x.com/prmartinow/status/2102909427515076962,positive,
Opus 5.5 (Sep 22-23),x,2102909405733757303,https://x.com/thesocialalpha_/status/2102909405733757303,positive,
Opus 5.5 (Sep 22-23),x,2102909337958265114,https://x.com/sirtweetski/status/2102909337958265114,irrelevant,
Opus 5.5 (Sep 22-23),x,2102909284656840744,https://x.com/knowixbuilds/status/2102909284656840744,positive,
Opus 5.5 (Sep 22-23),x,2102909251031093354,https://x.com/BowTiedStack/status/2102909251031093354,irrelevant,
Opus 5.5 (Sep 22-23),x,2102909233385943201,https://x.com/LeeWyattCorp/status/2102909233385943201,positive,
Opus 5.5 (Sep 22-23),x,2102909229850059096,https://x.com/IntuitMachine/status/2102909229850059096,positive,
Opus 5.5 (Sep 22-23),x,2102909144026255727,https://x.com/LeeWyattCorp/status/2102909144026255727,positive,
Opus 5.5 (Sep 22-23),x,2102909046294720608,https://x.com/LeeWyattCorp/status/2102909046294720608,positive,
Opus 5.5 (Sep 22-23),x,2102909030469718109,https://x.com/FeetoOrourke/status/2102909030469718109,neutral,
Opus 5.5 (Sep 22-23),x,2102908998718759230,https://x.com/JakeBoyles/status/2102908998718759230,positive,
Opus 5.5 (Sep 22-23),x,2102908963687948488,https://x.com/mikeydsoftware/status/2102908963687948488,irrelevant,
Opus 5.5 (Sep 22-23),x,2102548031027450204,https://x.com/facundo_fagalde/status/2102548031027450204,irrelevant,
Opus 5.5 (Sep 22-23),x,2102548015747682727,https://x.com/decoded_dev/status/2102548015747682727,negative,quality
Opus 5.5 (Sep 22-23),x,2102547950526423509,https://x.com/kraton0903/status/2102547950526423509,positive,
Opus 5.5 (Sep 22-23),x,2102547950165787071,https://x.com/ThisMightWrk/status/2102547950165787071,positive,
Opus 5.5 (Sep 22-23),x,2102547925893267877,https://x.com/jeremychone/status/2102547925893267877,neutral,
Opus 5.5 (Sep 22-23),x,2102547915218550827,https://x.com/JulesRoussel01/status/2102547915218550827,neutral,
Opus 5.5 (Sep 22-23),x,2102547825074774346,https://x.com/ericshayhoward/status/2102547825074774346,positive,
Opus 5.5 (Sep 22-23),x,2102547809140355250,https://x.com/aimanhasnoname/status/2102547809140355250,positive,
Opus 5.5 (Sep 22-23),x,2102547752005583236,https://x.com/ApkJnr/status/2102547752005583236,positive,
Opus 5.5 (Sep 22-23),x,2102547751599067154,https://x.com/KingBootoshi/status/2102547751599067154,positive,
Opus 5.5 (Sep 22-23),x,2102547743319429290,https://x.com/higgsfield_ai/status/2102547743319429290,irrelevant,
Opus 5.5 (Sep 22-23),x,2102547629896814849,https://x.com/Da7_Tech/status/2102547629896814849,irrelevant,
Opus 5.5 (Sep 22-23),x,2102547613358653489,https://x.com/kethangoparapu0/status/2102547613358653489,negative,other
Opus 5.5 (Sep 22-23),x,2102547600608206853,https://x.com/mweinbach/status/2102547600608206853,positive,
Opus 5.5 (Sep 22-23),x,2102547593234636985,https://x.com/prompter_vm/status/2102547593234636985,positive,
Opus 5.5 (Sep 22-23),x,2102547581876248892,https://x.com/JoeGXu/status/2102547581876248892,irrelevant,
Opus 5.5 (Sep 22-23),x,2102547577145291155,https://x.com/KevinTamura/status/2102547577145291155,positive,
Opus 5.5 (Sep 22-23),x,2102547530210857311,https://x.com/FabianoFirmo/status/2102547530210857311,irrelevant,
Opus 5.5 (Sep 22-23),x,2102547523080708246,https://x.com/CoolAlfie_/status/2102547523080708246,irrelevant,
Opus 5.5 (Sep 22-23),x,2102547471167819821,https://x.com/skarabeyga/status/2102547471167819821,positive,
Opus 5.5 (Sep 22-23),x,2102522023368860103,https://x.com/painn_x/status/2102522023368860103,irrelevant,
Opus 5.5 (Sep 22-23),x,2102724585867161981,https://x.com/immortalhowwl/status/2102724585867161981,irrelevant,
Opus 5.5 (Sep 22-23),x,2102595520858603835,https://x.com/flowith/status/2102595520858603835,irrelevant,
Opus 5.5 (Sep 22-23),x,2102795814355763277,https://x.com/Bhavani_00007/status/2102795814355763277,positive,
Opus 5.5 (Sep 22-23),x,2102699447708700734,https://x.com/0xbobaaa/status/2102699447708700734,positive,
Opus 5.5 (Sep 22-23),x,2102724864205566388,https://x.com/TheHunterBohm/status/2102724864205566388,negative,price_limits
Opus 5.5 (Sep 22-23),x,2102775755646337530,https://x.com/abxxai/status/2102775755646337530,positive,
Opus 5.5 (Sep 22-23),x,2102789774461280370,https://x.com/developedbyed/status/2102789774461280370,irrelevant,
Opus 5.5 (Sep 22-23),x,2102833606666117393,https://x.com/mika_systems/status/2102833606666117393,neutral,
Opus 5.5 (Sep 22-23),x,2102734645825507612,https://x.com/zodchiii/status/2102734645825507612,neutral,
Opus 5.5 (Sep 22-23),x,2102742011346567287,https://x.com/PrashantByte09/status/2102742011346567287,irrelevant,
Opus 5.5 (Sep 22-23),x,2102854430454669767,https://x.com/arena/status/2102854430454669767,irrelevant,
Opus 5.5 (Sep 22-23),x,2102708296637436307,https://x.com/painn_x/status/2102708296637436307,irrelevant,
Opus 5.5 (Sep 22-23),x,2102838124288283008,https://x.com/higgsfield_ai/status/2102838124288283008,irrelevant,
Opus 5.5 (Sep 22-23),x,2102799218154881486,https://x.com/daniel_mac8/status/2102799218154881486,positive,
Opus 5.5 (Sep 22-23),x,2102787445750423959,https://x.com/ladprofit/status/2102787445750423959,positive,
Opus 5.5 (Sep 22-23),x,2102729802708918385,https://x.com/marfinxx/status/2102729802708918385,positive,
Opus 5.5 (Sep 22-23),x,2102678737959485884,https://x.com/developedbyed/status/2102678737959485884,positive,
Opus 5.5 (Sep 22-23),x,2102786378282987591,https://x.com/Aurelien_Gz/status/2102786378282987591,positive,
Opus 5.5 (Sep 22-23),x,2102666619029999989,https://x.com/chhddavid/status/2102666619029999989,positive,
Opus 5.5 (Sep 22-23),x,2102444073030500824,https://x.com/NovaXCode/status/2102444073030500824,positive,
Opus 5.5 (Sep 22-23),x,2102503207364641094,https://x.com/Argona0x/status/2102503207364641094,positive,
Opus 5.5 (Sep 22-23),x,2102474335172640989,https://x.com/coldopn/status/2102474335172640989,negative,price_limits
Opus 5.5 (Sep 22-23),x,2102475904752754923,https://x.com/karankendre/status/2102475904752754923,positive,
Opus 5.5 (Sep 22-23),x,2102498840989540781,https://x.com/mika_systems/status/2102498840989540781,positive,
Opus 5.5 (Sep 22-23),x,2102479904973422670,https://x.com/blueemi99/status/2102479904973422670,positive,
Opus 5.5 (Sep 22-23),x,2102461844132712807,https://x.com/Argona0x/status/2102461844132712807,positive,
Opus 5.5 (Sep 22-23),x,2102469192851083619,https://x.com/borjafat/status/2102469192851083619,neutral,
Opus 5.5 (Sep 22-23),x,2102513817855094922,https://x.com/_MaxBlade/status/2102513817855094922,positive,
Opus 5.5 (Sep 22-23),x,2102440833446539410,https://x.com/alwayspriyesh/status/2102440833446539410,positive,
Opus 5.5 (Sep 22-23),x,2102503027340988559,https://x.com/LCSlates/status/2102503027340988559,neutral,
Opus 5.5 (Sep 22-23),x,2102450119975277027,https://x.com/wesbos/status/2102450119975277027,positive,
Opus 5.5 (Sep 22-23),x,2102489249371259121,https://x.com/Bhavani_00007/status/2102489249371259121,positive,
Opus 5.5 (Sep 22-23),x,2102498589259821559,https://x.com/aollivier82/status/2102498589259821559,neutral,
Opus 5.5 (Sep 22-23),x,2102509524347388002,https://x.com/PostiauxCharles/status/2102509524347388002,positive,
Opus 5.5 (Sep 22-23),x,2102533729746882985,https://x.com/vib3coded/status/2102533729746882985,positive,
Opus 5.5 (Sep 22-23),x,2102527965565448299,https://x.com/EnvolDev/status/2102527965565448299,positive,
Opus 5.5 (Sep 22-23),x,2102454246113202532,https://x.com/Medeo_AI/status/2102454246113202532,irrelevant,
Opus 5.5 (Sep 22-23),x,2102522318559858721,https://x.com/developedbyed/status/2102522318559858721,positive,
Opus 5.5 (Sep 22-23),x,2102908952954724740,https://x.com/Lord_of_Candy/status/2102908952954724740,negative,price_limits
Opus 5.5 (Sep 22-23),x,2102908948575887527,https://x.com/LeeWyattCorp/status/2102908948575887527,positive,
Opus 5.5 (Sep 22-23),x,2102908924001489344,https://x.com/Solzi_Sez/status/2102908924001489344,irrelevant,
Opus 5.5 (Sep 22-23),x,2102908830695002619,https://x.com/jeffreycider/status/2102908830695002619,negative,quality
Opus 5.5 (Sep 22-23),x,2102908759131488627,https://x.com/Antikythera_0/status/2102908759131488627,neutral,
Opus 5.5 (Sep 22-23),x,2102908742518100086,https://x.com/KamStudioLabs/status/2102908742518100086,positive,
Opus 5.5 (Sep 22-23),x,2102908734133674022,https://x.com/mitchazj/status/2102908734133674022,positive,
Opus 5.5 (Sep 22-23),x,2102908725430538602,https://x.com/LeeWyattCorp/status/2102908725430538602,positive,
Opus 5.5 (Sep 22-23),x,2102908708032528488,https://x.com/ylynfatt/status/2102908708032528488,irrelevant,
Opus 5.5 (Sep 22-23),x,2102908671764336988,https://x.com/BretKerr/status/2102908671764336988,irrelevant,
Opus 5.5 (Sep 22-23),x,2102908599206875570,https://x.com/FabianoFirmo/status/2102908599206875570,irrelevant,
Opus 5.5 (Sep 22-23),x,2102908542864757194,https://x.com/b00giZm/status/2102908542864757194,positive,
Opus 5.5 (Sep 22-23),x,2102908488569495921,https://x.com/jan_volad/status/2102908488569495921,positive,
Opus 5.5 (Sep 22-23),x,2102908477886890073,https://x.com/winiam4444/status/2102908477886890073,irrelevant,
Opus 5.5 (Sep 22-23),x,2102908467325399201,https://x.com/imklocked/status/2102908467325399201,irrelevant,
Opus 5.5 (Sep 22-23),x,2102908465220124882,https://x.com/winiam4444/status/2102908465220124882,irrelevant,
Opus 5.5 (Sep 22-23),x,2102908459033522654,https://x.com/AlphonsElric_/status/2102908459033522654,positive,
Opus 5.5 (Sep 22-23),x,2102908454818181272,https://x.com/mattgapp/status/2102908454818181272,positive,
Opus 5.5 (Sep 22-23),x,2102908376426406382,https://x.com/kevinvera/status/2102908376426406382,negative,quality
Opus 5.5 (Sep 22-23),x,2102908358542119236,https://x.com/LeeWyattCorp/status/2102908358542119236,positive,
Opus 5.5 (Sep 22-23),x,2102547413386813444,https://x.com/Pandurevich/status/2102547413386813444,positive,
Opus 5.5 (Sep 22-23),x,2102547389630624198,https://x.com/Jborgwing/status/2102547389630624198,positive,
Opus 5.5 (Sep 22-23),x,2102547375856263644,https://x.com/chrisjdimarco/status/2102547375856263644,positive,
Opus 5.5 (Sep 22-23),x,2102547361633308965,https://x.com/JacqBots/status/2102547361633308965,irrelevant,
Opus 5.5 (Sep 22-23),x,2102547351768621412,https://x.com/Tradesdontlie/status/2102547351768621412,neutral,
Opus 5.5 (Sep 22-23),x,2102547272743751790,https://x.com/kimindiehacker/status/2102547272743751790,irrelevant,
Opus 5.5 (Sep 22-23),x,2102547250371317826,https://x.com/noisemakerjon/status/2102547250371317826,irrelevant,
Opus 5.5 (Sep 22-23),x,2102547241105801469,https://x.com/alexcooldev/status/2102547241105801469,positive,
Opus 5.5 (Sep 22-23),x,2102547164073226269,https://x.com/John95172987954/status/2102547164073226269,irrelevant,
Opus 5.5 (Sep 22-23),x,2102547156775449001,https://x.com/rcpeddada/status/2102547156775449001,positive,
Opus 5.5 (Sep 22-23),x,2102547084394238148,https://x.com/noahpelentsov/status/2102547084394238148,positive,
Opus 5.5 (Sep 22-23),x,2102547055868608896,https://x.com/BadTechBandit/status/2102547055868608896,positive,
Opus 5.5 (Sep 22-23),x,2102547021064216984,https://x.com/python_xi/status/2102547021064216984,positive,
Opus 5.5 (Sep 22-23),x,2102547005453337061,https://x.com/arizeai/status/2102547005453337061,irrelevant,
Opus 5.5 (Sep 22-23),x,2102547002810843415,https://x.com/blaso96/status/2102547002810843415,positive,
Opus 5.5 (Sep 22-23),x,2102546996745719933,https://x.com/John95172987954/status/2102546996745719933,irrelevant,
Opus 5.5 (Sep 22-23),x,2102546962344263884,https://x.com/jeremychone/status/2102546962344263884,neutral,
Opus 5.5 (Sep 22-23),x,2102546955679477906,https://x.com/JulianGoldieSEO/status/2102546955679477906,irrelevant,
Opus 5.5 (Sep 22-23),x,2102546939959210469,https://x.com/ADLXBT/status/2102546939959210469,neutral,
Opus 5.5 (Sep 22-23),x,2102546931243438367,https://x.com/underyx/status/2102546931243438367,positive,
Opus 5.5 (Sep 22-23),x,2102795569005732049,https://x.com/washukumar531/status/2102795569005732049,positive,
Opus 5.5 (Sep 22-23),x,2102802935558103146,https://x.com/lifemaximised/status/2102802935558103146,positive,
Opus 5.5 (Sep 22-23),x,2102862042231439645,https://x.com/miu21590/status/2102862042231439645,irrelevant,
Opus 5.5 (Sep 22-23),x,2102738852674715786,https://x.com/TheZvi/status/2102738852674715786,neutral,
Opus 5.5 (Sep 22-23),x,2102801274173587569,https://x.com/donaldjewkes/status/2102801274173587569,positive,
Opus 5.5 (Sep 22-23),x,2102842378344390720,https://x.com/truth_zeeker/status/2102842378344390720,positive,
Opus 5.5 (Sep 22-23),x,2102813855663763589,https://x.com/lydiahallie/status/2102813855663763589,irrelevant,
Opus 5.5 (Sep 22-23),x,2102811279354409188,https://x.com/connerruhl/status/2102811279354409188,irrelevant,
Opus 5.5 (Sep 22-23),x,2102760783344189761,https://x.com/MengTo/status/2102760783344189761,positive,
Opus 5.5 (Sep 22-23),x,2102746929184788953,https://x.com/itsolelehmann/status/2102746929184788953,positive,
Opus 5.5 (Sep 22-23),x,2102878170089169235,https://x.com/dangreenheck/status/2102878170089169235,positive,
Opus 5.5 (Sep 22-23),x,2102862008467194151,https://x.com/jsnnsa/status/2102862008467194151,positive,
Opus 5.5 (Sep 22-23),x,2102776308388274230,https://x.com/VullnetAdemaj/status/2102776308388274230,positive,
Opus 5.5 (Sep 22-23),x,2102893186330841502,https://x.com/JustinPerea/status/2102893186330841502,positive,
Opus 5.5 (Sep 22-23),x,2102819309080994199,https://x.com/developedbyed/status/2102819309080994199,irrelevant,
Opus 5.5 (Sep 22-23),x,2102672181305958543,https://x.com/PawelHuryn/status/2102672181305958543,neutral,
Opus 5.5 (Sep 22-23),x,2102849753826631942,https://x.com/dom_scholz/status/2102849753826631942,positive,
Opus 5.5 (Sep 22-23),x,2102827288190689364,https://x.com/shribuilds/status/2102827288190689364,positive,
Opus 5.5 (Sep 22-23),x,2102736096438403548,https://x.com/dominikmartn/status/2102736096438403548,neutral,
Opus 5.5 (Sep 22-23),x,2102736942970667253,https://x.com/AnatoliKopadze/status/2102736942970667253,positive,
Opus 5.5 (Sep 22-23),x,2102481848911679989,https://x.com/Tim_LB/status/2102481848911679989,positive,
Opus 5.5 (Sep 22-23),x,2102458212624793680,https://x.com/TheZvi/status/2102458212624793680,neutral,
Opus 5.5 (Sep 22-23),x,2102487879809126834,https://x.com/WoahWurdz/status/2102487879809126834,positive,
Opus 5.5 (Sep 22-23),x,2102437977435893771,https://x.com/kevin_t_ngo/status/2102437977435893771,neutral,
Opus 5.5 (Sep 22-23),x,2102483043252424986,https://x.com/danveloper/status/2102483043252424986,positive,
Opus 5.5 (Sep 22-23),x,2102498682931441977,https://x.com/rege_dev/status/2102498682931441977,positive,
Opus 5.5 (Sep 22-23),x,2102459017175994829,https://x.com/PhedEU/status/2102459017175994829,irrelevant,
Opus 5.5 (Sep 22-23),x,2102539293122035875,https://x.com/emmanuel_2m/status/2102539293122035875,positive,
Opus 5.5 (Sep 22-23),x,2102449545217224915,https://x.com/appllamaio/status/2102449545217224915,positive,
Opus 5.5 (Sep 22-23),x,2102450785972105669,https://x.com/techtasium/status/2102450785972105669,irrelevant,
Opus 5.5 (Sep 22-23),x,2102462024131174785,https://x.com/MotreskuKosta/status/2102462024131174785,positive,
Opus 5.5 (Sep 22-23),x,2102490829306634560,https://x.com/MiaAI_lab/status/2102490829306634560,positive,
Opus 5.5 (Sep 22-23),x,2102491840612380934,https://x.com/ClaudeDevs/status/2102491840612380934,irrelevant,
Opus 5.5 (Sep 22-23),x,2102495989194236158,https://x.com/shfred0/status/2102495989194236158,positive,
Opus 5.5 (Sep 22-23),x,2102447442147086563,https://x.com/mckaywrigley/status/2102447442147086563,positive,
Opus 5.5 (Sep 22-23),x,2102449525944099320,https://x.com/cherry_mx_reds/status/2102449525944099320,positive,
Opus 5.5 (Sep 22-23),x,2102452595654533170,https://x.com/ns123abc/status/2102452595654533170,positive,
Opus 5.5 (Sep 22-23),x,2102483668468195539,https://x.com/MatthewBerman/status/2102483668468195539,neutral,
Opus 5.5 (Sep 22-23),x,2102441102813069539,https://x.com/katelyn_lesse/status/2102441102813069539,positive,
Opus 5.5 (Sep 22-23),x,2102436967636144442,https://x.com/M1Astra/status/2102436967636144442,neutral,
Opus 5.5 (Sep 22-23),x,2102546925908095353,https://x.com/Deeprenuer/status/2102546925908095353,positive,
Opus 5.5 (Sep 22-23),x,2102546910498226203,https://x.com/dsotti/status/2102546910498226203,neutral,
Opus 5.5 (Sep 22-23),x,2102546880005591089,https://x.com/kethangoparapu0/status/2102546880005591089,positive,
Opus 5.5 (Sep 22-23),x,2102546857729900964,https://x.com/AGTPinsights/status/2102546857729900964,irrelevant,
Opus 5.5 (Sep 22-23),x,2102546851643748750,https://x.com/1techutopiapls/status/2102546851643748750,irrelevant,
Opus 5.5 (Sep 22-23),x,2102546823218860334,https://x.com/loktar00/status/2102546823218860334,positive,
Opus 5.5 (Sep 22-23),x,2102546804835602721,https://x.com/meridiansignal_/status/2102546804835602721,negative,price_limits
Opus 5.5 (Sep 22-23),x,2102546780860932569,https://x.com/_unhosted/status/2102546780860932569,positive,
Opus 5.5 (Sep 22-23),x,2102546713319973280,https://x.com/TomJBelfort/status/2102546713319973280,positive,
Opus 5.5 (Sep 22-23),x,2102546695561388481,https://x.com/chrislaupama/status/2102546695561388481,positive,
Opus 5.5 (Sep 22-23),x,2102546667765739828,https://x.com/Detffhted/status/2102546667765739828,positive,
Opus 5.5 (Sep 22-23),x,2102546659309937044,https://x.com/theo/status/2102546659309937044,irrelevant,
Opus 5.5 (Sep 22-23),x,2102546657766449194,https://x.com/AGTPinsights/status/2102546657766449194,irrelevant,
Opus 5.5 (Sep 22-23),x,2102546645988909272,https://x.com/Alf444_/status/2102546645988909272,irrelevant,
Opus 5.5 (Sep 22-23),x,2102546641253478674,https://x.com/aniketjart/status/2102546641253478674,positive,
Opus 5.5 (Sep 22-23),x,2102546637902258594,https://x.com/elgeish/status/2102546637902258594,positive,
Opus 5.5 (Sep 22-23),x,2102546614044840032,https://x.com/GenAIRoblox/status/2102546614044840032,positive,
Opus 5.5 (Sep 22-23),x,2102546606507659437,https://x.com/toolcalls/status/2102546606507659437,positive,
Opus 5.5 (Sep 22-23),x,2102546568159338753,https://x.com/birdwatcher1337/status/2102546568159338753,positive,
Opus 5.5 (Sep 22-23),x,2102546545753415997,https://x.com/WillA5412/status/2102546545753415997,positive,
GPT-5.6 (Jul 9-10),hacker_news,48869106,https://news.ycombinator.com/item?id=48869106,neutral,
GPT-5.6 (Jul 9-10),hacker_news,48868960,https://news.ycombinator.com/item?id=48868960,irrelevant,
GPT-5.6 (Jul 9-10),hacker_news,48868919,https://news.ycombinator.com/item?id=48868919,positive,
GPT-5.6 (Jul 9-10),hacker_news,48868789,https://news.ycombinator.com/item?id=48868789,negative,quality
GPT-5.6 (Jul 9-10),hacker_news,48868209,https://news.ycombinator.com/item?id=48868209,negative,other
GPT-5.6 (Jul 9-10),hacker_news,48868125,https://news.ycombinator.com/item?id=48868125,neutral,
GPT-5.6 (Jul 9-10),hacker_news,48867283,https://news.ycombinator.com/item?id=48867283,negative,price_limits
GPT-5.6 (Jul 9-10),hacker_news,48866711,https://news.ycombinator.com/item?id=48866711,neutral,
GPT-5.6 (Jul 9-10),hacker_news,48866595,https://news.ycombinator.com/item?id=48866595,positive,
GPT-5.6 (Jul 9-10),hacker_news,48866387,https://news.ycombinator.com/item?id=48866387,positive,
GPT-5.6 (Jul 9-10),hacker_news,48865829,https://news.ycombinator.com/item?id=48865829,irrelevant,
GPT-5.6 (Jul 9-10),hacker_news,48865738,https://news.ycombinator.com/item?id=48865738,neutral,
GPT-5.6 (Jul 9-10),hacker_news,48865733,https://news.ycombinator.com/item?id=48865733,irrelevant,
GPT-5.6 (Jul 9-10),hacker_news,48865467,https://news.ycombinator.com/item?id=48865467,positive,
GPT-5.6 (Jul 9-10),hacker_news,48865280,https://news.ycombinator.com/item?id=48865280,positive,
GPT-5.6 (Jul 9-10),hacker_news,48865230,https://news.ycombinator.com/item?id=48865230,negative,quality
GPT-5.6 (Jul 9-10),hacker_news,48865093,https://news.ycombinator.com/item?id=48865093,irrelevant,
GPT-5.6 (Jul 9-10),hacker_news,48864950,https://news.ycombinator.com/item?id=48864950,irrelevant,
GPT-5.6 (Jul 9-10),hacker_news,48864665,https://news.ycombinator.com/item?id=48864665,neutral,
GPT-5.6 (Jul 9-10),hacker_news,48864664,https://news.ycombinator.com/item?id=48864664,irrelevant,
GPT-5.6 (Jul 9-10),hacker_news,48864565,https://news.ycombinator.com/item?id=48864565,irrelevant,
GPT-5.6 (Jul 9-10),hacker_news,48864485,https://news.ycombinator.com/item?id=48864485,neutral,
GPT-5.6 (Jul 9-10),hacker_news,48864448,https://news.ycombinator.com/item?id=48864448,positive,
GPT-5.6 (Jul 9-10),hacker_news,48864214,https://news.ycombinator.com/item?id=48864214,positive,
GPT-5.6 (Jul 9-10),hacker_news,48864077,https://news.ycombinator.com/item?id=48864077,irrelevant,
GPT-5.6 (Jul 9-10),hacker_news,48863997,https://news.ycombinator.com/item?id=48863997,irrelevant,
GPT-5.6 (Jul 9-10),hacker_news,48863513,https://news.ycombinator.com/item?id=48863513,positive,
GPT-5.6 (Jul 9-10),hacker_news,48863495,https://news.ycombinator.com/item?id=48863495,negative,quality
GPT-5.6 (Jul 9-10),hacker_news,48863490,https://news.ycombinator.com/item?id=48863490,irrelevant,
GPT-5.6 (Jul 9-10),hacker_news,48861467,https://news.ycombinator.com/item?id=48861467,irrelevant,
GPT-5.6 (Jul 9-10),hacker_news,48861239,https://news.ycombinator.com/item?id=48861239,negative,price_limits
GPT-5.6 (Jul 9-10),hacker_news,48861093,https://news.ycombinator.com/item?id=48861093,irrelevant,
GPT-5.6 (Jul 9-10),hacker_news,48860879,https://news.ycombinator.com/item?id=48860879,positive,
GPT-5.6 (Jul 9-10),hacker_news,48860175,https://news.ycombinator.com/item?id=48860175,positive,
GPT-5.6 (Jul 9-10),hacker_news,48860060,https://news.ycombinator.com/item?id=48860060,negative,safeguards
GPT-5.6 (Jul 9-10),hacker_news,48859913,https://news.ycombinator.com/item?id=48859913,positive,
GPT-5.6 (Jul 9-10),hacker_news,48859735,https://news.ycombinator.com/item?id=48859735,positive,
GPT-5.6 (Jul 9-10),hacker_news,48859707,https://news.ycombinator.com/item?id=48859707,negative,price_limits
GPT-5.6 (Jul 9-10),hacker_news,48859543,https://news.ycombinator.com/item?id=48859543,negative,quality
GPT-5.6 (Jul 9-10),hacker_news,48858599,https://news.ycombinator.com/item?id=48858599,irrelevant,
GPT-5.6 (Jul 9-10),hacker_news,48858054,https://news.ycombinator.com/item?id=48858054,irrelevant,
GPT-5.6 (Jul 9-10),hacker_news,48858009,https://news.ycombinator.com/item?id=48858009,neutral,
GPT-5.6 (Jul 9-10),hacker_news,48857939,https://news.ycombinator.com/item?id=48857939,irrelevant,
GPT-5.6 (Jul 9-10),hacker_news,48857805,https://news.ycombinator.com/item?id=48857805,irrelevant,
GPT-5.6 (Jul 9-10),hacker_news,48857800,https://news.ycombinator.com/item?id=48857800,negative,style
GPT-5.6 (Jul 9-10),hacker_news,48857738,https://news.ycombinator.com/item?id=48857738,positive,
GPT-5.6 (Jul 9-10),hacker_news,48857510,https://news.ycombinator.com/item?id=48857510,positive,
GPT-5.6 (Jul 9-10),hacker_news,48857458,https://news.ycombinator.com/item?id=48857458,neutral,
GPT-5.6 (Jul 9-10),hacker_news,48857375,https://news.ycombinator.com/item?id=48857375,irrelevant,
GPT-5.6 (Jul 9-10),hacker_news,48857200,https://news.ycombinator.com/item?id=48857200,negative,quality
GPT-5.6 (Jul 9-10),hacker_news,48857155,https://news.ycombinator.com/item?id=48857155,irrelevant,
GPT-5.6 (Jul 9-10),hacker_news,48857152,https://news.ycombinator.com/item?id=48857152,irrelevant,
GPT-5.6 (Jul 9-10),hacker_news,48857039,https://news.ycombinator.com/item?id=48857039,positive,
GPT-5.6 (Jul 9-10),hacker_news,48856922,https://news.ycombinator.com/item?id=48856922,neutral,
GPT-5.6 (Jul 9-10),hacker_news,48856797,https://news.ycombinator.com/item?id=48856797,irrelevant,
GPT-5.6 (Jul 9-10),hacker_news,48856493,https://news.ycombinator.com/item?id=48856493,neutral,
GPT-5.6 (Jul 9-10),hacker_news,48856395,https://news.ycombinator.com/item?id=48856395,positive,
GPT-5.6 (Jul 9-10),hacker_news,48855782,https://news.ycombinator.com/item?id=48855782,irrelevant,
GPT-5.6 (Jul 9-10),hacker_news,48855754,https://news.ycombinator.com/item?id=48855754,positive,
GPT-5.6 (Jul 9-10),hacker_news,48855684,https://news.ycombinator.com/item?id=48855684,positive,
GPT-5.6 (Jul 9-10),hacker_news,48855136,https://news.ycombinator.com/item?id=48855136,positive,
GPT-5.6 (Jul 9-10),hacker_news,48854841,https://news.ycombinator.com/item?id=48854841,negative,price_limits
GPT-5.6 (Jul 9-10),hacker_news,48854817,https://news.ycombinator.com/item?id=48854817,irrelevant,
GPT-5.6 (Jul 9-10),hacker_news,48854505,https://news.ycombinator.com/item?id=48854505,irrelevant,
GPT-5.6 (Jul 9-10),hacker_news,48854300,https://news.ycombinator.com/item?id=48854300,negative,other
GPT-5.6 (Jul 9-10),hacker_news,48854239,https://news.ycombinator.com/item?id=48854239,negative,quality
GPT-5.6 (Jul 9-10),hacker_news,48854071,https://news.ycombinator.com/item?id=48854071,positive,
GPT-5.6 (Jul 9-10),hacker_news,48853838,https://news.ycombinator.com/item?id=48853838,positive,
GPT-5.6 (Jul 9-10),hacker_news,48853684,https://news.ycombinator.com/item?id=48853684,neutral,
GPT-5.6 (Jul 9-10),hacker_news,48853660,https://news.ycombinator.com/item?id=48853660,negative,quality
GPT-5.6 (Jul 9-10),hacker_news,48853636,https://news.ycombinator.com/item?id=48853636,positive,
GPT-5.6 (Jul 9-10),hacker_news,48853634,https://news.ycombinator.com/item?id=48853634,positive,
GPT-5.6 (Jul 9-10),hacker_news,48853033,https://news.ycombinator.com/item?id=48853033,positive,
GPT-5.6 (Jul 9-10),hacker_news,48853018,https://news.ycombinator.com/item?id=48853018,negative,quality
GPT-5.6 (Jul 9-10),hacker_news,48853000,https://news.ycombinator.com/item?id=48853000,neutral,
GPT-5.6 (Jul 9-10),hacker_news,48852894,https://news.ycombinator.com/item?id=48852894,positive,
GPT-5.6 (Jul 9-10),hacker_news,48852764,https://news.ycombinator.com/item?id=48852764,positive,
GPT-5.6 (Jul 9-10),hacker_news,48852663,https://news.ycombinator.com/item?id=48852663,positive,
GPT-5.6 (Jul 9-10),hacker_news,48852418,https://news.ycombinator.com/item?id=48852418,irrelevant,
GPT-5.6 (Jul 9-10),hacker_news,48852268,https://news.ycombinator.com/item?id=48852268,negative,other
GPT-5.6 (Jul 9-10),hacker_news,48852184,https://news.ycombinator.com/item?id=48852184,irrelevant,
GPT-5.6 (Jul 9-10),hacker_news,48852010,https://news.ycombinator.com/item?id=48852010,irrelevant,
GPT-5.6 (Jul 9-10),hacker_news,48851829,https://news.ycombinator.com/item?id=48851829,negative,other
GPT-5.6 (Jul 9-10),hacker_news,48851567,https://news.ycombinator.com/item?id=48851567,negative,quality
GPT-5.6 (Jul 9-10),hacker_news,48851539,https://news.ycombinator.com/item?id=48851539,irrelevant,
GPT-5.6 (Jul 9-10),hacker_news,48851362,https://news.ycombinator.com/item?id=48851362,neutral,
GPT-5.6 (Jul 9-10),hacker_news,48851321,https://news.ycombinator.com/item?id=48851321,negative,quality
GPT-5.6 (Jul 9-10),hacker_news,48851208,https://news.ycombinator.com/item?id=48851208,irrelevant,
GPT-5.6 (Jul 9-10),hacker_news,48851157,https://news.ycombinator.com/item?id=48851157,positive,
GPT-5.6 (Jul 9-10),hacker_news,48851154,https://news.ycombinator.com/item?id=48851154,neutral,
GPT-5.6 (Jul 9-10),hacker_news,48851144,https://news.ycombinator.com/item?id=48851144,negative,other
GPT-5.6 (Jul 9-10),hacker_news,48851134,https://news.ycombinator.com/item?id=48851134,positive,
GPT-5.6 (Jul 9-10),hacker_news,48851079,https://news.ycombinator.com/item?id=48851079,negative,price_limits
GPT-5.6 (Jul 9-10),hacker_news,48851056,https://news.ycombinator.com/item?id=48851056,negative,other
GPT-5.6 (Jul 9-10),hacker_news,48850962,https://news.ycombinator.com/item?id=48850962,irrelevant,
GPT-5.6 (Jul 9-10),hacker_news,48850951,https://news.ycombinator.com/item?id=48850951,positive,
GPT-5.6 (Jul 9-10),hacker_news,48850920,https://news.ycombinator.com/item?id=48850920,irrelevant,
GPT-5.6 (Jul 9-10),hacker_news,48850882,https://news.ycombinator.com/item?id=48850882,negative,quality
GPT-5.6 (Jul 9-10),hacker_news,48850859,https://news.ycombinator.com/item?id=48850859,positive,
GPT-5.6 (Jul 9-10),hacker_news,48850858,https://news.ycombinator.com/item?id=48850858,irrelevant,
GPT-5.6 (Jul 9-10),hacker_news,48850830,https://news.ycombinator.com/item?id=48850830,irrelevant,
GPT-5.6 (Jul 9-10),hacker_news,48850762,https://news.ycombinator.com/item?id=48850762,irrelevant,
GPT-5.6 (Jul 9-10),hacker_news,48850730,https://news.ycombinator.com/item?id=48850730,irrelevant,
GPT-5.6 (Jul 9-10),hacker_news,48850726,https://news.ycombinator.com/item?id=48850726,neutral,
GPT-5.6 (Jul 9-10),hacker_news,48850687,https://news.ycombinator.com/item?id=48850687,irrelevant,
GPT-5.6 (Jul 9-10),hacker_news,48850650,https://news.ycombinator.com/item?id=48850650,negative,other
GPT-5.6 (Jul 9-10),hacker_news,48850418,https://news.ycombinator.com/item?id=48850418,irrelevant,
GPT-5.6 (Jul 9-10),hacker_news,48850417,https://news.ycombinator.com/item?id=48850417,irrelevant,
GPT-5.6 (Jul 9-10),hacker_news,48850328,https://news.ycombinator.com/item?id=48850328,negative,other
GPT-5.6 (Jul 9-10),hacker_news,48850236,https://news.ycombinator.com/item?id=48850236,irrelevant,
GPT-5.6 (Jul 9-10),hacker_news,48850216,https://news.ycombinator.com/item?id=48850216,irrelevant,
GPT-5.6 (Jul 9-10),hacker_news,48850207,https://news.ycombinator.com/item?id=48850207,irrelevant,
GPT-5.6 (Jul 9-10),hacker_news,48850175,https://news.ycombinator.com/item?id=48850175,irrelevant,
GPT-5.6 (Jul 9-10),hacker_news,48849942,https://news.ycombinator.com/item?id=48849942,negative,other
GPT-5.6 (Jul 9-10),hacker_news,48849861,https://news.ycombinator.com/item?id=48849861,positive,
GPT-5.6 (Jul 9-10),hacker_news,48849832,https://news.ycombinator.com/item?id=48849832,irrelevant,
GPT-5.6 (Jul 9-10),hacker_news,48849798,https://news.ycombinator.com/item?id=48849798,negative,other
GPT-5.6 (Jul 9-10),hacker_news,48849731,https://news.ycombinator.com/item?id=48849731,irrelevant,
GPT-5.6 (Jul 9-10),hacker_news,48849683,https://news.ycombinator.com/item?id=48849683,irrelevant,
GPT-5.6 (Jul 9-10),hacker_news,48849647,https://news.ycombinator.com/item?id=48849647,irrelevant,
GPT-5.6 (Jul 9-10),hacker_news,48849608,https://news.ycombinator.com/item?id=48849608,positive,
GPT-5.6 (Jul 9-10),hacker_news,48849593,https://news.ycombinator.com/item?id=48849593,irrelevant,
GPT-5.6 (Jul 9-10),hacker_news,48849529,https://news.ycombinator.com/item?id=48849529,neutral,
GPT-5.6 (Jul 9-10),hacker_news,48849499,https://news.ycombinator.com/item?id=48849499,positive,
GPT-5.6 (Jul 9-10),hacker_news,48849487,https://news.ycombinator.com/item?id=48849487,positive,
GPT-5.6 (Jul 9-10),hacker_news,48849461,https://news.ycombinator.com/item?id=48849461,negative,style
GPT-5.6 (Jul 9-10),hacker_news,48849427,https://news.ycombinator.com/item?id=48849427,negative,other
GPT-5.6 (Jul 9-10),hacker_news,48849393,https://news.ycombinator.com/item?id=48849393,negative,style
GPT-5.6 (Jul 9-10),hacker_news,48849387,https://news.ycombinator.com/item?id=48849387,irrelevant,
GPT-5.6 (Jul 9-10),hacker_news,48849366,https://news.ycombinator.com/item?id=48849366,irrelevant,
GPT-5.6 (Jul 9-10),hacker_news,48849313,https://news.ycombinator.com/item?id=48849313,irrelevant,
GPT-5.6 (Jul 9-10),hacker_news,48849285,https://news.ycombinator.com/item?id=48849285,neutral,
GPT-5.6 (Jul 9-10),hacker_news,48849278,https://news.ycombinator.com/item?id=48849278,neutral,
GPT-5.6 (Jul 9-10),hacker_news,48849237,https://news.ycombinator.com/item?id=48849237,irrelevant,
GPT-5.6 (Jul 9-10),hacker_news,48849198,https://news.ycombinator.com/item?id=48849198,neutral,
GPT-5.6 (Jul 9-10),hacker_news,48849187,https://news.ycombinator.com/item?id=48849187,positive,
GPT-5.6 (Jul 9-10),hacker_news,48849159,https://news.ycombinator.com/item?id=48849159,positive,
GPT-5.6 (Jul 9-10),hacker_news,48849066,https://news.ycombinator.com/item?id=48849066,irrelevant,
GPT-5.6 (Jul 9-10),hacker_news,48849064,https://news.ycombinator.com/item?id=48849064,irrelevant,
GPT-5.6 (Jul 9-10),hacker_news,48849054,https://news.ycombinator.com/item?id=48849054,irrelevant,
GPT-5.6 (Jul 9-10),hacker_news,48848770,https://news.ycombinator.com/item?id=48848770,irrelevant,
GPT-5.6 (Jul 9-10),hacker_news,48848723,https://news.ycombinator.com/item?id=48848723,irrelevant,
GPT-5.6 (Jul 9-10),hacker_news,48848403,https://news.ycombinator.com/item?id=48848403,irrelevant,
GPT-5.6 (Jul 9-10),hacker_news,48848386,https://news.ycombinator.com/item?id=48848386,irrelevant,
GPT-5.6 (Jul 9-10),hacker_news,48846407,https://news.ycombinator.com/item?id=48846407,neutral,
GPT-5.6 (Jul 9-10),hacker_news,48845335,https://news.ycombinator.com/item?id=48845335,positive,
GPT-5.6 (Jul 9-10),hacker_news,48844885,https://news.ycombinator.com/item?id=48844885,positive,
GPT-5.6 (Jul 9-10),x,2075369356016378123,https://x.com/DanDr1s/status/2075369356016378123,irrelevant,
GPT-5.6 (Jul 9-10),x,2075369291281821783,https://x.com/techfrenAJ/status/2075369291281821783,positive,
GPT-5.6 (Jul 9-10),x,2075369274265498007,https://x.com/ChaseBrowe32432/status/2075369274265498007,positive,
GPT-5.6 (Jul 9-10),x,2075369179817902176,https://x.com/rasbt/status/2075369179817902176,negative,other
GPT-5.6 (Jul 9-10),x,2075368945930961028,https://x.com/TheGeorgePu/status/2075368945930961028,irrelevant,
GPT-5.6 (Jul 9-10),x,2075368886468588009,https://x.com/rishibedi/status/2075368886468588009,negative,safeguards
GPT-5.6 (Jul 9-10),x,2075368784534372352,https://x.com/morganlinton/status/2075368784534372352,positive,
GPT-5.6 (Jul 9-10),x,2075368716926386283,https://x.com/Xeift1/status/2075368716926386283,negative,price_limits
GPT-5.6 (Jul 9-10),x,2075368685385269597,https://x.com/kalin_t/status/2075368685385269597,positive,
GPT-5.6 (Jul 9-10),x,2075368566145335775,https://x.com/techfrenAJ/status/2075368566145335775,irrelevant,
GPT-5.6 (Jul 9-10),x,2075368356396548105,https://x.com/generativist/status/2075368356396548105,irrelevant,
GPT-5.6 (Jul 9-10),x,2075368220278890807,https://x.com/higgsfield_ai/status/2075368220278890807,irrelevant,
GPT-5.6 (Jul 9-10),x,2075367880317939765,https://x.com/the_shweenz/status/2075367880317939765,negative,style
GPT-5.6 (Jul 9-10),x,2075367748750741785,https://x.com/gross16329/status/2075367748750741785,positive,
GPT-5.6 (Jul 9-10),x,2075367683181449443,https://x.com/lumeroute/status/2075367683181449443,irrelevant,
GPT-5.6 (Jul 9-10),x,2075367655310037321,https://x.com/Angaisb_/status/2075367655310037321,positive,
GPT-5.6 (Jul 9-10),x,2075367612478017847,https://x.com/subinium/status/2075367612478017847,irrelevant,
GPT-5.6 (Jul 9-10),x,2075367501269999895,https://x.com/gilgNYC/status/2075367501269999895,irrelevant,
GPT-5.6 (Jul 9-10),x,2075367224932540693,https://x.com/moutaio/status/2075367224932540693,neutral,
GPT-5.6 (Jul 9-10),x,2075367128098566204,https://x.com/iwantlambo/status/2075367128098566204,neutral,
GPT-5.6 (Jul 9-10),x,2075731187142664589,https://x.com/adonis_singh/status/2075731187142664589,irrelevant,
GPT-5.6 (Jul 9-10),x,2075731180708581641,https://x.com/Gabriel1860256/status/2075731180708581641,negative,quality
GPT-5.6 (Jul 9-10),x,2075730508084858998,https://x.com/Da7_Tech/status/2075730508084858998,negative,quality
GPT-5.6 (Jul 9-10),x,2075730206229455300,https://x.com/koltregaskes/status/2075730206229455300,irrelevant,
GPT-5.6 (Jul 9-10),x,2075729804499038545,https://x.com/0xDoubleSharp/status/2075729804499038545,positive,
GPT-5.6 (Jul 9-10),x,2075729404974846034,https://x.com/rohanpaul_ai/status/2075729404974846034,positive,
GPT-5.6 (Jul 9-10),x,2075729204738478394,https://x.com/rockatanescu/status/2075729204738478394,positive,
GPT-5.6 (Jul 9-10),x,2075728547369324832,https://x.com/Hesamation/status/2075728547369324832,neutral,
GPT-5.6 (Jul 9-10),x,2075728307778466251,https://x.com/robbyrussell/status/2075728307778466251,irrelevant,
GPT-5.6 (Jul 9-10),x,2075728245375283466,https://x.com/ptremblay/status/2075728245375283466,negative,quality
GPT-5.6 (Jul 9-10),x,2075728069755650090,https://x.com/nummanali/status/2075728069755650090,irrelevant,
GPT-5.6 (Jul 9-10),x,2075727914176590041,https://x.com/RahulKrishnaa28/status/2075727914176590041,irrelevant,
GPT-5.6 (Jul 9-10),x,2075727170736128082,https://x.com/MichaelParisi/status/2075727170736128082,negative,other
GPT-5.6 (Jul 9-10),x,2075727132874211343,https://x.com/distributedkv/status/2075727132874211343,positive,
GPT-5.6 (Jul 9-10),x,2075727109578768805,https://x.com/tempoapes/status/2075727109578768805,positive,
GPT-5.6 (Jul 9-10),x,2075727081606922426,https://x.com/MystiqueMide/status/2075727081606922426,positive,
GPT-5.6 (Jul 9-10),x,2075726766346314192,https://x.com/techgirl1908/status/2075726766346314192,negative,quality
GPT-5.6 (Jul 9-10),x,2075726496744824923,https://x.com/DaveShapi/status/2075726496744824923,positive,
GPT-5.6 (Jul 9-10),x,2075322918808994085,https://x.com/nasqret/status/2075322918808994085,positive,
GPT-5.6 (Jul 9-10),x,2075268278105067566,https://x.com/scaling01/status/2075268278105067566,negative,quality
GPT-5.6 (Jul 9-10),x,2075283734136525255,https://x.com/thsottiaux/status/2075283734136525255,positive,
GPT-5.6 (Jul 9-10),x,2075269113488789984,https://x.com/scaling01/status/2075269113488789984,neutral,
GPT-5.6 (Jul 9-10),x,2075293462614999527,https://x.com/andonlabs/status/2075293462614999527,negative,other
GPT-5.6 (Jul 9-10),x,2075323372574068947,https://x.com/atomic_chat_hq/status/2075323372574068947,negative,quality
GPT-5.6 (Jul 9-10),x,2075279959996928307,https://x.com/sharifshameem/status/2075279959996928307,positive,
GPT-5.6 (Jul 9-10),x,2075267201058426944,https://x.com/sama/status/2075267201058426944,positive,
GPT-5.6 (Jul 9-10),x,2075272564629451110,https://x.com/tejalpatwardhan/status/2075272564629451110,neutral,
GPT-5.6 (Jul 9-10),x,2075286819001041095,https://x.com/abacusai/status/2075286819001041095,irrelevant,
GPT-5.6 (Jul 9-10),x,2075338792785846404,https://x.com/nateherk/status/2075338792785846404,positive,
GPT-5.6 (Jul 9-10),x,2075143089983824352,https://x.com/MiaAI_lab/status/2075143089983824352,irrelevant,
GPT-5.6 (Jul 9-10),x,2075278451116818795,https://x.com/gregisenberg/status/2075278451116818795,positive,
GPT-5.6 (Jul 9-10),x,2075280883494670571,https://x.com/code/status/2075280883494670571,irrelevant,
GPT-5.6 (Jul 9-10),x,2075270116909232129,https://x.com/dejavucoder/status/2075270116909232129,positive,
GPT-5.6 (Jul 9-10),x,2075270503405924466,https://x.com/gdb/status/2075270503405924466,positive,
GPT-5.6 (Jul 9-10),x,2075265979194417256,https://x.com/scaling01/status/2075265979194417256,positive,
GPT-5.6 (Jul 9-10),x,2075274357715427618,https://x.com/ajambrosino/status/2075274357715427618,irrelevant,
GPT-5.6 (Jul 9-10),x,2075581430055493909,https://x.com/thsottiaux/status/2075581430055493909,positive,
GPT-5.6 (Jul 9-10),x,2075419006945693862,https://x.com/thebuggeddev/status/2075419006945693862,negative,quality
GPT-5.6 (Jul 9-10),x,2075647948906533297,https://x.com/polynoamial/status/2075647948906533297,positive,
GPT-5.6 (Jul 9-10),x,2075442987790938569,https://x.com/hqmank/status/2075442987790938569,neutral,
GPT-5.6 (Jul 9-10),x,2075646048425431469,https://x.com/polynoamial/status/2075646048425431469,positive,
GPT-5.6 (Jul 9-10),x,2075627844412264796,https://x.com/Yuchenj_UW/status/2075627844412264796,negative,other
GPT-5.6 (Jul 9-10),x,2075676247649309095,https://x.com/milesdeutscher/status/2075676247649309095,positive,
GPT-5.6 (Jul 9-10),x,2075481808993763833,https://x.com/realAkashAnand/status/2075481808993763833,positive,
GPT-5.6 (Jul 9-10),x,2075596669958472146,https://x.com/thsottiaux/status/2075596669958472146,neutral,
GPT-5.6 (Jul 9-10),x,2075545587093807111,https://x.com/viktoroddy/status/2075545587093807111,positive,
GPT-5.6 (Jul 9-10),x,2075686461693898868,https://x.com/OpenAI/status/2075686461693898868,irrelevant,
GPT-5.6 (Jul 9-10),x,2075719779155943617,https://x.com/cremieuxrecueil/status/2075719779155943617,negative,quality
GPT-5.6 (Jul 9-10),x,2075389495558734247,https://x.com/ElainaNotes/status/2075389495558734247,neutral,
GPT-5.6 (Jul 9-10),x,2075663535544135935,https://x.com/pvncher/status/2075663535544135935,positive,
GPT-5.6 (Jul 9-10),x,2075392032877445334,https://x.com/Polymarket/status/2075392032877445334,irrelevant,
GPT-5.6 (Jul 9-10),x,2075484897498599452,https://x.com/nasqret/status/2075484897498599452,irrelevant,
GPT-5.6 (Jul 9-10),x,2075641774752878667,https://x.com/elder_plinius/status/2075641774752878667,positive,
GPT-5.6 (Jul 9-10),x,2075380400667398365,https://x.com/yacineMTB/status/2075380400667398365,positive,
GPT-5.6 (Jul 9-10),x,2075587110409576801,https://x.com/maxjendrall/status/2075587110409576801,positive,
GPT-5.6 (Jul 9-10),x,2075657271401390161,https://x.com/mattshumer_/status/2075657271401390161,negative,quality
GPT-5.6 (Jul 9-10),x,2075726286903754930,https://x.com/doodlestein/status/2075726286903754930,irrelevant,
GPT-5.6 (Jul 9-10),x,2075726213101088872,https://x.com/tonywu120853/status/2075726213101088872,negative,other
GPT-5.6 (Jul 9-10),x,2075726000671895710,https://x.com/simonsequedac/status/2075726000671895710,irrelevant,
GPT-5.6 (Jul 9-10),x,2075725938097312135,https://x.com/heymikasagi/status/2075725938097312135,irrelevant,
GPT-5.6 (Jul 9-10),x,2075725776666730528,https://x.com/soya_da_yoot/status/2075725776666730528,positive,
GPT-5.6 (Jul 9-10),x,2075725763475616207,https://x.com/Ex0byt/status/2075725763475616207,irrelevant,
GPT-5.6 (Jul 9-10),x,2075724807170118015,https://x.com/AIna_artmusic/status/2075724807170118015,positive,
GPT-5.6 (Jul 9-10),x,2075724563124756811,https://x.com/rohanpaul_ai/status/2075724563124756811,negative,quality
GPT-5.6 (Jul 9-10),x,2075724526344904843,https://x.com/tonywu120853/status/2075724526344904843,negative,other
GPT-5.6 (Jul 9-10),x,2075724464289948042,https://x.com/RileyRalmuto/status/2075724464289948042,positive,
GPT-5.6 (Jul 9-10),x,2075724125088231687,https://x.com/Hesamation/status/2075724125088231687,positive,
GPT-5.6 (Jul 9-10),x,2075723643380781101,https://x.com/underfortun8/status/2075723643380781101,negative,quality
GPT-5.6 (Jul 9-10),x,2075723053066031226,https://x.com/DiamondEyesFox/status/2075723053066031226,negative,quality
GPT-5.6 (Jul 9-10),x,2075722620939440284,https://x.com/perplexitydevs/status/2075722620939440284,irrelevant,
GPT-5.6 (Jul 9-10),x,2075722173218693351,https://x.com/then_there_was/status/2075722173218693351,negative,quality
GPT-5.6 (Jul 9-10),x,2075721991856718177,https://x.com/mushaf_mughal/status/2075721991856718177,neutral,
GPT-5.6 (Jul 9-10),x,2075721970193252501,https://x.com/mweinbach/status/2075721970193252501,positive,
GPT-5.6 (Jul 9-10),x,2075721255731470743,https://x.com/arena/status/2075721255731470743,irrelevant,
GPT-5.6 (Jul 9-10),x,2075367070326284403,https://x.com/nishffx/status/2075367070326284403,positive,
GPT-5.6 (Jul 9-10),x,2075367006044651704,https://x.com/higgsfield_ai/status/2075367006044651704,irrelevant,
GPT-5.6 (Jul 9-10),x,2075366511531762139,https://x.com/Clianta_ai/status/2075366511531762139,negative,price_limits
GPT-5.6 (Jul 9-10),x,2075366460998955332,https://x.com/hrogerzzz/status/2075366460998955332,positive,
GPT-5.6 (Jul 9-10),x,2075366447295963418,https://x.com/artilectium/status/2075366447295963418,irrelevant,
GPT-5.6 (Jul 9-10),x,2075366415964451244,https://x.com/scaling01/status/2075366415964451244,positive,
GPT-5.6 (Jul 9-10),x,2075366388055577009,https://x.com/ValmereTheory/status/2075366388055577009,positive,
GPT-5.6 (Jul 9-10),x,2075366334016151791,https://x.com/enzo_gte/status/2075366334016151791,positive,
GPT-5.6 (Jul 9-10),x,2075366164918620403,https://x.com/shaedotwilde/status/2075366164918620403,positive,
GPT-5.6 (Jul 9-10),x,2075366164742750573,https://x.com/cjzafir/status/2075366164742750573,positive,
GPT-5.6 (Jul 9-10),x,2075365947578167554,https://x.com/soumitrashukla9/status/2075365947578167554,positive,
GPT-5.6 (Jul 9-10),x,2075365677519769600,https://x.com/danizeres/status/2075365677519769600,positive,
GPT-5.6 (Jul 9-10),x,2075365643285610752,https://x.com/HangoutWHAndrei/status/2075365643285610752,positive,
GPT-5.6 (Jul 9-10),x,2075365515418325367,https://x.com/odd_joel/status/2075365515418325367,positive,
GPT-5.6 (Jul 9-10),x,2075365472409718852,https://x.com/Akinooola/status/2075365472409718852,positive,
GPT-5.6 (Jul 9-10),x,2075365470123798872,https://x.com/freddier/status/2075365470123798872,positive,
GPT-5.6 (Jul 9-10),x,2075365087007965479,https://x.com/physics_ai/status/2075365087007965479,irrelevant,
GPT-5.6 (Jul 9-10),x,2075365072185299284,https://x.com/q_yeon_gyu_kim/status/2075365072185299284,negative,other
GPT-5.6 (Jul 9-10),x,2075365070020972562,https://x.com/AIBuilderFeng/status/2075365070020972562,negative,other
GPT-5.6 (Jul 9-10),x,2075364981437255856,https://x.com/charlespacker/status/2075364981437255856,positive,
GPT-5.6 (Jul 9-10),x,2075388132590305572,https://x.com/MengTo/status/2075388132590305572,positive,
GPT-5.6 (Jul 9-10),x,2075482486901969066,https://x.com/kimmonismus/status/2075482486901969066,positive,
GPT-5.6 (Jul 9-10),x,2075623090680188944,https://x.com/JaydenDavisNC/status/2075623090680188944,neutral,
GPT-5.6 (Jul 9-10),x,2075396300976079217,https://x.com/bijanbowen/status/2075396300976079217,positive,
GPT-5.6 (Jul 9-10),x,2075375430350115162,https://x.com/initjean/status/2075375430350115162,positive,
GPT-5.6 (Jul 9-10),x,2075549328798589240,https://x.com/zawiasa/status/2075549328798589240,positive,
GPT-5.6 (Jul 9-10),x,2075485154911412500,https://x.com/Youssofal_/status/2075485154911412500,irrelevant,
GPT-5.6 (Jul 9-10),x,2075505925062860942,https://x.com/maxedapps/status/2075505925062860942,negative,price_limits
GPT-5.6 (Jul 9-10),x,2075383293609193622,https://x.com/Suhail/status/2075383293609193622,positive,
GPT-5.6 (Jul 9-10),x,2075547923937452389,https://x.com/rom1trs/status/2075547923937452389,irrelevant,
GPT-5.6 (Jul 9-10),x,2075640446051910081,https://x.com/kr0der/status/2075640446051910081,irrelevant,
GPT-5.6 (Jul 9-10),x,2075439348267577790,https://x.com/theo/status/2075439348267577790,positive,
GPT-5.6 (Jul 9-10),x,2075626605309829130,https://x.com/perrymetzger/status/2075626605309829130,positive,
GPT-5.6 (Jul 9-10),x,2075610664216002726,https://x.com/seconds_0/status/2075610664216002726,positive,
GPT-5.6 (Jul 9-10),x,2075689779937833302,https://x.com/thekaransinghal/status/2075689779937833302,irrelevant,
GPT-5.6 (Jul 9-10),x,2075675535561105809,https://x.com/DeryaTR_/status/2075675535561105809,irrelevant,
GPT-5.6 (Jul 9-10),x,2075588761769935123,https://x.com/scaling01/status/2075588761769935123,neutral,
GPT-5.6 (Jul 9-10),x,2075643450196971805,https://x.com/__eknight__/status/2075643450196971805,positive,
GPT-5.6 (Jul 9-10),x,2075591540215574569,https://x.com/cjzafir/status/2075591540215574569,positive,
GPT-5.6 (Jul 9-10),x,2075694674233246206,https://x.com/adamdotnew/status/2075694674233246206,positive,
GPT-5.6 (Jul 9-10),x,2075046739682168977,https://x.com/scaling01/status/2075046739682168977,irrelevant,
GPT-5.6 (Jul 9-10),x,2075345215741923693,https://x.com/charles_irl/status/2075345215741923693,neutral,
GPT-5.6 (Jul 9-10),x,2075275293141700613,https://x.com/kidpakerot/status/2075275293141700613,positive,
GPT-5.6 (Jul 9-10),x,2075286157186003348,https://x.com/OpenAIDevs/status/2075286157186003348,irrelevant,
GPT-5.6 (Jul 9-10),x,2075271421149020426,https://x.com/OpenAI/status/2075271421149020426,irrelevant,
GPT-5.6 (Jul 9-10),x,2075313716468252935,https://x.com/nishffx/status/2075313716468252935,irrelevant,
GPT-5.6 (Jul 9-10),x,2075284861867225531,https://x.com/AdamHoltererer/status/2075284861867225531,irrelevant,
GPT-5.6 (Jul 9-10),x,2075274864110293060,https://x.com/github/status/2075274864110293060,irrelevant,
GPT-5.6 (Jul 9-10),x,2075295876465979766,https://x.com/AcerFur/status/2075295876465979766,positive,
GPT-5.6 (Jul 9-10),x,2075193824008077539,https://x.com/DFintelligence/status/2075193824008077539,positive,
GPT-5.6 (Jul 9-10),x,2075332664647672210,https://x.com/bridgemindai/status/2075332664647672210,negative,quality
GPT-5.6 (Jul 9-10),x,2075268746315268138,https://x.com/mattshumer_/status/2075268746315268138,positive,
GPT-5.6 (Jul 9-10),x,2075273992609599834,https://x.com/OpenAIDevs/status/2075273992609599834,irrelevant,
GPT-5.6 (Jul 9-10),x,2075291689573380197,https://x.com/k1rallik/status/2075291689573380197,irrelevant,
GPT-5.6 (Jul 9-10),x,2075293835127922748,https://x.com/thsottiaux/status/2075293835127922748,irrelevant,
GPT-5.6 (Jul 9-10),x,2075298930942775596,https://x.com/Argona0x/status/2075298930942775596,irrelevant,
GPT-5.6 (Jul 9-10),x,2075092438889504779,https://x.com/birdabo/status/2075092438889504779,irrelevant,
GPT-5.6 (Jul 9-10),x,2075270869992264003,https://x.com/arcprize/status/2075270869992264003,positive,
GPT-5.6 (Jul 9-10),x,2075232811053633662,https://x.com/scaling01/status/2075232811053633662,irrelevant,
GPT-5.6 (Jul 9-10),x,2075721177394463005,https://x.com/0x0SojalSec/status/2075721177394463005,irrelevant,
GPT-5.6 (Jul 9-10),x,2075721076081148293,https://x.com/AllanZhou17/status/2075721076081148293,positive,
GPT-5.6 (Jul 9-10),x,2075720562308255896,https://x.com/UrbanAstroFella/status/2075720562308255896,neutral,
GPT-5.6 (Jul 9-10),x,2075720525842632709,https://x.com/antonpme/status/2075720525842632709,positive,
GPT-5.6 (Jul 9-10),x,2075720472332038605,https://x.com/RoundtableSpace/status/2075720472332038605,irrelevant,
GPT-5.6 (Jul 9-10),x,2075720216945050075,https://x.com/opentlabs/status/2075720216945050075,positive,
GPT-5.6 (Jul 9-10),x,2075720076674679260,https://x.com/SnorkelAI/status/2075720076674679260,positive,
GPT-5.6 (Jul 9-10),x,2075720074527162689,https://x.com/SnorkelAI/status/2075720074527162689,positive,
GPT-5.6 (Jul 9-10),x,2075720072748749218,https://x.com/SnorkelAI/status/2075720072748749218,positive,
GPT-5.6 (Jul 9-10),x,2075719695651459293,https://x.com/loss_gobbler/status/2075719695651459293,irrelevant,
GPT-5.6 (Jul 9-10),x,2075719151251812352,https://x.com/RaymondWongPhD/status/2075719151251812352,positive,
GPT-5.6 (Jul 9-10),x,2075719118716612874,https://x.com/goodworse/status/2075719118716612874,positive,
GPT-5.6 (Jul 9-10),x,2075718996536512832,https://x.com/ShaazBhimani123/status/2075718996536512832,positive,
GPT-5.6 (Jul 9-10),x,2075718945567326602,https://x.com/mushaf_mughal/status/2075718945567326602,positive,
GPT-5.6 (Jul 9-10),x,2075718801434300832,https://x.com/deredleritt3r/status/2075718801434300832,irrelevant,
GPT-5.6 (Jul 9-10),x,2075718551214887324,https://x.com/realWeZZard/status/2075718551214887324,negative,quality
GPT-5.6 (Jul 9-10),x,2075718516783927334,https://x.com/Cod3xOrg/status/2075718516783927334,irrelevant,
GPT-5.6 (Jul 9-10),x,2075718435544191333,https://x.com/majidmanzarpour/status/2075718435544191333,positive,
GPT-5.6 (Jul 9-10),x,2075717940071338181,https://x.com/iamlukethedev/status/2075717940071338181,positive,
GPT-5.6 (Jul 9-10),x,2075364885987242048,https://x.com/zeeg/status/2075364885987242048,negative,quality
GPT-5.6 (Jul 9-10),x,2075364748003319970,https://x.com/coreyepstein/status/2075364748003319970,positive,
GPT-5.6 (Jul 9-10),x,2075364526849941972,https://x.com/MaximeRivest/status/2075364526849941972,positive,
GPT-5.6 (Jul 9-10),x,2075364495564656979,https://x.com/bijanbowen/status/2075364495564656979,positive,
GPT-5.6 (Jul 9-10),x,2075364427390726442,https://x.com/nemumusitocha/status/2075364427390726442,negative,price_limits
GPT-5.6 (Jul 9-10),x,2075364110930518143,https://x.com/Letta_AI/status/2075364110930518143,irrelevant,
GPT-5.6 (Jul 9-10),x,2075364100960325979,https://x.com/Mlearning_ai/status/2075364100960325979,irrelevant,
GPT-5.6 (Jul 9-10),x,2075363970349670403,https://x.com/vertexv3/status/2075363970349670403,positive,
GPT-5.6 (Jul 9-10),x,2075363444044497274,https://x.com/techfrenAJ/status/2075363444044497274,irrelevant,
GPT-5.6 (Jul 9-10),x,2075363202263859214,https://x.com/patata1216/status/2075363202263859214,irrelevant,
GPT-5.6 (Jul 9-10),x,2075363091362291876,https://x.com/hellovirgil_/status/2075363091362291876,positive,
GPT-5.6 (Jul 9-10),x,2075362619041398826,https://x.com/willsentance/status/2075362619041398826,positive,
GPT-5.6 (Jul 9-10),x,2075362578021208346,https://x.com/alireza94/status/2075362578021208346,positive,
GPT-5.6 (Jul 9-10),x,2075362481095016864,https://x.com/Angaisb_/status/2075362481095016864,irrelevant,
GPT-5.6 (Jul 9-10),x,2075362466641621246,https://x.com/cvander/status/2075362466641621246,irrelevant,
GPT-5.6 (Jul 9-10),x,2075362329827664304,https://x.com/sreeramkannan/status/2075362329827664304,irrelevant,
GPT-5.6 (Jul 9-10),x,2075362120393179457,https://x.com/Oluwaphilemon1/status/2075362120393179457,irrelevant,
GPT-5.6 (Jul 9-10),x,2075362012629008579,https://x.com/SevenVerity/status/2075362012629008579,positive,
GPT-5.6 (Jul 9-10),x,2075361965720076567,https://x.com/complex_maths/status/2075361965720076567,positive,
GPT-5.6 (Jul 9-10),x,2075274178064736474,https://x.com/scaling01/status/2075274178064736474,positive,
GPT-5.6 (Jul 9-10),x,2075271423992680532,https://x.com/OpenAI/status/2075271423992680532,irrelevant,
GPT-5.6 (Jul 9-10),x,2075152775051423930,https://x.com/birdabo/status/2075152775051423930,irrelevant,
GPT-5.6 (Jul 9-10),x,2075304033313804430,https://x.com/benawad/status/2075304033313804430,neutral,
GPT-5.6 (Jul 9-10),x,2075265313860366496,https://x.com/scaling01/status/2075265313860366496,positive,
GPT-5.6 (Jul 9-10),x,2075288959064637687,https://x.com/deredleritt3r/status/2075288959064637687,positive,
GPT-5.6 (Jul 9-10),x,2075075533604524068,https://x.com/theo/status/2075075533604524068,positive,
GPT-5.6 (Jul 9-10),x,2075230191031288170,https://x.com/DavidOndrej1/status/2075230191031288170,negative,other
GPT-5.6 (Jul 9-10),x,2075274981794300113,https://x.com/GregKamradt/status/2075274981794300113,positive,
GPT-5.6 (Jul 9-10),x,2075279477626564933,https://x.com/alxndrdavies/status/2075279477626564933,negative,safeguards
GPT-5.6 (Jul 9-10),x,2075100814008525040,https://x.com/xanderai/status/2075100814008525040,positive,
GPT-5.6 (Jul 9-10),x,2075292795557040391,https://x.com/pankajkumar_dev/status/2075292795557040391,positive,
GPT-5.6 (Jul 9-10),x,2075267966585716961,https://x.com/cognition/status/2075267966585716961,positive,
GPT-5.6 (Jul 9-10),x,2075051018564653155,https://x.com/jun_song/status/2075051018564653155,positive,
GPT-5.6 (Jul 9-10),x,2075131318535385375,https://x.com/maxedapps/status/2075131318535385375,irrelevant,
GPT-5.6 (Jul 9-10),x,2075336589866316091,https://x.com/datacurve/status/2075336589866316091,positive,
GPT-5.6 (Jul 9-10),x,2075169985794650140,https://x.com/synthwavedd/status/2075169985794650140,irrelevant,
GPT-5.6 (Jul 9-10),x,2075268790204412038,https://x.com/thegenioo/status/2075268790204412038,positive,
GPT-5.6 (Jul 9-10),x,2075536411886076351,https://x.com/Av1dlive/status/2075536411886076351,irrelevant,
GPT-5.6 (Jul 9-10),x,2075416444557504877,https://x.com/nickvasiles/status/2075416444557504877,positive,
GPT-5.6 (Jul 9-10),x,2075549898909622330,https://x.com/notjazii/status/2075549898909622330,positive,
GPT-5.6 (Jul 9-10),x,2075437359131131914,https://x.com/thehypedotnews/status/2075437359131131914,irrelevant,
GPT-5.6 (Jul 9-10),x,2075426533896868046,https://x.com/emollick/status/2075426533896868046,positive,
GPT-5.6 (Jul 9-10),x,2075375949739102267,https://x.com/Angaisb_/status/2075375949739102267,positive,
GPT-5.6 (Jul 9-10),x,2075673553689821212,https://x.com/higgsfield_ai/status/2075673553689821212,irrelevant,
GPT-5.6 (Jul 9-10),x,2075391473965781097,https://x.com/higgsfield_ai/status/2075391473965781097,irrelevant,
GPT-5.6 (Jul 9-10),x,2075350233228394991,https://x.com/gmi_cloud/status/2075350233228394991,positive,
GPT-5.6 (Jul 9-10),x,2075473664410267977,https://x.com/hqmank/status/2075473664410267977,irrelevant,
GPT-5.6 (Jul 9-10),x,2075369982490448138,https://x.com/higgsfield_ai/status/2075369982490448138,irrelevant,
GPT-5.6 (Jul 9-10),x,2075610732155003244,https://x.com/mightyking/status/2075610732155003244,neutral,
GPT-5.6 (Jul 9-10),x,2075475330484273629,https://x.com/athrix_codes/status/2075475330484273629,irrelevant,
GPT-5.6 (Jul 9-10),x,2075676765335482687,https://x.com/higgsfield_ai/status/2075676765335482687,irrelevant,
GPT-5.6 (Jul 9-10),x,2075394890402332827,https://x.com/nateherk/status/2075394890402332827,irrelevant,
GPT-5.6 (Jul 9-10),x,2075708679639195878,https://x.com/earthtojake/status/2075708679639195878,neutral,
GPT-5.6 (Jul 9-10),x,2075580771201397092,https://x.com/skalskip92/status/2075580771201397092,positive,
GPT-5.6 (Jul 9-10),x,2075672492312768683,https://x.com/arena/status/2075672492312768683,positive,
GPT-5.6 (Jul 9-10),x,2075540558106308921,https://x.com/prz_chojecki/status/2075540558106308921,irrelevant,
GPT-5.6 (Jul 9-10),x,2075608280479510584,https://x.com/bijanbowen/status/2075608280479510584,positive,
GPT-5.6 (Jul 9-10),x,2075717902112526343,https://x.com/buddyhadry/status/2075717902112526343,positive,
GPT-5.6 (Jul 9-10),x,2075717869594194109,https://x.com/alekslarsen/status/2075717869594194109,positive,
GPT-5.6 (Jul 9-10),x,2075717674357936580,https://x.com/Accelerate__Now/status/2075717674357936580,neutral,
GPT-5.6 (Jul 9-10),x,2075717547673219517,https://x.com/jaatster/status/2075717547673219517,positive,
GPT-6 Sol/Luna (Sep 22-23),hacker_news,49822800,https://news.ycombinator.com/item?id=49822800,positive,
GPT-6 Sol/Luna (Sep 22-23),hacker_news,49821799,https://news.ycombinator.com/item?id=49821799,positive,
GPT-6 Sol/Luna (Sep 22-23),hacker_news,49819683,https://news.ycombinator.com/item?id=49819683,neutral,
GPT-6 Sol/Luna (Sep 22-23),hacker_news,49819667,https://news.ycombinator.com/item?id=49819667,irrelevant,
GPT-6 Sol/Luna (Sep 22-23),hacker_news,49818216,https://news.ycombinator.com/item?id=49818216,positive,
GPT-6 Sol/Luna (Sep 22-23),hacker_news,49817419,https://news.ycombinator.com/item?id=49817419,irrelevant,
GPT-6 Sol/Luna (Sep 22-23),hacker_news,49817185,https://news.ycombinator.com/item?id=49817185,irrelevant,
GPT-6 Sol/Luna (Sep 22-23),hacker_news,49817078,https://news.ycombinator.com/item?id=49817078,negative,quality
GPT-6 Sol/Luna (Sep 22-23),hacker_news,49816165,https://news.ycombinator.com/item?id=49816165,negative,quality
GPT-6 Sol/Luna (Sep 22-23),hacker_news,49815993,https://news.ycombinator.com/item?id=49815993,negative,quality
GPT-6 Sol/Luna (Sep 22-23),hacker_news,49815035,https://news.ycombinator.com/item?id=49815035,irrelevant,
GPT-6 Sol/Luna (Sep 22-23),hacker_news,49814239,https://news.ycombinator.com/item?id=49814239,negative,quality
GPT-6 Sol/Luna (Sep 22-23),hacker_news,49814073,https://news.ycombinator.com/item?id=49814073,positive,
GPT-6 Sol/Luna (Sep 22-23),hacker_news,49813991,https://news.ycombinator.com/item?id=49813991,positive,
GPT-6 Sol/Luna (Sep 22-23),hacker_news,49813932,https://news.ycombinator.com/item?id=49813932,positive,
GPT-6 Sol/Luna (Sep 22-23),hacker_news,49813887,https://news.ycombinator.com/item?id=49813887,positive,
GPT-6 Sol/Luna (Sep 22-23),hacker_news,49812967,https://news.ycombinator.com/item?id=49812967,neutral,
GPT-6 Sol/Luna (Sep 22-23),hacker_news,49812947,https://news.ycombinator.com/item?id=49812947,positive,
GPT-6 Sol/Luna (Sep 22-23),hacker_news,49812901,https://news.ycombinator.com/item?id=49812901,neutral,
GPT-6 Sol/Luna (Sep 22-23),hacker_news,49812887,https://news.ycombinator.com/item?id=49812887,irrelevant,
GPT-6 Sol/Luna (Sep 22-23),hacker_news,49812875,https://news.ycombinator.com/item?id=49812875,neutral,
GPT-6 Sol/Luna (Sep 22-23),hacker_news,49812870,https://news.ycombinator.com/item?id=49812870,positive,
GPT-6 Sol/Luna (Sep 22-23),hacker_news,49812866,https://news.ycombinator.com/item?id=49812866,neutral,
GPT-6 Sol/Luna (Sep 22-23),hacker_news,49811827,https://news.ycombinator.com/item?id=49811827,positive,
GPT-6 Sol/Luna (Sep 22-23),hacker_news,49811228,https://news.ycombinator.com/item?id=49811228,positive,
GPT-6 Sol/Luna (Sep 22-23),hacker_news,49810771,https://news.ycombinator.com/item?id=49810771,negative,other
GPT-6 Sol/Luna (Sep 22-23),hacker_news,49810770,https://news.ycombinator.com/item?id=49810770,negative,other
GPT-6 Sol/Luna (Sep 22-23),hacker_news,49810396,https://news.ycombinator.com/item?id=49810396,positive,
GPT-6 Sol/Luna (Sep 22-23),hacker_news,49810217,https://news.ycombinator.com/item?id=49810217,positive,
GPT-6 Sol/Luna (Sep 22-23),hacker_news,49809473,https://news.ycombinator.com/item?id=49809473,neutral,
GPT-6 Sol/Luna (Sep 22-23),hacker_news,49809429,https://news.ycombinator.com/item?id=49809429,positive,
GPT-6 Sol/Luna (Sep 22-23),hacker_news,49809394,https://news.ycombinator.com/item?id=49809394,neutral,
GPT-6 Sol/Luna (Sep 22-23),hacker_news,49809032,https://news.ycombinator.com/item?id=49809032,irrelevant,
GPT-6 Sol/Luna (Sep 22-23),hacker_news,49809026,https://news.ycombinator.com/item?id=49809026,negative,quality
GPT-6 Sol/Luna (Sep 22-23),hacker_news,49808971,https://news.ycombinator.com/item?id=49808971,irrelevant,
GPT-6 Sol/Luna (Sep 22-23),hacker_news,49808921,https://news.ycombinator.com/item?id=49808921,neutral,
GPT-6 Sol/Luna (Sep 22-23),hacker_news,49808670,https://news.ycombinator.com/item?id=49808670,neutral,
GPT-6 Sol/Luna (Sep 22-23),hacker_news,49808060,https://news.ycombinator.com/item?id=49808060,positive,
GPT-6 Sol/Luna (Sep 22-23),hacker_news,49807727,https://news.ycombinator.com/item?id=49807727,positive,
GPT-6 Sol/Luna (Sep 22-23),hacker_news,49807662,https://news.ycombinator.com/item?id=49807662,positive,
GPT-6 Sol/Luna (Sep 22-23),hacker_news,49807607,https://news.ycombinator.com/item?id=49807607,negative,quality
GPT-6 Sol/Luna (Sep 22-23),hacker_news,49807580,https://news.ycombinator.com/item?id=49807580,negative,quality
GPT-6 Sol/Luna (Sep 22-23),hacker_news,49807578,https://news.ycombinator.com/item?id=49807578,neutral,
GPT-6 Sol/Luna (Sep 22-23),hacker_news,49807448,https://news.ycombinator.com/item?id=49807448,positive,
GPT-6 Sol/Luna (Sep 22-23),hacker_news,49807354,https://news.ycombinator.com/item?id=49807354,negative,quality
GPT-6 Sol/Luna (Sep 22-23),hacker_news,49807220,https://news.ycombinator.com/item?id=49807220,positive,
GPT-6 Sol/Luna (Sep 22-23),hacker_news,49807080,https://news.ycombinator.com/item?id=49807080,negative,quality
GPT-6 Sol/Luna (Sep 22-23),hacker_news,49806941,https://news.ycombinator.com/item?id=49806941,negative,quality
GPT-6 Sol/Luna (Sep 22-23),hacker_news,49806935,https://news.ycombinator.com/item?id=49806935,positive,
GPT-6 Sol/Luna (Sep 22-23),hacker_news,49806846,https://news.ycombinator.com/item?id=49806846,irrelevant,
GPT-6 Sol/Luna (Sep 22-23),hacker_news,49806724,https://news.ycombinator.com/item?id=49806724,neutral,
GPT-6 Sol/Luna (Sep 22-23),hacker_news,49806512,https://news.ycombinator.com/item?id=49806512,neutral,
GPT-6 Sol/Luna (Sep 22-23),hacker_news,49806464,https://news.ycombinator.com/item?id=49806464,neutral,
GPT-6 Sol/Luna (Sep 22-23),hacker_news,49806414,https://news.ycombinator.com/item?id=49806414,neutral,
GPT-6 Sol/Luna (Sep 22-23),hacker_news,49806399,https://news.ycombinator.com/item?id=49806399,irrelevant,
GPT-6 Sol/Luna (Sep 22-23),hacker_news,49806385,https://news.ycombinator.com/item?id=49806385,negative,other
GPT-6 Sol/Luna (Sep 22-23),hacker_news,49806301,https://news.ycombinator.com/item?id=49806301,neutral,
GPT-6 Sol/Luna (Sep 22-23),hacker_news,49806285,https://news.ycombinator.com/item?id=49806285,neutral,
GPT-6 Sol/Luna (Sep 22-23),hacker_news,49806269,https://news.ycombinator.com/item?id=49806269,neutral,
GPT-6 Sol/Luna (Sep 22-23),hacker_news,49806209,https://news.ycombinator.com/item?id=49806209,negative,quality
GPT-6 Sol/Luna (Sep 22-23),hacker_news,49806126,https://news.ycombinator.com/item?id=49806126,neutral,
GPT-6 Sol/Luna (Sep 22-23),hacker_news,49805991,https://news.ycombinator.com/item?id=49805991,neutral,
GPT-6 Sol/Luna (Sep 22-23),hacker_news,49805981,https://news.ycombinator.com/item?id=49805981,irrelevant,
GPT-6 Sol/Luna (Sep 22-23),hacker_news,49805974,https://news.ycombinator.com/item?id=49805974,positive,
GPT-6 Sol/Luna (Sep 22-23),hacker_news,49805963,https://news.ycombinator.com/item?id=49805963,positive,
GPT-6 Sol/Luna (Sep 22-23),hacker_news,49805828,https://news.ycombinator.com/item?id=49805828,irrelevant,
GPT-6 Sol/Luna (Sep 22-23),hacker_news,49805779,https://news.ycombinator.com/item?id=49805779,irrelevant,
GPT-6 Sol/Luna (Sep 22-23),hacker_news,49805710,https://news.ycombinator.com/item?id=49805710,neutral,
GPT-6 Sol/Luna (Sep 22-23),hacker_news,49805615,https://news.ycombinator.com/item?id=49805615,positive,
GPT-6 Sol/Luna (Sep 22-23),hacker_news,49805572,https://news.ycombinator.com/item?id=49805572,positive,
GPT-6 Sol/Luna (Sep 22-23),hacker_news,49805553,https://news.ycombinator.com/item?id=49805553,positive,
GPT-6 Sol/Luna (Sep 22-23),hacker_news,49805509,https://news.ycombinator.com/item?id=49805509,irrelevant,
GPT-6 Sol/Luna (Sep 22-23),hacker_news,49805484,https://news.ycombinator.com/item?id=49805484,irrelevant,
GPT-6 Sol/Luna (Sep 22-23),x,2102548416823951460,https://x.com/CXCarroll/status/2102548416823951460,positive,
GPT-6 Sol/Luna (Sep 22-23),x,2102548275618591203,https://x.com/permaximum88/status/2102548275618591203,negative,quality
GPT-6 Sol/Luna (Sep 22-23),x,2102548268798382376,https://x.com/designersextoyz/status/2102548268798382376,negative,quality
GPT-6 Sol/Luna (Sep 22-23),x,2102548202683560191,https://x.com/CmdWeave/status/2102548202683560191,negative,safeguards
GPT-6 Sol/Luna (Sep 22-23),x,2102548184308539489,https://x.com/FlowAltDelete/status/2102548184308539489,irrelevant,
GPT-6 Sol/Luna (Sep 22-23),x,2102548000589640052,https://x.com/hieuSSR/status/2102548000589640052,positive,
GPT-6 Sol/Luna (Sep 22-23),x,2102547861850206396,https://x.com/kcosr/status/2102547861850206396,negative,quality
GPT-6 Sol/Luna (Sep 22-23),x,2102547743319429290,https://x.com/higgsfield_ai/status/2102547743319429290,irrelevant,
GPT-6 Sol/Luna (Sep 22-23),x,2102547486120477009,https://x.com/abangkis/status/2102547486120477009,irrelevant,
GPT-6 Sol/Luna (Sep 22-23),x,2102547430176886989,https://x.com/aenuio/status/2102547430176886989,irrelevant,
GPT-6 Sol/Luna (Sep 22-23),x,2102547389630624198,https://x.com/Jborgwing/status/2102547389630624198,positive,
GPT-6 Sol/Luna (Sep 22-23),x,2102547375856263644,https://x.com/chrisjdimarco/status/2102547375856263644,neutral,
GPT-6 Sol/Luna (Sep 22-23),x,2102547361633308965,https://x.com/JacqBots/status/2102547361633308965,irrelevant,
GPT-6 Sol/Luna (Sep 22-23),x,2102547352577868062,https://x.com/willisesquivel/status/2102547352577868062,neutral,
GPT-6 Sol/Luna (Sep 22-23),x,2102547326124659007,https://x.com/rupert101182891/status/2102547326124659007,positive,
GPT-6 Sol/Luna (Sep 22-23),x,2102547289323831437,https://x.com/redboynono/status/2102547289323831437,irrelevant,
GPT-6 Sol/Luna (Sep 22-23),x,2102547255341502614,https://x.com/Awesomeshwar/status/2102547255341502614,positive,
GPT-6 Sol/Luna (Sep 22-23),x,2102547241105801469,https://x.com/alexcooldev/status/2102547241105801469,positive,
GPT-6 Sol/Luna (Sep 22-23),x,2102547156775449001,https://x.com/rcpeddada/status/2102547156775449001,irrelevant,
GPT-6 Sol/Luna (Sep 22-23),x,2102547063133307121,https://x.com/dartshell/status/2102547063133307121,negative,other
GPT-6 Sol/Luna (Sep 22-23),x,2102909491893141867,https://x.com/spcx_optimist/status/2102909491893141867,positive,
GPT-6 Sol/Luna (Sep 22-23),x,2102909427515076962,https://x.com/prmartinow/status/2102909427515076962,neutral,
GPT-6 Sol/Luna (Sep 22-23),x,2102909268429316385,https://x.com/sithlordgh/status/2102909268429316385,positive,
GPT-6 Sol/Luna (Sep 22-23),x,2102909148622934310,https://x.com/AIForPeople/status/2102909148622934310,irrelevant,
GPT-6 Sol/Luna (Sep 22-23),x,2102909145485807893,https://x.com/JBungelen/status/2102909145485807893,negative,quality
GPT-6 Sol/Luna (Sep 22-23),x,2102909111151050953,https://x.com/Faisa1/status/2102909111151050953,negative,quality
GPT-6 Sol/Luna (Sep 22-23),x,2102909106621211091,https://x.com/ATMFL80/status/2102909106621211091,irrelevant,
GPT-6 Sol/Luna (Sep 22-23),x,2102908982742675567,https://x.com/JeffKazzee/status/2102908982742675567,irrelevant,
GPT-6 Sol/Luna (Sep 22-23),x,2102908629091320098,https://x.com/mcel757/status/2102908629091320098,negative,quality
GPT-6 Sol/Luna (Sep 22-23),x,2102908365399539753,https://x.com/BrianVS/status/2102908365399539753,irrelevant,
GPT-6 Sol/Luna (Sep 22-23),x,2102907866797514944,https://x.com/elshayib_/status/2102907866797514944,irrelevant,
GPT-6 Sol/Luna (Sep 22-23),x,2102907863907934252,https://x.com/winiam4444/status/2102907863907934252,irrelevant,
GPT-6 Sol/Luna (Sep 22-23),x,2102907481114779847,https://x.com/nationstatesman/status/2102907481114779847,negative,quality
GPT-6 Sol/Luna (Sep 22-23),x,2102907214159900920,https://x.com/_DMontgomery40/status/2102907214159900920,negative,style
GPT-6 Sol/Luna (Sep 22-23),x,2102907018403287187,https://x.com/JDWang11/status/2102907018403287187,irrelevant,
GPT-6 Sol/Luna (Sep 22-23),x,2102906703461150877,https://x.com/mrownz123/status/2102906703461150877,negative,quality
GPT-6 Sol/Luna (Sep 22-23),x,2102906197003374996,https://x.com/JiquanNgiam/status/2102906197003374996,positive,
GPT-6 Sol/Luna (Sep 22-23),x,2102905709067149359,https://x.com/brythebull/status/2102905709067149359,negative,price_limits
GPT-6 Sol/Luna (Sep 22-23),x,2102905386105987225,https://x.com/rvivek/status/2102905386105987225,irrelevant,
GPT-6 Sol/Luna (Sep 22-23),x,2102460975790137662,https://x.com/OpenAI/status/2102460975790137662,irrelevant,
GPT-6 Sol/Luna (Sep 22-23),x,2102510819494002938,https://x.com/notjazii/status/2102510819494002938,negative,quality
GPT-6 Sol/Luna (Sep 22-23),x,2102482093490212948,https://x.com/The_Alex/status/2102482093490212948,irrelevant,
GPT-6 Sol/Luna (Sep 22-23),x,2102527965565448299,https://x.com/EnvolDev/status/2102527965565448299,irrelevant,
GPT-6 Sol/Luna (Sep 22-23),x,2102469344903217197,https://x.com/0xROAS/status/2102469344903217197,positive,
GPT-6 Sol/Luna (Sep 22-23),x,2102531718364426411,https://x.com/clairevo/status/2102531718364426411,irrelevant,
GPT-6 Sol/Luna (Sep 22-23),x,2102462020339613966,https://x.com/ChatGPT/status/2102462020339613966,irrelevant,
GPT-6 Sol/Luna (Sep 22-23),x,2102517074647998479,https://x.com/Soso_fun_yt/status/2102517074647998479,negative,quality
GPT-6 Sol/Luna (Sep 22-23),x,2102472245138411971,https://x.com/WhaleInsider/status/2102472245138411971,irrelevant,
GPT-6 Sol/Luna (Sep 22-23),x,2102489694508642741,https://x.com/RampLabs/status/2102489694508642741,positive,
GPT-6 Sol/Luna (Sep 22-23),x,2102477253070430322,https://x.com/levie/status/2102477253070430322,positive,
GPT-6 Sol/Luna (Sep 22-23),x,2102518363721265324,https://x.com/marfinxx/status/2102518363721265324,neutral,
GPT-6 Sol/Luna (Sep 22-23),x,2102486028250685491,https://x.com/kloss_xyz/status/2102486028250685491,positive,
GPT-6 Sol/Luna (Sep 22-23),x,2102511145558884400,https://x.com/AskVenice/status/2102511145558884400,irrelevant,
GPT-6 Sol/Luna (Sep 22-23),x,2102513786016186672,https://x.com/daniel_mac8/status/2102513786016186672,positive,
GPT-6 Sol/Luna (Sep 22-23),x,2102517464886079536,https://x.com/databricks/status/2102517464886079536,irrelevant,
GPT-6 Sol/Luna (Sep 22-23),x,2102513691719778518,https://x.com/rohanpaul_ai/status/2102513691719778518,positive,
GPT-6 Sol/Luna (Sep 22-23),x,2102539444834402314,https://x.com/dimentary/status/2102539444834402314,neutral,
GPT-6 Sol/Luna (Sep 22-23),x,2102485988131955135,https://x.com/trymirage/status/2102485988131955135,positive,
GPT-6 Sol/Luna (Sep 22-23),x,2102447928455393289,https://x.com/TokenGremlin/status/2102447928455393289,irrelevant,
GPT-6 Sol/Luna (Sep 22-23),x,2102672181305958543,https://x.com/PawelHuryn/status/2102672181305958543,negative,quality
GPT-6 Sol/Luna (Sep 22-23),x,2102771402210476533,https://x.com/seftsaint/status/2102771402210476533,positive,
GPT-6 Sol/Luna (Sep 22-23),x,2102750077202874382,https://x.com/vimtor/status/2102750077202874382,positive,
GPT-6 Sol/Luna (Sep 22-23),x,2102724864205566388,https://x.com/TheHunterBohm/status/2102724864205566388,positive,
GPT-6 Sol/Luna (Sep 22-23),x,2102731683430531562,https://x.com/AIBoticssq/status/2102731683430531562,irrelevant,
GPT-6 Sol/Luna (Sep 22-23),x,2102890934556082496,https://x.com/leo_linsky/status/2102890934556082496,irrelevant,
GPT-6 Sol/Luna (Sep 22-23),x,2102829716277268690,https://x.com/edinsoncode/status/2102829716277268690,positive,
GPT-6 Sol/Luna (Sep 22-23),x,2102618195240632362,https://x.com/UnitaCherop/status/2102618195240632362,negative,quality
GPT-6 Sol/Luna (Sep 22-23),x,2102805110065713311,https://x.com/arnaudmercier/status/2102805110065713311,irrelevant,
GPT-6 Sol/Luna (Sep 22-23),x,2102613044031623670,https://x.com/PrashantByte09/status/2102613044031623670,irrelevant,
GPT-6 Sol/Luna (Sep 22-23),x,2102862042231439645,https://x.com/miu21590/status/2102862042231439645,irrelevant,
GPT-6 Sol/Luna (Sep 22-23),x,2102694818485096803,https://x.com/sairahul1/status/2102694818485096803,positive,
GPT-6 Sol/Luna (Sep 22-23),x,2102808676968824923,https://x.com/TokenGremlin/status/2102808676968824923,positive,
GPT-6 Sol/Luna (Sep 22-23),x,2102801097320693948,https://x.com/mark_k/status/2102801097320693948,negative,quality
GPT-6 Sol/Luna (Sep 22-23),x,2102865339604418843,https://x.com/brandon_galang/status/2102865339604418843,neutral,
GPT-6 Sol/Luna (Sep 22-23),x,2102848982753968192,https://x.com/Defi_Berzio/status/2102848982753968192,irrelevant,
GPT-6 Sol/Luna (Sep 22-23),x,2102614641725559037,https://x.com/xy9301/status/2102614641725559037,negative,quality
GPT-6 Sol/Luna (Sep 22-23),x,2102612242042953740,https://x.com/mrcommando712/status/2102612242042953740,irrelevant,
GPT-6 Sol/Luna (Sep 22-23),x,2102546560693436542,https://x.com/theonlylovert/status/2102546560693436542,positive,
GPT-6 Sol/Luna (Sep 22-23),x,2102546119712477221,https://x.com/Youser2025/status/2102546119712477221,positive,
GPT-6 Sol/Luna (Sep 22-23),x,2102546103984079131,https://x.com/simonw/status/2102546103984079131,irrelevant,
GPT-6 Sol/Luna (Sep 22-23),x,2102546088720998733,https://x.com/danialbka/status/2102546088720998733,positive,
GPT-6 Sol/Luna (Sep 22-23),x,2102545962392576066,https://x.com/nestersk/status/2102545962392576066,neutral,
GPT-6 Sol/Luna (Sep 22-23),x,2102545940577951763,https://x.com/InderosD/status/2102545940577951763,neutral,
GPT-6 Sol/Luna (Sep 22-23),x,2102545939713970258,https://x.com/marcelkoca/status/2102545939713970258,negative,quality
GPT-6 Sol/Luna (Sep 22-23),x,2102545932025987338,https://x.com/marcelkoca/status/2102545932025987338,irrelevant,
GPT-6 Sol/Luna (Sep 22-23),x,2102545860747817144,https://x.com/abugiza_/status/2102545860747817144,irrelevant,
GPT-6 Sol/Luna (Sep 22-23),x,2102545662495928544,https://x.com/hifihedgehog/status/2102545662495928544,negative,other
GPT-6 Sol/Luna (Sep 22-23),x,2102545417414267360,https://x.com/QuantizedDen/status/2102545417414267360,negative,quality
GPT-6 Sol/Luna (Sep 22-23),x,2102545266914255250,https://x.com/ericvanholtz/status/2102545266914255250,positive,
GPT-6 Sol/Luna (Sep 22-23),x,2102545123053810006,https://x.com/SebastianKits/status/2102545123053810006,irrelevant,
GPT-6 Sol/Luna (Sep 22-23),x,2102544997148926449,https://x.com/btsouth/status/2102544997148926449,positive,
GPT-6 Sol/Luna (Sep 22-23),x,2102544856589475857,https://x.com/glowbomlabs/status/2102544856589475857,irrelevant,
GPT-6 Sol/Luna (Sep 22-23),x,2102544775228346470,https://x.com/unbenchmark/status/2102544775228346470,irrelevant,
GPT-6 Sol/Luna (Sep 22-23),x,2102544770774020546,https://x.com/gitghxst/status/2102544770774020546,irrelevant,
GPT-6 Sol/Luna (Sep 22-23),x,2102544588854493667,https://x.com/soyoctaviosimon/status/2102544588854493667,neutral,
GPT-6 Sol/Luna (Sep 22-23),x,2102544484202414168,https://x.com/jacobilin/status/2102544484202414168,irrelevant,
GPT-6 Sol/Luna (Sep 22-23),x,2102544472085012507,https://x.com/WescheNex1q/status/2102544472085012507,neutral,
GPT-6 Sol/Luna (Sep 22-23),x,2102905178764775433,https://x.com/tumacius/status/2102905178764775433,negative,quality
GPT-6 Sol/Luna (Sep 22-23),x,2102904567658676662,https://x.com/rubenssoto_ai/status/2102904567658676662,positive,
GPT-6 Sol/Luna (Sep 22-23),x,2102904343842209953,https://x.com/dantestw0/status/2102904343842209953,irrelevant,
GPT-6 Sol/Luna (Sep 22-23),x,2102903963376910415,https://x.com/RealRockGabi/status/2102903963376910415,negative,quality
GPT-6 Sol/Luna (Sep 22-23),x,2102903826386932109,https://x.com/manishsinhaha/status/2102903826386932109,negative,price_limits
GPT-6 Sol/Luna (Sep 22-23),x,2102903127494341036,https://x.com/deredleritt3r/status/2102903127494341036,irrelevant,
GPT-6 Sol/Luna (Sep 22-23),x,2102902835142623287,https://x.com/gsusMad/status/2102902835142623287,negative,quality
GPT-6 Sol/Luna (Sep 22-23),x,2102902521194746199,https://x.com/TechDeckNews/status/2102902521194746199,positive,
GPT-6 Sol/Luna (Sep 22-23),x,2102902166662877298,https://x.com/PawelHuryn/status/2102902166662877298,negative,quality
GPT-6 Sol/Luna (Sep 22-23),x,2102901640969769077,https://x.com/Hakamite/status/2102901640969769077,irrelevant,
GPT-6 Sol/Luna (Sep 22-23),x,2102901486133068212,https://x.com/usecrayon/status/2102901486133068212,positive,
GPT-6 Sol/Luna (Sep 22-23),x,2102901316385124560,https://x.com/SolHater1999/status/2102901316385124560,irrelevant,
GPT-6 Sol/Luna (Sep 22-23),x,2102901010238677294,https://x.com/JoeSimo/status/2102901010238677294,negative,quality
GPT-6 Sol/Luna (Sep 22-23),x,2102900242698121283,https://x.com/_DMontgomery40/status/2102900242698121283,negative,quality
GPT-6 Sol/Luna (Sep 22-23),x,2102900027006005389,https://x.com/gsusMad/status/2102900027006005389,negative,quality
GPT-6 Sol/Luna (Sep 22-23),x,2102899208550539754,https://x.com/ItsNotTheGabs/status/2102899208550539754,neutral,
GPT-6 Sol/Luna (Sep 22-23),x,2102898797542277170,https://x.com/Angaisb_/status/2102898797542277170,negative,quality
GPT-6 Sol/Luna (Sep 22-23),x,2102898520265203814,https://x.com/alramalh0/status/2102898520265203814,negative,quality
GPT-6 Sol/Luna (Sep 22-23),x,2102464672519815512,https://x.com/sama/status/2102464672519815512,positive,
GPT-6 Sol/Luna (Sep 22-23),x,2102463847714247142,https://x.com/thsottiaux/status/2102463847714247142,positive,
GPT-6 Sol/Luna (Sep 22-23),x,2102463889430790209,https://x.com/victornunez/status/2102463889430790209,positive,
GPT-6 Sol/Luna (Sep 22-23),x,2102533370937053281,https://x.com/theo/status/2102533370937053281,irrelevant,
GPT-6 Sol/Luna (Sep 22-23),x,2102475647562195050,https://x.com/weswinder/status/2102475647562195050,negative,quality
GPT-6 Sol/Luna (Sep 22-23),x,2102375210372702691,https://x.com/pankajkumar_dev/status/2102375210372702691,irrelevant,
GPT-6 Sol/Luna (Sep 22-23),x,2102458525247234189,https://x.com/Hangsiin/status/2102458525247234189,irrelevant,
GPT-6 Sol/Luna (Sep 22-23),x,2102473691426947218,https://x.com/maria_rcks/status/2102473691426947218,negative,quality
GPT-6 Sol/Luna (Sep 22-23),x,2102457987084464169,https://x.com/CodexReleases/status/2102457987084464169,irrelevant,
GPT-6 Sol/Luna (Sep 22-23),x,2102496257386389825,https://x.com/AnatoliKopadze/status/2102496257386389825,negative,quality
GPT-6 Sol/Luna (Sep 22-23),x,2102458054214090945,https://x.com/mark_k/status/2102458054214090945,positive,
GPT-6 Sol/Luna (Sep 22-23),x,2102459985766883805,https://x.com/alexpoppescu/status/2102459985766883805,positive,
GPT-6 Sol/Luna (Sep 22-23),x,2102388165931905352,https://x.com/ravikiran_dev7/status/2102388165931905352,irrelevant,
GPT-6 Sol/Luna (Sep 22-23),x,2102518522694050127,https://x.com/TimJayas/status/2102518522694050127,positive,
GPT-6 Sol/Luna (Sep 22-23),x,2102516432911360472,https://x.com/silennai/status/2102516432911360472,positive,
GPT-6 Sol/Luna (Sep 22-23),x,2102500545504158170,https://x.com/mrtanviir/status/2102500545504158170,irrelevant,
GPT-6 Sol/Luna (Sep 22-23),x,2102458153866797387,https://x.com/johncrickett/status/2102458153866797387,irrelevant,
GPT-6 Sol/Luna (Sep 22-23),x,2102385964224040960,https://x.com/VraserX/status/2102385964224040960,irrelevant,
GPT-6 Sol/Luna (Sep 22-23),x,2102483607675904503,https://x.com/leonclipping/status/2102483607675904503,positive,
GPT-6 Sol/Luna (Sep 22-23),x,2102455266532864148,https://x.com/synthwavedd/status/2102455266532864148,irrelevant,
GPT-6 Sol/Luna (Sep 22-23),x,2102544390808113233,https://x.com/AIRoboticsInt/status/2102544390808113233,neutral,
GPT-6 Sol/Luna (Sep 22-23),x,2102544337187864897,https://x.com/anasdaily1/status/2102544337187864897,negative,quality
GPT-6 Sol/Luna (Sep 22-23),x,2102543863181369490,https://x.com/VectorQl/status/2102543863181369490,irrelevant,
GPT-6 Sol/Luna (Sep 22-23),x,2102543853282877595,https://x.com/melvynx/status/2102543853282877595,positive,
GPT-6 Sol/Luna (Sep 22-23),x,2102543851349070095,https://x.com/AndreGBernhardt/status/2102543851349070095,irrelevant,
GPT-6 Sol/Luna (Sep 22-23),x,2102543721296232810,https://x.com/Romario__XYZ/status/2102543721296232810,negative,quality
GPT-6 Sol/Luna (Sep 22-23),x,2102543644884443399,https://x.com/RamziBelha724/status/2102543644884443399,negative,quality
GPT-6 Sol/Luna (Sep 22-23),x,2102543596247466348,https://x.com/burckmeister/status/2102543596247466348,negative,quality
GPT-6 Sol/Luna (Sep 22-23),x,2102543586596356216,https://x.com/web3bits/status/2102543586596356216,negative,quality
GPT-6 Sol/Luna (Sep 22-23),x,2102543541561921685,https://x.com/penuel_dem/status/2102543541561921685,positive,
GPT-6 Sol/Luna (Sep 22-23),x,2102543438294241354,https://x.com/cueyofficial/status/2102543438294241354,irrelevant,
GPT-6 Sol/Luna (Sep 22-23),x,2102543304873378018,https://x.com/lumeroute/status/2102543304873378018,negative,quality
GPT-6 Sol/Luna (Sep 22-23),x,2102543258069188986,https://x.com/abangkis/status/2102543258069188986,positive,
GPT-6 Sol/Luna (Sep 22-23),x,2102543226993528986,https://x.com/gpurouter/status/2102543226993528986,irrelevant,
GPT-6 Sol/Luna (Sep 22-23),x,2102543226456690983,https://x.com/uncapped/status/2102543226456690983,positive,
GPT-6 Sol/Luna (Sep 22-23),x,2102543048056140202,https://x.com/AlexMultiFamily/status/2102543048056140202,irrelevant,
GPT-6 Sol/Luna (Sep 22-23),x,2102543019031581043,https://x.com/lumeroute/status/2102543019031581043,irrelevant,
GPT-6 Sol/Luna (Sep 22-23),x,2102542990342570236,https://x.com/HighScore_AI/status/2102542990342570236,irrelevant,
GPT-6 Sol/Luna (Sep 22-23),x,2102542966749360275,https://x.com/penuel_dem/status/2102542966749360275,positive,
GPT-6 Sol/Luna (Sep 22-23),x,2102542878681526683,https://x.com/Ronin_WorkshopJ/status/2102542878681526683,irrelevant,
GPT-6 Sol/Luna (Sep 22-23),x,2102710094635171942,https://x.com/scottstts/status/2102710094635171942,negative,quality
GPT-6 Sol/Luna (Sep 22-23),x,2102589119650234810,https://x.com/LDT0545/status/2102589119650234810,irrelevant,
GPT-6 Sol/Luna (Sep 22-23),x,2102826061323006330,https://x.com/nicdunz/status/2102826061323006330,irrelevant,
GPT-6 Sol/Luna (Sep 22-23),x,2102573206519660808,https://x.com/melvindvivas/status/2102573206519660808,irrelevant,
GPT-6 Sol/Luna (Sep 22-23),x,2102750422318588016,https://x.com/melvindvivas/status/2102750422318588016,irrelevant,
GPT-6 Sol/Luna (Sep 22-23),x,2102821403389317225,https://x.com/ziwenxu_/status/2102821403389317225,positive,
GPT-6 Sol/Luna (Sep 22-23),x,2102818185539964959,https://x.com/mark_k/status/2102818185539964959,negative,quality
GPT-6 Sol/Luna (Sep 22-23),x,2102678018942771340,https://x.com/AmsterFlow/status/2102678018942771340,irrelevant,
GPT-6 Sol/Luna (Sep 22-23),x,2102736031363584095,https://x.com/scottstts/status/2102736031363584095,negative,price_limits
GPT-6 Sol/Luna (Sep 22-23),x,2102749257144934787,https://x.com/shmidtqq/status/2102749257144934787,irrelevant,
GPT-6 Sol/Luna (Sep 22-23),x,2102745020927561840,https://x.com/pipeline_os/status/2102745020927561840,positive,
GPT-6 Sol/Luna (Sep 22-23),x,2102886777686266177,https://x.com/ZryMiller/status/2102886777686266177,negative,quality
GPT-6 Sol/Luna (Sep 22-23),x,2102701672355295640,https://x.com/kepochnik/status/2102701672355295640,irrelevant,
GPT-6 Sol/Luna (Sep 22-23),x,2102565251883606206,https://x.com/higgsfield_ai/status/2102565251883606206,irrelevant,
GPT-6 Sol/Luna (Sep 22-23),x,2102863011287650349,https://x.com/Usmanali_90/status/2102863011287650349,irrelevant,
GPT-6 Sol/Luna (Sep 22-23),x,2102844760964669657,https://x.com/LDT0545/status/2102844760964669657,positive,
GPT-6 Sol/Luna (Sep 22-23),x,2102813364812464233,https://x.com/somehowali/status/2102813364812464233,irrelevant,
GPT-6 Sol/Luna (Sep 22-23),x,2102727708061098468,https://x.com/luckeyfaraday/status/2102727708061098468,positive,
GPT-6 Sol/Luna (Sep 22-23),x,2102766846202253560,https://x.com/VadimStrizheus/status/2102766846202253560,positive,
GPT-6 Sol/Luna (Sep 22-23),x,2102795814355763277,https://x.com/Bhavani_00007/status/2102795814355763277,neutral,
GPT-6 Sol/Luna (Sep 22-23),x,2102898038352322593,https://x.com/MTSlive/status/2102898038352322593,neutral,
GPT-6 Sol/Luna (Sep 22-23),x,2102897841295515930,https://x.com/michaelrbock/status/2102897841295515930,negative,quality
GPT-6 Sol/Luna (Sep 22-23),x,2102897815790006456,https://x.com/Skunkmonkey1243/status/2102897815790006456,negative,other
GPT-6 Sol/Luna (Sep 22-23),x,2102897813101416472,https://x.com/michaelrbock/status/2102897813101416472,positive,
GPT-6 Sol/Luna (Sep 22-23),x,2102897797192359987,https://x.com/michaelrbock/status/2102897797192359987,positive,
GPT-6 Sol/Luna (Sep 22-23),x,2102897591755448670,https://x.com/JBungelen/status/2102897591755448670,negative,quality
GPT-6 Sol/Luna (Sep 22-23),x,2102897258983313712,https://x.com/noclipepe/status/2102897258983313712,neutral,
GPT-6 Sol/Luna (Sep 22-23),x,2102896973993128408,https://x.com/NiteLiteDF/status/2102896973993128408,neutral,
GPT-6 Sol/Luna (Sep 22-23),x,2102896745047117840,https://x.com/pigeon__s/status/2102896745047117840,neutral,
GPT-6 Sol/Luna (Sep 22-23),x,2102896105268691238,https://x.com/MichaelGannotti/status/2102896105268691238,negative,quality
GPT-6 Sol/Luna (Sep 22-23),x,2102895910019846260,https://x.com/i1tri/status/2102895910019846260,irrelevant,
GPT-6 Sol/Luna (Sep 22-23),x,2102895899940982828,https://x.com/NextoraChannel/status/2102895899940982828,irrelevant,
GPT-6 Sol/Luna (Sep 22-23),x,2102895888381169690,https://x.com/AndilesAnthony/status/2102895888381169690,positive,
GPT-6 Sol/Luna (Sep 22-23),x,2102895826901102930,https://x.com/creatorr404/status/2102895826901102930,irrelevant,
GPT-6 Sol/Luna (Sep 22-23),x,2102895398801072438,https://x.com/JuniosemR__/status/2102895398801072438,irrelevant,
GPT-6 Sol/Luna (Sep 22-23),x,2102895026078413063,https://x.com/o_vag/status/2102895026078413063,irrelevant,
GPT-6 Sol/Luna (Sep 22-23),x,2102894666597208409,https://x.com/ForwardEditor/status/2102894666597208409,irrelevant,
GPT-6 Sol/Luna (Sep 22-23),x,2102542488162480480,https://x.com/permaximum88/status/2102542488162480480,positive,
GPT-6 Sol/Luna (Sep 22-23),x,2102542429849063918,https://x.com/RodrigOrnellas/status/2102542429849063918,positive,
GPT-6 Sol/Luna (Sep 22-23),x,2102542420684484727,https://x.com/AIRoboticsInt/status/2102542420684484727,positive,
GPT-6 Sol/Luna (Sep 22-23),x,2102542407221080494,https://x.com/noelkimx/status/2102542407221080494,negative,other
GPT-6 Sol/Luna (Sep 22-23),x,2102542314774339588,https://x.com/0xzxcom/status/2102542314774339588,irrelevant,
GPT-6 Sol/Luna (Sep 22-23),x,2102542290107478089,https://x.com/YuXiang_IRVL/status/2102542290107478089,negative,quality
GPT-6 Sol/Luna (Sep 22-23),x,2102542275922559344,https://x.com/BillSPACman/status/2102542275922559344,positive,
GPT-6 Sol/Luna (Sep 22-23),x,2102541589944168893,https://x.com/LucianoDesu7/status/2102541589944168893,negative,quality
GPT-6 Sol/Luna (Sep 22-23),x,2102541367155273868,https://x.com/LomashKumar52/status/2102541367155273868,irrelevant,
GPT-6 Sol/Luna (Sep 22-23),x,2102541324700229670,https://x.com/junie_ai/status/2102541324700229670,irrelevant,
GPT-6 Sol/Luna (Sep 22-23),x,2102541224041439625,https://x.com/wahedsikder/status/2102541224041439625,irrelevant,
GPT-6 Sol/Luna (Sep 22-23),x,2102541193553023016,https://x.com/MichaelGannotti/status/2102541193553023016,negative,quality
GPT-6 Sol/Luna (Sep 22-23),x,2102540785669263529,https://x.com/Youser2025/status/2102540785669263529,positive,
GPT-6 Sol/Luna (Sep 22-23),x,2102540735178522930,https://x.com/luccahuguet/status/2102540735178522930,irrelevant,
GPT-6 Sol/Luna (Sep 22-23),x,2102540615221424167,https://x.com/Innora_sg/status/2102540615221424167,negative,quality
GPT-6 Sol/Luna (Sep 22-23),x,2102540607251960230,https://x.com/PaulSolt/status/2102540607251960230,irrelevant,
GPT-6 Sol/Luna (Sep 22-23),x,2102540549949673476,https://x.com/aenuio/status/2102540549949673476,positive,
GPT-6 Sol/Luna (Sep 22-23),x,2102540438863487236,https://x.com/heihei12311231/status/2102540438863487236,negative,quality
GPT-6 Sol/Luna (Sep 22-23),x,2102790472959664327,https://x.com/PedroGuiti/status/2102790472959664327,irrelevant,
GPT-6 Sol/Luna (Sep 22-23),x,2102731822832693628,https://x.com/AIsaOneHQ/status/2102731822832693628,irrelevant,
GPT-6 Sol/Luna (Sep 22-23),x,2102657235218551016,https://x.com/TheLatentCo/status/2102657235218551016,neutral,
GPT-6 Sol/Luna (Sep 22-23),x,2102732213095629071,https://x.com/adlenesifi/status/2102732213095629071,irrelevant,
GPT-6 Sol/Luna (Sep 22-23),x,2102806554340974612,https://x.com/arena/status/2102806554340974612,positive,
GPT-6 Sol/Luna (Sep 22-23),x,2102733496326250538,https://x.com/voxelbench/status/2102733496326250538,positive,
GPT-6 Sol/Luna (Sep 22-23),x,2102834232406294971,https://x.com/svmacc/status/2102834232406294971,irrelevant,
GPT-6 Sol/Luna (Sep 22-23),x,2102700765911683501,https://x.com/questflow/status/2102700765911683501,irrelevant,
GPT-6 Sol/Luna (Sep 22-23),x,2102746269609586830,https://x.com/_jensec/status/2102746269609586830,negative,quality
GPT-6 Sol/Luna (Sep 22-23),x,2102770616478597369,https://x.com/hiarun02/status/2102770616478597369,irrelevant,
GPT-6 Sol/Luna (Sep 22-23),x,2102874058811678893,https://x.com/ValsAI/status/2102874058811678893,positive,
GPT-6 Sol/Luna (Sep 22-23),x,2102722250264789423,https://x.com/pilvar222/status/2102722250264789423,negative,quality
GPT-6 Sol/Luna (Sep 22-23),x,2102842951219155262,https://x.com/Screeendev/status/2102842951219155262,negative,quality
GPT-6 Sol/Luna (Sep 22-23),x,2102693622965846094,https://x.com/1littlecoder/status/2102693622965846094,negative,quality
GPT-6 Sol/Luna (Sep 22-23),x,2102358340466888758,https://x.com/kimmonismus/status/2102358340466888758,irrelevant,
GPT-6 Sol/Luna (Sep 22-23),x,2102402537186070614,https://x.com/haider1/status/2102402537186070614,irrelevant,
GPT-6 Sol/Luna (Sep 22-23),x,2102379810135928897,https://x.com/ziwenxu_/status/2102379810135928897,irrelevant,
GPT-6 Sol/Luna (Sep 22-23),x,2102359511634006184,https://x.com/ChrisGPT/status/2102359511634006184,irrelevant,
GPT-6 Sol/Luna (Sep 22-23),x,2102464201335984392,https://x.com/sama/status/2102464201335984392,positive,
GPT-6 Sol/Luna (Sep 22-23),x,2102463891884425623,https://x.com/ns123abc/status/2102463891884425623,irrelevant,
Opus 5 (Jul 26-29),hacker_news,49093814,https://news.ycombinator.com/item?id=49093814,neutral,
Opus 5 (Jul 26-29),hacker_news,49093316,https://news.ycombinator.com/item?id=49093316,irrelevant,
Opus 5 (Jul 26-29),hacker_news,49092230,https://news.ycombinator.com/item?id=49092230,negative,style
Opus 5 (Jul 26-29),hacker_news,49091855,https://news.ycombinator.com/item?id=49091855,irrelevant,
Opus 5 (Jul 26-29),hacker_news,49090025,https://news.ycombinator.com/item?id=49090025,irrelevant,
Opus 5 (Jul 26-29),hacker_news,49089689,https://news.ycombinator.com/item?id=49089689,negative,style
Opus 5 (Jul 26-29),hacker_news,49089313,https://news.ycombinator.com/item?id=49089313,negative,quality
Opus 5 (Jul 26-29),hacker_news,49088969,https://news.ycombinator.com/item?id=49088969,irrelevant,
Opus 5 (Jul 26-29),hacker_news,49088908,https://news.ycombinator.com/item?id=49088908,irrelevant,
Opus 5 (Jul 26-29),hacker_news,49088587,https://news.ycombinator.com/item?id=49088587,irrelevant,
Opus 5 (Jul 26-29),hacker_news,49088037,https://news.ycombinator.com/item?id=49088037,negative,other
Opus 5 (Jul 26-29),hacker_news,49086808,https://news.ycombinator.com/item?id=49086808,positive,
Opus 5 (Jul 26-29),hacker_news,49085939,https://news.ycombinator.com/item?id=49085939,irrelevant,
Opus 5 (Jul 26-29),hacker_news,49084651,https://news.ycombinator.com/item?id=49084651,negative,style
Opus 5 (Jul 26-29),hacker_news,49083948,https://news.ycombinator.com/item?id=49083948,negative,other
Opus 5 (Jul 26-29),hacker_news,49082705,https://news.ycombinator.com/item?id=49082705,negative,other
Opus 5 (Jul 26-29),hacker_news,49082442,https://news.ycombinator.com/item?id=49082442,negative,quality
Opus 5 (Jul 26-29),hacker_news,49082152,https://news.ycombinator.com/item?id=49082152,positive,
Opus 5 (Jul 26-29),hacker_news,49082057,https://news.ycombinator.com/item?id=49082057,negative,price_limits
Opus 5 (Jul 26-29),hacker_news,49081970,https://news.ycombinator.com/item?id=49081970,positive,
Opus 5 (Jul 26-29),hacker_news,49081725,https://news.ycombinator.com/item?id=49081725,negative,quality
Opus 5 (Jul 26-29),hacker_news,49081666,https://news.ycombinator.com/item?id=49081666,positive,
Opus 5 (Jul 26-29),hacker_news,49081147,https://news.ycombinator.com/item?id=49081147,positive,
Opus 5 (Jul 26-29),hacker_news,49080887,https://news.ycombinator.com/item?id=49080887,irrelevant,
Opus 5 (Jul 26-29),hacker_news,49080801,https://news.ycombinator.com/item?id=49080801,irrelevant,
Opus 5 (Jul 26-29),hacker_news,49080800,https://news.ycombinator.com/item?id=49080800,irrelevant,
Opus 5 (Jul 26-29),hacker_news,49080176,https://news.ycombinator.com/item?id=49080176,neutral,
Opus 5 (Jul 26-29),hacker_news,49080152,https://news.ycombinator.com/item?id=49080152,positive,
Opus 5 (Jul 26-29),hacker_news,49080140,https://news.ycombinator.com/item?id=49080140,irrelevant,
Opus 5 (Jul 26-29),hacker_news,49080135,https://news.ycombinator.com/item?id=49080135,irrelevant,
Opus 5 (Jul 26-29),hacker_news,49080129,https://news.ycombinator.com/item?id=49080129,irrelevant,
Opus 5 (Jul 26-29),hacker_news,49080010,https://news.ycombinator.com/item?id=49080010,negative,quality
Opus 5 (Jul 26-29),hacker_news,49079830,https://news.ycombinator.com/item?id=49079830,irrelevant,
Opus 5 (Jul 26-29),hacker_news,49079659,https://news.ycombinator.com/item?id=49079659,positive,
Opus 5 (Jul 26-29),hacker_news,49079256,https://news.ycombinator.com/item?id=49079256,negative,other
Opus 5 (Jul 26-29),hacker_news,49079250,https://news.ycombinator.com/item?id=49079250,neutral,
Opus 5 (Jul 26-29),hacker_news,49079191,https://news.ycombinator.com/item?id=49079191,negative,quality
Opus 5 (Jul 26-29),hacker_news,49079134,https://news.ycombinator.com/item?id=49079134,positive,
Opus 5 (Jul 26-29),hacker_news,49078833,https://news.ycombinator.com/item?id=49078833,positive,
Opus 5 (Jul 26-29),hacker_news,49078696,https://news.ycombinator.com/item?id=49078696,positive,
Opus 5 (Jul 26-29),hacker_news,49078638,https://news.ycombinator.com/item?id=49078638,negative,quality
Opus 5 (Jul 26-29),hacker_news,49078388,https://news.ycombinator.com/item?id=49078388,negative,quality
Opus 5 (Jul 26-29),hacker_news,49078135,https://news.ycombinator.com/item?id=49078135,positive,
Opus 5 (Jul 26-29),hacker_news,49077839,https://news.ycombinator.com/item?id=49077839,positive,
Opus 5 (Jul 26-29),hacker_news,49077815,https://news.ycombinator.com/item?id=49077815,irrelevant,
Opus 5 (Jul 26-29),hacker_news,49077623,https://news.ycombinator.com/item?id=49077623,positive,
Opus 5 (Jul 26-29),hacker_news,49077582,https://news.ycombinator.com/item?id=49077582,neutral,
Opus 5 (Jul 26-29),hacker_news,49077555,https://news.ycombinator.com/item?id=49077555,negative,quality
Opus 5 (Jul 26-29),hacker_news,49077412,https://news.ycombinator.com/item?id=49077412,irrelevant,
Opus 5 (Jul 26-29),hacker_news,49077109,https://news.ycombinator.com/item?id=49077109,negative,quality
Opus 5 (Jul 26-29),hacker_news,49076511,https://news.ycombinator.com/item?id=49076511,negative,quality
Opus 5 (Jul 26-29),hacker_news,49076391,https://news.ycombinator.com/item?id=49076391,irrelevant,
Opus 5 (Jul 26-29),hacker_news,49076268,https://news.ycombinator.com/item?id=49076268,neutral,
Opus 5 (Jul 26-29),hacker_news,49076110,https://news.ycombinator.com/item?id=49076110,negative,quality
Opus 5 (Jul 26-29),hacker_news,49075878,https://news.ycombinator.com/item?id=49075878,negative,price_limits
Opus 5 (Jul 26-29),hacker_news,49075820,https://news.ycombinator.com/item?id=49075820,irrelevant,
Opus 5 (Jul 26-29),hacker_news,49075729,https://news.ycombinator.com/item?id=49075729,negative,quality
Opus 5 (Jul 26-29),hacker_news,49074882,https://news.ycombinator.com/item?id=49074882,positive,
Opus 5 (Jul 26-29),hacker_news,49074644,https://news.ycombinator.com/item?id=49074644,positive,
Opus 5 (Jul 26-29),hacker_news,49074597,https://news.ycombinator.com/item?id=49074597,negative,other
Opus 5 (Jul 26-29),hacker_news,49074496,https://news.ycombinator.com/item?id=49074496,neutral,
Opus 5 (Jul 26-29),hacker_news,49074396,https://news.ycombinator.com/item?id=49074396,negative,quality
Opus 5 (Jul 26-29),hacker_news,49073056,https://news.ycombinator.com/item?id=49073056,negative,quality
Opus 5 (Jul 26-29),hacker_news,49072199,https://news.ycombinator.com/item?id=49072199,irrelevant,
Opus 5 (Jul 26-29),hacker_news,49071552,https://news.ycombinator.com/item?id=49071552,neutral,
Opus 5 (Jul 26-29),hacker_news,49071168,https://news.ycombinator.com/item?id=49071168,irrelevant,
Opus 5 (Jul 26-29),hacker_news,49071077,https://news.ycombinator.com/item?id=49071077,positive,
Opus 5 (Jul 26-29),hacker_news,49070285,https://news.ycombinator.com/item?id=49070285,irrelevant,
Opus 5 (Jul 26-29),hacker_news,49070170,https://news.ycombinator.com/item?id=49070170,irrelevant,
Opus 5 (Jul 26-29),hacker_news,49070045,https://news.ycombinator.com/item?id=49070045,negative,safeguards
Opus 5 (Jul 26-29),hacker_news,49069827,https://news.ycombinator.com/item?id=49069827,irrelevant,
Opus 5 (Jul 26-29),hacker_news,49069725,https://news.ycombinator.com/item?id=49069725,negative,other
Opus 5 (Jul 26-29),hacker_news,49069214,https://news.ycombinator.com/item?id=49069214,negative,quality
Opus 5 (Jul 26-29),hacker_news,49069144,https://news.ycombinator.com/item?id=49069144,negative,quality
Opus 5 (Jul 26-29),hacker_news,49069122,https://news.ycombinator.com/item?id=49069122,negative,quality
Opus 5 (Jul 26-29),hacker_news,49069055,https://news.ycombinator.com/item?id=49069055,negative,quality
Opus 5 (Jul 26-29),hacker_news,49069044,https://news.ycombinator.com/item?id=49069044,irrelevant,
Opus 5 (Jul 26-29),hacker_news,49068792,https://news.ycombinator.com/item?id=49068792,positive,
Opus 5 (Jul 26-29),hacker_news,49068712,https://news.ycombinator.com/item?id=49068712,negative,quality
Opus 5 (Jul 26-29),hacker_news,49068643,https://news.ycombinator.com/item?id=49068643,positive,
Opus 5 (Jul 26-29),hacker_news,49068620,https://news.ycombinator.com/item?id=49068620,negative,quality
Opus 5 (Jul 26-29),hacker_news,49068613,https://news.ycombinator.com/item?id=49068613,negative,quality
Opus 5 (Jul 26-29),hacker_news,49068610,https://news.ycombinator.com/item?id=49068610,neutral,
Opus 5 (Jul 26-29),hacker_news,49068522,https://news.ycombinator.com/item?id=49068522,negative,quality
Opus 5 (Jul 26-29),hacker_news,49068029,https://news.ycombinator.com/item?id=49068029,irrelevant,
Opus 5 (Jul 26-29),hacker_news,49068015,https://news.ycombinator.com/item?id=49068015,negative,style
Opus 5 (Jul 26-29),hacker_news,49066728,https://news.ycombinator.com/item?id=49066728,neutral,
Opus 5 (Jul 26-29),hacker_news,49066591,https://news.ycombinator.com/item?id=49066591,irrelevant,
Opus 5 (Jul 26-29),hacker_news,49065671,https://news.ycombinator.com/item?id=49065671,positive,
Opus 5 (Jul 26-29),hacker_news,49064658,https://news.ycombinator.com/item?id=49064658,positive,
Opus 5 (Jul 26-29),hacker_news,49064416,https://news.ycombinator.com/item?id=49064416,irrelevant,
Opus 5 (Jul 26-29),hacker_news,49063454,https://news.ycombinator.com/item?id=49063454,irrelevant,
Opus 5 (Jul 26-29),hacker_news,49063404,https://news.ycombinator.com/item?id=49063404,positive,
Opus 5 (Jul 26-29),hacker_news,49063071,https://news.ycombinator.com/item?id=49063071,irrelevant,
Opus 5 (Jul 26-29),hacker_news,49062216,https://news.ycombinator.com/item?id=49062216,negative,price_limits
Opus 5 (Jul 26-29),hacker_news,49062191,https://news.ycombinator.com/item?id=49062191,irrelevant,
Opus 5 (Jul 26-29),hacker_news,49061920,https://news.ycombinator.com/item?id=49061920,negative,price_limits
Opus 5 (Jul 26-29),hacker_news,49058705,https://news.ycombinator.com/item?id=49058705,neutral,
Opus 5 (Jul 26-29),hacker_news,49057991,https://news.ycombinator.com/item?id=49057991,negative,safeguards
Opus 5 (Jul 26-29),hacker_news,49057751,https://news.ycombinator.com/item?id=49057751,irrelevant,
Opus 5 (Jul 26-29),hacker_news,49057390,https://news.ycombinator.com/item?id=49057390,negative,safeguards
Opus 5 (Jul 26-29),hacker_news,49057340,https://news.ycombinator.com/item?id=49057340,neutral,
Opus 5 (Jul 26-29),hacker_news,49056446,https://news.ycombinator.com/item?id=49056446,irrelevant,
Opus 5 (Jul 26-29),hacker_news,49056194,https://news.ycombinator.com/item?id=49056194,irrelevant,
Opus 5 (Jul 26-29),hacker_news,49056022,https://news.ycombinator.com/item?id=49056022,irrelevant,
Opus 5 (Jul 26-29),x,2081688882534302115,https://x.com/vaaselene/status/2081688882534302115,negative,quality
Opus 5 (Jul 26-29),x,2081843316920930359,https://x.com/RoundtableSpace/status/2081843316920930359,neutral,
Opus 5 (Jul 26-29),x,2081705185886212442,https://x.com/sairahul1/status/2081705185886212442,positive,
Opus 5 (Jul 26-29),x,2081735237235789956,https://x.com/jarrodwatts/status/2081735237235789956,positive,
Opus 5 (Jul 26-29),x,2081737872579908017,https://x.com/sairahul1/status/2081737872579908017,positive,
Opus 5 (Jul 26-29),x,2081691300991320116,https://x.com/VaibhavSisinty/status/2081691300991320116,neutral,
Opus 5 (Jul 26-29),x,2081681750128738401,https://x.com/vikktorrrre/status/2081681750128738401,positive,
Opus 5 (Jul 26-29),x,2081662414374744386,https://x.com/AIHighlight/status/2081662414374744386,positive,
Opus 5 (Jul 26-29),x,2081735040057380948,https://x.com/bloggersarvesh/status/2081735040057380948,positive,
Opus 5 (Jul 26-29),x,2081807030826705146,https://x.com/RaoulGMI/status/2081807030826705146,negative,quality
Opus 5 (Jul 26-29),x,2081669826880438573,https://x.com/rezoundous/status/2081669826880438573,negative,quality
Opus 5 (Jul 26-29),x,2081691487818178630,https://x.com/hey_madni/status/2081691487818178630,positive,
Opus 5 (Jul 26-29),x,2081786696899653743,https://x.com/drapzdesigns/status/2081786696899653743,negative,quality
Opus 5 (Jul 26-29),x,2081862436563665337,https://x.com/aipulseda1ly/status/2081862436563665337,positive,
Opus 5 (Jul 26-29),x,2081749689204936894,https://x.com/mikenevermiss/status/2081749689204936894,positive,
Opus 5 (Jul 26-29),x,2081828217783210138,https://x.com/RoundtableSpace/status/2081828217783210138,positive,
Opus 5 (Jul 26-29),x,2081796129411211338,https://x.com/0xCodez/status/2081796129411211338,positive,
Opus 5 (Jul 26-29),x,2082252838722535860,https://x.com/budleiser/status/2082252838722535860,negative,quality
Opus 5 (Jul 26-29),x,2082252823979569656,https://x.com/PieroHerrera1/status/2082252823979569656,irrelevant,
Opus 5 (Jul 26-29),x,2082252644874113397,https://x.com/markgadala/status/2082252644874113397,positive,
Opus 5 (Jul 26-29),x,2082251560915005587,https://x.com/_wallstreetdev/status/2082251560915005587,negative,quality
Opus 5 (Jul 26-29),x,2082250570656551294,https://x.com/aliceisplaying/status/2082250570656551294,neutral,
Opus 5 (Jul 26-29),x,2082249409673515055,https://x.com/RobertHaisfield/status/2082249409673515055,neutral,
Opus 5 (Jul 26-29),x,2082247220586254773,https://x.com/fooosfirstborn/status/2082247220586254773,negative,quality
Opus 5 (Jul 26-29),x,2082247116278145441,https://x.com/dvdhutch/status/2082247116278145441,positive,
Opus 5 (Jul 26-29),x,2082246308992258160,https://x.com/0x0SojalSec/status/2082246308992258160,positive,
Opus 5 (Jul 26-29),x,2082246063956570362,https://x.com/sebastianvolkis/status/2082246063956570362,irrelevant,
Opus 5 (Jul 26-29),x,2082245363520418069,https://x.com/alonzuman/status/2082245363520418069,negative,quality
Opus 5 (Jul 26-29),x,2082245187259048290,https://x.com/LXIXthenumber/status/2082245187259048290,positive,
Opus 5 (Jul 26-29),x,2082245065812873346,https://x.com/aliceisplaying/status/2082245065812873346,irrelevant,
Opus 5 (Jul 26-29),x,2082244965875515499,https://x.com/brandonwilson/status/2082244965875515499,irrelevant,
Opus 5 (Jul 26-29),x,2082244701747372378,https://x.com/Izkimar/status/2082244701747372378,irrelevant,
Opus 5 (Jul 26-29),x,2082244604594696416,https://x.com/wizardofhahz/status/2082244604594696416,irrelevant,
Opus 5 (Jul 26-29),x,2081892016753893559,https://x.com/stygian_silence/status/2081892016753893559,negative,quality
Opus 5 (Jul 26-29),x,2081891698611982485,https://x.com/jsnnsa/status/2081891698611982485,positive,
Opus 5 (Jul 26-29),x,2081891182674694188,https://x.com/StephenSawyerr/status/2081891182674694188,negative,quality
Opus 5 (Jul 26-29),x,2081891127582437865,https://x.com/Nartc1410/status/2081891127582437865,negative,quality
Opus 5 (Jul 26-29),x,2081891073656258616,https://x.com/juampitech/status/2081891073656258616,positive,
Opus 5 (Jul 26-29),x,2081891048393970098,https://x.com/janetacarr/status/2081891048393970098,negative,quality
Opus 5 (Jul 26-29),x,2081890289472418239,https://x.com/iyzebhel/status/2081890289472418239,positive,
Opus 5 (Jul 26-29),x,2081890139190800433,https://x.com/irohsharpeniroh/status/2081890139190800433,negative,quality
Opus 5 (Jul 26-29),x,2081889868976681105,https://x.com/natekontny/status/2081889868976681105,negative,style
Opus 5 (Jul 26-29),x,2081889196327776408,https://x.com/matt_feroz/status/2081889196327776408,negative,quality
Opus 5 (Jul 26-29),x,2081888779057377381,https://x.com/brandon_galang/status/2081888779057377381,negative,other
Opus 5 (Jul 26-29),x,2081888622286864830,https://x.com/peker_eth/status/2081888622286864830,negative,quality
Opus 5 (Jul 26-29),x,2081888055179239696,https://x.com/krispuckett/status/2081888055179239696,negative,quality
Opus 5 (Jul 26-29),x,2081887424104321499,https://x.com/kodeefr/status/2081887424104321499,negative,quality
Opus 5 (Jul 26-29),x,2081887357142499510,https://x.com/aiseomastery/status/2081887357142499510,positive,
Opus 5 (Jul 26-29),x,2081887057127858607,https://x.com/1jesusisalive/status/2081887057127858607,negative,quality
Opus 5 (Jul 26-29),x,2081886705871626743,https://x.com/DonteEnnis/status/2081886705871626743,negative,style
Opus 5 (Jul 26-29),x,2081886328019632517,https://x.com/anshd04/status/2081886328019632517,neutral,
Opus 5 (Jul 26-29),x,2081886009965326596,https://x.com/matto__matto/status/2081886009965326596,neutral,
Opus 5 (Jul 26-29),x,2081885914306056230,https://x.com/rohit3a/status/2081885914306056230,irrelevant,
Opus 5 (Jul 26-29),x,2081529868387283357,https://x.com/wolframs91/status/2081529868387283357,neutral,
Opus 5 (Jul 26-29),x,2081529634286420239,https://x.com/franciscoparata/status/2081529634286420239,irrelevant,
Opus 5 (Jul 26-29),x,2081529370426900820,https://x.com/MadMaxEcon/status/2081529370426900820,negative,quality
Opus 5 (Jul 26-29),x,2081529158383841388,https://x.com/FarouqAldori/status/2081529158383841388,negative,quality
Opus 5 (Jul 26-29),x,2081528972974702826,https://x.com/snsanchit/status/2081528972974702826,negative,quality
Opus 5 (Jul 26-29),x,2081526814191632453,https://x.com/finleydelo/status/2081526814191632453,positive,
Opus 5 (Jul 26-29),x,2081526227710488749,https://x.com/RoundtableSpace/status/2081526227710488749,positive,
Opus 5 (Jul 26-29),x,2081526059984728503,https://x.com/BowTiedGSV/status/2081526059984728503,irrelevant,
Opus 5 (Jul 26-29),x,2081525872549626276,https://x.com/aisearchio/status/2081525872549626276,positive,
Opus 5 (Jul 26-29),x,2081525156007047668,https://x.com/davidpwalter/status/2081525156007047668,negative,quality
Opus 5 (Jul 26-29),x,2081523371884318977,https://x.com/christinetyip/status/2081523371884318977,positive,
Opus 5 (Jul 26-29),x,2081523300966989961,https://x.com/TotteLofstrom/status/2081523300966989961,negative,quality
Opus 5 (Jul 26-29),x,2081523231379358129,https://x.com/yegor/status/2081523231379358129,negative,quality
Opus 5 (Jul 26-29),x,2081523199846535603,https://x.com/fightfor254/status/2081523199846535603,negative,quality
Opus 5 (Jul 26-29),x,2081522704545685969,https://x.com/agingroy/status/2081522704545685969,negative,quality
Opus 5 (Jul 26-29),x,2081521531469934915,https://x.com/kyazici/status/2081521531469934915,irrelevant,
Opus 5 (Jul 26-29),x,2081521114501509345,https://x.com/MLWave/status/2081521114501509345,irrelevant,
Opus 5 (Jul 26-29),x,2081340706358956503,https://x.com/viktoroddy/status/2081340706358956503,positive,
Opus 5 (Jul 26-29),x,2081314834973589519,https://x.com/RoundtableSpace/status/2081314834973589519,positive,
Opus 5 (Jul 26-29),x,2081338770587099464,https://x.com/alex_prompter/status/2081338770587099464,positive,
Opus 5 (Jul 26-29),x,2081438372447350957,https://x.com/LexnLin/status/2081438372447350957,positive,
Opus 5 (Jul 26-29),x,2081279389090689522,https://x.com/RealMarvelX/status/2081279389090689522,positive,
Opus 5 (Jul 26-29),x,2081475165846945993,https://x.com/pricefoulger/status/2081475165846945993,irrelevant,
Opus 5 (Jul 26-29),x,2081341980580208670,https://x.com/chddaniel/status/2081341980580208670,irrelevant,
Opus 5 (Jul 26-29),x,2081336660026069210,https://x.com/1weiho/status/2081336660026069210,positive,
Opus 5 (Jul 26-29),x,2081510124439417200,https://x.com/PawelHuryn/status/2081510124439417200,neutral,
Opus 5 (Jul 26-29),x,2081323897023291406,https://x.com/Aniketvisuals/status/2081323897023291406,positive,
Opus 5 (Jul 26-29),x,2081518677992616057,https://x.com/RoundtableSpace/status/2081518677992616057,positive,
Opus 5 (Jul 26-29),x,2081276150345818235,https://x.com/rutu_3/status/2081276150345818235,irrelevant,
Opus 5 (Jul 26-29),x,2081386107506503967,https://x.com/flowith/status/2081386107506503967,irrelevant,
Opus 5 (Jul 26-29),x,2081460264214593963,https://x.com/ridark_eth/status/2081460264214593963,positive,
Opus 5 (Jul 26-29),x,2082096376763060575,https://x.com/slash1sol/status/2082096376763060575,positive,
Opus 5 (Jul 26-29),x,2082160424599048250,https://x.com/antisadh/status/2082160424599048250,irrelevant,
Opus 5 (Jul 26-29),x,2082205641599496390,https://x.com/thegoldeenhand/status/2082205641599496390,positive,
Opus 5 (Jul 26-29),x,2082194705886896502,https://x.com/daniel_mac8/status/2082194705886896502,positive,
Opus 5 (Jul 26-29),x,2082173640431346058,https://x.com/LLMJunky/status/2082173640431346058,irrelevant,
Opus 5 (Jul 26-29),x,2082146784584015906,https://x.com/Bhavani_00007/status/2082146784584015906,irrelevant,
Opus 5 (Jul 26-29),x,2082062283459723655,https://x.com/eng_khairallah1/status/2082062283459723655,positive,
Opus 5 (Jul 26-29),x,2082000520110035013,https://x.com/antisadh/status/2082000520110035013,irrelevant,
Opus 5 (Jul 26-29),x,2082134105379020964,https://x.com/zeuuss_01/status/2082134105379020964,positive,
Opus 5 (Jul 26-29),x,2082058451287716130,https://x.com/ahmedscen/status/2082058451287716130,irrelevant,
Opus 5 (Jul 26-29),x,2081868539493847107,https://x.com/ChrisGPT/status/2081868539493847107,positive,
Opus 5 (Jul 26-29),x,2082101266961023452,https://x.com/kimmonismus/status/2082101266961023452,positive,
Opus 5 (Jul 26-29),x,2082174294197751873,https://x.com/eCom_Amin/status/2082174294197751873,positive,
Opus 5 (Jul 26-29),x,2082153189705699448,https://x.com/Ryancampbell/status/2082153189705699448,positive,
Opus 5 (Jul 26-29),x,2082132604099158111,https://x.com/TesanaAI/status/2082132604099158111,positive,
Opus 5 (Jul 26-29),x,2081933914369868120,https://x.com/RoundtableSpace/status/2081933914369868120,positive,
Opus 5 (Jul 26-29),x,2082180488559759680,https://x.com/datacurve/status/2082180488559759680,positive,
Opus 5 (Jul 26-29),x,2081983039891288396,https://x.com/MAXdeg0/status/2081983039891288396,positive,
Opus 5 (Jul 26-29),x,2081899607676621033,https://x.com/bcardarella/status/2081899607676621033,positive,
Opus 5 (Jul 26-29),x,2082244325220741495,https://x.com/ScarletKc/status/2082244325220741495,neutral,
Opus 5 (Jul 26-29),x,2082243453782532583,https://x.com/RoundtableSpace/status/2082243453782532583,positive,
Opus 5 (Jul 26-29),x,2082243070867730824,https://x.com/tautologer/status/2082243070867730824,positive,
Opus 5 (Jul 26-29),x,2082242381747982567,https://x.com/_imsigh/status/2082242381747982567,negative,quality
Opus 5 (Jul 26-29),x,2082242265775272252,https://x.com/aliceisplaying/status/2082242265775272252,irrelevant,
Opus 5 (Jul 26-29),x,2082241827298557966,https://x.com/AnatoliKopadze/status/2082241827298557966,positive,
Opus 5 (Jul 26-29),x,2082241798185877997,https://x.com/bsmokes/status/2082241798185877997,negative,quality
Opus 5 (Jul 26-29),x,2082241682452672942,https://x.com/josh_wills/status/2082241682452672942,negative,quality
Opus 5 (Jul 26-29),x,2082241280306770399,https://x.com/Izkimar/status/2082241280306770399,irrelevant,
Opus 5 (Jul 26-29),x,2082241042657751343,https://x.com/arena/status/2082241042657751343,irrelevant,
Opus 5 (Jul 26-29),x,2082240937380491554,https://x.com/jacoblabsai/status/2082240937380491554,positive,
Opus 5 (Jul 26-29),x,2082240738650144951,https://x.com/RealAdamHunt/status/2082240738650144951,negative,quality
Opus 5 (Jul 26-29),x,2082240728990920945,https://x.com/francip/status/2082240728990920945,positive,
Opus 5 (Jul 26-29),x,2082240469040525381,https://x.com/max_paperclips/status/2082240469040525381,negative,quality
Opus 5 (Jul 26-29),x,2082240106434347432,https://x.com/aliceisplaying/status/2082240106434347432,irrelevant,
Opus 5 (Jul 26-29),x,2082239759238169006,https://x.com/Kelechiweb/status/2082239759238169006,positive,
Opus 5 (Jul 26-29),x,2082239680628842927,https://x.com/EasusJ/status/2082239680628842927,negative,price_limits
Opus 5 (Jul 26-29),x,2081521012471202058,https://x.com/nrqa__/status/2081521012471202058,positive,
Opus 5 (Jul 26-29),x,2081520294603501966,https://x.com/timfduffy/status/2081520294603501966,negative,quality
Opus 5 (Jul 26-29),x,2081520045012947261,https://x.com/Anrahya/status/2081520045012947261,negative,quality
Opus 5 (Jul 26-29),x,2081519943376347601,https://x.com/IDFkushoverlord/status/2081519943376347601,negative,quality
Opus 5 (Jul 26-29),x,2081519121678696859,https://x.com/Yamik1shi/status/2081519121678696859,neutral,
Opus 5 (Jul 26-29),x,2081519088514355613,https://x.com/randomname2165/status/2081519088514355613,irrelevant,
Opus 5 (Jul 26-29),x,2081518640848142627,https://x.com/argofowl/status/2081518640848142627,negative,other
Opus 5 (Jul 26-29),x,2081518595671236812,https://x.com/tvanhens/status/2081518595671236812,irrelevant,
Opus 5 (Jul 26-29),x,2081518453857698104,https://x.com/jamesjyu/status/2081518453857698104,irrelevant,
Opus 5 (Jul 26-29),x,2081518003720442044,https://x.com/TolyPash/status/2081518003720442044,negative,quality
Opus 5 (Jul 26-29),x,2081517854302851444,https://x.com/tenobrus/status/2081517854302851444,positive,
Opus 5 (Jul 26-29),x,2081517798967439580,https://x.com/KaiwenZhou9/status/2081517798967439580,negative,safeguards
Opus 5 (Jul 26-29),x,2081517469509005798,https://x.com/chddaniel/status/2081517469509005798,irrelevant,
Opus 5 (Jul 26-29),x,2081516259632357440,https://x.com/danveloper/status/2081516259632357440,positive,
Opus 5 (Jul 26-29),x,2081515942866309455,https://x.com/TheCyberSecHub/status/2081515942866309455,positive,
Opus 5 (Jul 26-29),x,2081885612903149715,https://x.com/wolframs91/status/2081885612903149715,positive,
Opus 5 (Jul 26-29),x,2081885352659132757,https://x.com/0xdefidegen/status/2081885352659132757,negative,quality
Opus 5 (Jul 26-29),x,2081885345298202882,https://x.com/matto__matto/status/2081885345298202882,neutral,
Opus 5 (Jul 26-29),x,2081885114057867646,https://x.com/runsonai/status/2081885114057867646,positive,
Opus 5 (Jul 26-29),x,2081884992758812731,https://x.com/thereturningdev/status/2081884992758812731,negative,style
Opus 5 (Jul 26-29),x,2081884434253701159,https://x.com/davis7/status/2081884434253701159,negative,quality
Opus 5 (Jul 26-29),x,2081883734547341516,https://x.com/HeyAnjula/status/2081883734547341516,positive,
Opus 5 (Jul 26-29),x,2081883606780465542,https://x.com/NickADobos/status/2081883606780465542,negative,quality
Opus 5 (Jul 26-29),x,2081883561217724506,https://x.com/NickADobos/status/2081883561217724506,negative,quality
Opus 5 (Jul 26-29),x,2081882895455572012,https://x.com/brandon_galang/status/2081882895455572012,negative,quality
Opus 5 (Jul 26-29),x,2081882573622677855,https://x.com/meksikanpijja/status/2081882573622677855,negative,style
Opus 5 (Jul 26-29),x,2081882332160462886,https://x.com/audiencon/status/2081882332160462886,positive,
Opus 5 (Jul 26-29),x,2081880893019283869,https://x.com/cdenczek/status/2081880893019283869,positive,
Opus 5 (Jul 26-29),x,2081880182936502474,https://x.com/theo/status/2081880182936502474,negative,other
Opus 5 (Jul 26-29),x,2081879769663312281,https://x.com/TigranSloyan/status/2081879769663312281,negative,quality
Opus 5 (Jul 26-29),x,2081879616390840330,https://x.com/andonlabs/status/2081879616390840330,irrelevant,
Opus 5 (Jul 26-29),x,2081879444382204160,https://x.com/s_seele_/status/2081879444382204160,positive,
Opus 5 (Jul 26-29),x,2081310391158939984,https://x.com/chetaslua/status/2081310391158939984,irrelevant,
Opus 5 (Jul 26-29),x,2081444757490872674,https://x.com/shapelayer/status/2081444757490872674,negative,quality
Opus 5 (Jul 26-29),x,2081356818648105130,https://x.com/karanbutiya0302/status/2081356818648105130,positive,
Opus 5 (Jul 26-29),x,2081321632157569033,https://x.com/noisyb0y1/status/2081321632157569033,negative,quality
Opus 5 (Jul 26-29),x,2081296235693314382,https://x.com/KingBootoshi/status/2081296235693314382,positive,
Opus 5 (Jul 26-29),x,2081386885243609593,https://x.com/cheatyyyy/status/2081386885243609593,neutral,
Opus 5 (Jul 26-29),x,2081278603447455746,https://x.com/aftermagics/status/2081278603447455746,positive,
Opus 5 (Jul 26-29),x,2081365238490755510,https://x.com/slash1sol/status/2081365238490755510,neutral,
Opus 5 (Jul 26-29),x,2081426758688035250,https://x.com/slash1sol/status/2081426758688035250,positive,
Opus 5 (Jul 26-29),x,2081430257647968528,https://x.com/Akasheth_/status/2081430257647968528,positive,
Opus 5 (Jul 26-29),x,2081480041658257786,https://x.com/Amank1412/status/2081480041658257786,negative,quality
Opus 5 (Jul 26-29),x,2081362047967862984,https://x.com/MengTo/status/2081362047967862984,positive,
Opus 5 (Jul 26-29),x,2081473782292561948,https://x.com/Voxyz_ai/status/2081473782292561948,positive,
Opus 5 (Jul 26-29),x,2081421282109698239,https://x.com/haroldliski/status/2081421282109698239,negative,quality
Opus 5 (Jul 26-29),x,2081403842256605254,https://x.com/noclipepe/status/2081403842256605254,positive,
Opus 5 (Jul 26-29),x,2081400084617392347,https://x.com/kenyondigital/status/2081400084617392347,positive,
Opus 5 (Jul 26-29),x,2081434898657579520,https://x.com/bored2boar/status/2081434898657579520,positive,
Opus 5 (Jul 26-29),x,2081499734233997570,https://x.com/skirano/status/2081499734233997570,positive,
Opus 5 (Jul 26-29),x,2081622586102792623,https://x.com/MAXdeg0/status/2081622586102792623,positive,
Opus 5 (Jul 26-29),x,2081792763125801415,https://x.com/0xCodila/status/2081792763125801415,irrelevant,
Opus 5 (Jul 26-29),x,2081763931547222155,https://x.com/AIFrontliner/status/2081763931547222155,irrelevant,
Opus 5 (Jul 26-29),x,2081837340083863665,https://x.com/zeuuss_01/status/2081837340083863665,positive,
Opus 5 (Jul 26-29),x,2081715509280530558,https://x.com/exploraX_/status/2081715509280530558,positive,
Opus 5 (Jul 26-29),x,2081790543928127725,https://x.com/ahmedscen/status/2081790543928127725,irrelevant,
Opus 5 (Jul 26-29),x,2081787356420718704,https://x.com/ycombinator/status/2081787356420718704,irrelevant,
Opus 5 (Jul 26-29),x,2081819522902978693,https://x.com/startracker/status/2081819522902978693,positive,
Opus 5 (Jul 26-29),x,2081747074383532305,https://x.com/slash1sol/status/2081747074383532305,positive,
Opus 5 (Jul 26-29),x,2081508552276074957,https://x.com/cgtwts/status/2081508552276074957,irrelevant,
Opus 5 (Jul 26-29),x,2081758112122372455,https://x.com/neutanent/status/2081758112122372455,neutral,
Opus 5 (Jul 26-29),x,2081567585070645294,https://x.com/viktoroddy/status/2081567585070645294,irrelevant,
Opus 5 (Jul 26-29),x,2081831529987396074,https://x.com/chhddavid/status/2081831529987396074,irrelevant,
Opus 5 (Jul 26-29),x,2081589782371791053,https://x.com/MengTo/status/2081589782371791053,positive,
Opus 5 (Jul 26-29),x,2081861235352711205,https://x.com/MTSlive/status/2081861235352711205,positive,
Opus 5 (Jul 26-29),x,2081841033093026265,https://x.com/_MaxBlade/status/2081841033093026265,positive,
Opus 5 (Jul 26-29),x,2081719997202911403,https://x.com/flowith/status/2081719997202911403,irrelevant,
Opus 5 (Jul 26-29),x,2082164319467237712,https://x.com/chrisfirst/status/2082164319467237712,positive,
Opus 5 (Jul 26-29),x,2082151716225769858,https://x.com/everestchris6/status/2082151716225769858,positive,
Opus 5 (Jul 26-29),x,2082089239328538914,https://x.com/ErnestoSOFTWARE/status/2082089239328538914,positive,
Opus 5 (Jul 26-29),x,2082063013918699556,https://x.com/gill_works/status/2082063013918699556,positive,
Opus 5 (Jul 26-29),x,2082071858367648035,https://x.com/petergostev/status/2082071858367648035,irrelevant,
Opus 5 (Jul 26-29),x,2082210551204348194,https://x.com/growing_daniel/status/2082210551204348194,negative,quality
Opus 5 (Jul 26-29),x,2082127490651439231,https://x.com/ImagineArt_X/status/2082127490651439231,negative,quality
Opus 5 (Jul 26-29),x,2082230619950751833,https://x.com/jsnnsa/status/2082230619950751833,positive,
Opus 5 (Jul 26-29),x,2082139905799381117,https://x.com/0xPaulius/status/2082139905799381117,positive,
Opus 5 (Jul 26-29),x,2082137075974090783,https://x.com/Nishanttt05/status/2082137075974090783,irrelevant,
Opus 5 (Jul 26-29),x,2082142160934056434,https://x.com/icanvardar/status/2082142160934056434,negative,price_limits
Opus 5 (Jul 26-29),x,2082128181901836618,https://x.com/omarsar0/status/2082128181901836618,positive,
Opus 5 (Jul 26-29),x,2082125317939028300,https://x.com/pankajstwt/status/2082125317939028300,irrelevant,
Opus 5 (Jul 26-29),x,2082132880512233851,https://x.com/DavidKPiano/status/2082132880512233851,positive,
Opus 5 (Jul 26-29),x,2082077327131811969,https://x.com/MAXdeg0/status/2082077327131811969,positive,
Opus 5 (Jul 26-29),x,2082083608760926373,https://x.com/prasenx/status/2082083608760926373,positive,
Opus 5 (Jul 26-29),x,2082059584303431904,https://x.com/Priyannkaaaa/status/2082059584303431904,irrelevant,
Opus 5 (Jul 26-29),x,2082141384413507813,https://x.com/flowith/status/2082141384413507813,irrelevant,
Opus 5 (Jul 26-29),x,2081515798380585225,https://x.com/Bowtiedplayer/status/2081515798380585225,irrelevant,
Opus 5 (Jul 26-29),x,2081515507157553611,https://x.com/mweinbach/status/2081515507157553611,negative,quality
Opus 5 (Jul 26-29),x,2081515406666432523,https://x.com/fyreinteractive/status/2081515406666432523,positive,
Opus 5 (Jul 26-29),x,2081514946114777325,https://x.com/aliceisplaying/status/2081514946114777325,negative,style
Opus 5 (Jul 26-29),x,2081514452126462430,https://x.com/emanueledpt/status/2081514452126462430,positive,
Opus 5 (Jul 26-29),x,2081513201426969003,https://x.com/ThinkWiselyMatt/status/2081513201426969003,positive,
Opus 5 (Jul 26-29),x,2081512741311774933,https://x.com/mlcarldev/status/2081512741311774933,negative,quality
Opus 5 (Jul 26-29),x,2081512582360215720,https://x.com/doodlestein/status/2081512582360215720,negative,quality
Opus 5 (Jul 26-29),x,2081512479419474096,https://x.com/itsnoahd/status/2081512479419474096,positive,
Opus 5 (Jul 26-29),x,2081512470338764906,https://x.com/bchampy2/status/2081512470338764906,negative,quality
Opus 5 (Jul 26-29),x,2081511887645069678,https://x.com/doodlestein/status/2081511887645069678,negative,quality
Opus 5 (Jul 26-29),x,2081511501102260269,https://x.com/engelvaladez/status/2081511501102260269,neutral,
Opus 5 (Jul 26-29),x,2081511500095574075,https://x.com/MyJimmyTingles/status/2081511500095574075,positive,
Opus 5 (Jul 26-29),x,2081511128048500854,https://x.com/RoundtableSpace/status/2081511128048500854,irrelevant,
Opus 5 (Jul 26-29),x,2081510860686872807,https://x.com/gajesh/status/2081510860686872807,positive,
Opus 5 (Jul 26-29),x,2081510223991525427,https://x.com/mathepi/status/2081510223991525427,neutral,
Opus 5 (Jul 26-29),x,2081879210797207583,https://x.com/knowixbuilds/status/2081879210797207583,positive,
Opus 5 (Jul 26-29),x,2081879053301096936,https://x.com/publisherinabox/status/2081879053301096936,positive,
Opus 5 (Jul 26-29),x,2081878581924290948,https://x.com/1049XBT/status/2081878581924290948,irrelevant,
Opus 5 (Jul 26-29),x,2081878489624658249,https://x.com/pvergadia/status/2081878489624658249,negative,quality
Opus 5 (Jul 26-29),x,2081878303468658859,https://x.com/OrrinTX/status/2081878303468658859,negative,quality
Opus 5 (Jul 26-29),x,2081878189463183600,https://x.com/psdimov/status/2081878189463183600,negative,quality
Opus 5 (Jul 26-29),x,2081877950849515845,https://x.com/andrelandgraf/status/2081877950849515845,positive,
Opus 5 (Jul 26-29),x,2081877687069806920,https://x.com/MagicalTux/status/2081877687069806920,negative,quality
Opus 5 (Jul 26-29),x,2081877525811081435,https://x.com/leodexio/status/2081877525811081435,irrelevant,
Opus 5 (Jul 26-29),x,2081877484077826115,https://x.com/Truntr_/status/2081877484077826115,neutral,
Opus 5 (Jul 26-29),x,2081876983848288549,https://x.com/ridark_eth/status/2081876983848288549,positive,
Opus 5 (Jul 26-29),x,2081876535842427362,https://x.com/RealLittrell/status/2081876535842427362,negative,quality
Opus 5 (Jul 26-29),x,2081876471853810103,https://x.com/georgfranz/status/2081876471853810103,neutral,
Opus 5 (Jul 26-29),x,2081876046974947821,https://x.com/georgfranz/status/2081876046974947821,neutral,
Opus 5 (Jul 26-29),x,2081874337406280189,https://x.com/MagicalTux/status/2081874337406280189,negative,quality
Opus 5 (Jul 26-29),x,2081874184020300111,https://x.com/devabram/status/2081874184020300111,negative,style
Opus 5 (Jul 26-29),x,2081874051480613281,https://x.com/inventorofai/status/2081874051480613281,negative,quality
Opus 5 (Jul 26-29),x,2081873842939519124,https://x.com/jacoblabsai/status/2081873842939519124,positive,
Opus 5 (Jul 26-29),x,2081873635984199686,https://x.com/MosiMoradian/status/2081873635984199686,negative,quality
Opus 5 (Jul 26-29),x,2082237668247650465,https://x.com/officer_secret/status/2082237668247650465,negative,price_limits
Opus 5 (Jul 26-29),x,2082237292090134551,https://x.com/AnumaAI/status/2082237292090134551,irrelevant,
Opus 5 (Jul 26-29),x,2082237246753608103,https://x.com/BenjaminDEKR/status/2082237246753608103,negative,quality
Opus 5 (Jul 26-29),x,2082237206882627927,https://x.com/sandeep_alluru/status/2082237206882627927,irrelevant,
Opus 5 (Jul 26-29),x,2082236664991158308,https://x.com/0xChudos/status/2082236664991158308,negative,quality
Opus 5 (Jul 26-29),x,2082236125457113107,https://x.com/nickwalton00/status/2082236125457113107,negative,quality
Opus 5 (Jul 26-29),x,2082235408566616442,https://x.com/TravisFischer/status/2082235408566616442,negative,style
Opus 5 (Jul 26-29),x,2082235158049042605,https://x.com/natemcgrady/status/2082235158049042605,negative,style
Opus 5 (Jul 26-29),x,2082234888611328468,https://x.com/adi_baradwaj/status/2082234888611328468,negative,quality
Opus 5 (Jul 26-29),x,2082234821359624286,https://x.com/CalebCassel/status/2082234821359624286,negative,quality
Opus 5 (Jul 26-29),x,2082234807342518419,https://x.com/bicellaria/status/2082234807342518419,neutral,
Opus 5 (Jul 26-29),x,2082234134009647552,https://x.com/emmanuel_haanks/status/2082234134009647552,irrelevant,
Opus 5 (Jul 26-29),x,2082233455757177063,https://x.com/aliceisplaying/status/2082233455757177063,positive,
Opus 5 (Jul 26-29),x,2082233437746823503,https://x.com/TomJBelfort/status/2082233437746823503,irrelevant,
Opus 5 (Jul 26-29),x,2082233327243690076,https://x.com/VinCashmore/status/2082233327243690076,negative,safeguards
Opus 5 (Jul 26-29),x,2082233204258255186,https://x.com/AggieMyrt/status/2082233204258255186,neutral,
Opus 5 (Jul 26-29),x,2082231370772893979,https://x.com/NetworkChuck/status/2082231370772893979,negative,quality
Opus 5 (Jul 26-29),x,2082231063137710258,https://x.com/PermitZIPhvac/status/2082231063137710258,negative,price_limits
Opus 5 (Jul 26-29),x,2081266072335098344,https://x.com/bounceidc/status/2081266072335098344,irrelevant,
Opus 5 (Jul 26-29),x,2081359763095629956,https://x.com/DataChaz/status/2081359763095629956,irrelevant,
Opus 5 (Jul 26-29),x,2081342107613278501,https://x.com/0x0SojalSec/status/2081342107613278501,negative,safeguards
Opus 5 (Jul 26-29),x,2081306180043837713,https://x.com/Sprytixl/status/2081306180043837713,irrelevant,
Opus 5 (Jul 26-29),x,2081362961856122900,https://x.com/Voxyz_ai/status/2081362961856122900,neutral,
Opus 5 (Jul 26-29),x,2081265905842245712,https://x.com/dejavucoder/status/2081265905842245712,irrelevant,
Opus 5 (Jul 26-29),x,2081268932229702073,https://x.com/ouzdor/status/2081268932229702073,positive,
Opus 5 (Jul 26-29),x,2081508108069904818,https://x.com/DataChaz/status/2081508108069904818,irrelevant,
Opus 5 (Jul 26-29),x,2081481008189497384,https://x.com/vidhiparmarr/status/2081481008189497384,positive,
Opus 5 (Jul 26-29),x,2081501651861381366,https://x.com/Austin_Federa/status/2081501651861381366,negative,quality
Opus 5 (Jul 26-29),x,2081475928086003869,https://x.com/emollick/status/2081475928086003869,positive,
Opus 5 (Jul 26-29),x,2081297066102247580,https://x.com/noclipepe/status/2081297066102247580,negative,price_limits
Opus 5 (Jul 26-29),x,2081387974135349542,https://x.com/ahmedscen/status/2081387974135349542,positive,
Opus 5 (Jul 26-29),x,2081398591629701427,https://x.com/slash1sol/status/2081398591629701427,neutral,
Opus 5 (Jul 26-29),x,2081475194502226298,https://x.com/mattshumer_/status/2081475194502226298,positive,
Opus 5 (Jul 26-29),x,2081251444582182933,https://x.com/ChrisGPT/status/2081251444582182933,irrelevant,
Opus 5 (Jul 26-29),x,2081309279789707342,https://x.com/AntonOdelski/status/2081309279789707342,irrelevant,
Opus 5 (Jul 26-29),x,2081259575412715566,https://x.com/bindureddy/status/2081259575412715566,negative,safeguards
Opus 5 (Jul 26-29),x,2081688450219274480,https://x.com/OlivercrestAI/status/2081688450219274480,positive,
Opus 5 (Jul 26-29),x,2081680132201238935,https://x.com/htihle/status/2081680132201238935,positive,
Opus 5 (Jul 26-29),x,2081817469292093561,https://x.com/bounceidc/status/2081817469292093561,irrelevant,
Opus 5 (Jul 26-29),x,2081703650804519335,https://x.com/uday_devops/status/2081703650804519335,irrelevant,
Opus 5 (Jul 26-29),x,2081742335998619923,https://x.com/scaling01/status/2081742335998619923,positive,
Opus 5 (Jul 26-29),x,2081813605226553809,https://x.com/lqiao/status/2081813605226553809,positive,
Opus 5 (Jul 26-29),x,2081724287057105023,https://x.com/antpalkin/status/2081724287057105023,negative,quality
Opus 5 (Jul 26-29),x,2081760047936459024,https://x.com/socialwithaayan/status/2081760047936459024,positive,
Opus 5 (Jul 26-29),x,2081750419857133709,https://x.com/Ryancampbell/status/2081750419857133709,positive,
Opus 5 (Jul 26-29),x,2081801966158811506,https://x.com/anshuc/status/2081801966158811506,positive,
Opus 5 (Jul 26-29),x,2081708006320841086,https://x.com/LexnLin/status/2081708006320841086,irrelevant,
Opus 5 (Jul 26-29),x,2081829328015466750,https://x.com/keithwhor/status/2081829328015466750,negative,quality
Opus 5 (Jul 26-29),x,2081865966514766277,https://x.com/RoundtableSpace/status/2081865966514766277,positive,
Opus 5 (Jul 26-29),x,2081797628552270027,https://x.com/dexhorthy/status/2081797628552270027,irrelevant,
Opus 5 (Jul 26-29),x,2081859842059141287,https://x.com/Rubzem/status/2081859842059141287,positive,
Opus 5 (Jul 26-29),x,2081716631986983093,https://x.com/mikeluan123/status/2081716631986983093,positive,
Opus 5 (Jul 26-29),x,2081771758408143051,https://x.com/aidenybai/status/2081771758408143051,positive,
Opus 5 (Jul 26-29),x,2081509159632314732,https://x.com/gajesh/status/2081509159632314732,positive,
Opus 5 (Jul 26-29),x,2081509103352873175,https://x.com/frihyde/status/2081509103352873175,positive,
Opus 5 (Jul 26-29),x,2081508844099002689,https://x.com/gajesh/status/2081508844099002689,positive,
Opus 5 (Jul 26-29),x,2081508802353099018,https://x.com/minebench_ai/status/2081508802353099018,negative,price_limits
Opus 5 (Jul 26-29),x,2081508500610433204,https://x.com/nijokestu/status/2081508500610433204,positive,
Opus 5 (Jul 26-29),x,2081508382079668423,https://x.com/maxcrftib/status/2081508382079668423,negative,quality
Opus 5 (Jul 26-29),x,2081508269118587365,https://x.com/ShinyQuagsire/status/2081508269118587365,positive,
Opus 5 (Jul 26-29),x,2081508216370766331,https://x.com/TheAaryanKapoor/status/2081508216370766331,negative,price_limits
Opus 5 (Jul 26-29),x,2081508050071126379,https://x.com/SkyeSharkie/status/2081508050071126379,negative,quality
Opus 5 (Jul 26-29),x,2081507806105288727,https://x.com/MalcolmMcD05/status/2081507806105288727,irrelevant,
Opus 5 (Jul 26-29),x,2081507459600953690,https://x.com/LLMJunky/status/2081507459600953690,neutral,
Opus 5 (Jul 26-29),x,2081507375186354308,https://x.com/TwelveCacti/status/2081507375186354308,positive,
Opus 5 (Jul 26-29),x,2081507002832855549,https://x.com/wizzardouthere/status/2081507002832855549,positive,
Opus 5 (Jul 26-29),x,2081506099107123696,https://x.com/thomasunise/status/2081506099107123696,irrelevant,
Opus 5 (Jul 26-29),x,2081505595345998143,https://x.com/kxiserino/status/2081505595345998143,negative,quality
Opus 5 (Jul 26-29),x,2081505166629523567,https://x.com/cormundus/status/2081505166629523567,positive,
Opus 5 (Jul 26-29),x,2081873625129308215,https://x.com/berrockx1/status/2081873625129308215,irrelevant,
Opus 5 (Jul 26-29),x,2081873456422105260,https://x.com/zeuuss_01/status/2081873456422105260,positive,
Opus 5 (Jul 26-29),x,2081872927080001863,https://x.com/LasanKH8/status/2081872927080001863,negative,quality
Opus 5 (Jul 26-29),x,2081872400715518224,https://x.com/real_joe_di/status/2081872400715518224,negative,quality
Opus 5 (Jul 26-29),x,2081872208981598411,https://x.com/Flourofthecake/status/2081872208981598411,negative,price_limits
Opus 5 (Jul 26-29),x,2081871823700980146,https://x.com/these08110579/status/2081871823700980146,positive,
Opus 5 (Jul 26-29),x,2081871383458426926,https://x.com/muneeb_builds/status/2081871383458426926,negative,quality
Opus 5 (Jul 26-29),x,2081870772708970792,https://x.com/doublenickk/status/2081870772708970792,positive,
Opus 5 (Jul 26-29),x,2081870728190705944,https://x.com/IDFlolicon/status/2081870728190705944,positive,
Opus 5 (Jul 26-29),x,2081870528269234554,https://x.com/PaulPlayStudio/status/2081870528269234554,negative,quality
Opus 5 (Jul 26-29),hacker_news,49106715,https://news.ycombinator.com/item?id=49106715,irrelevant,
Opus 5 (Jul 26-29),hacker_news,49105919,https://news.ycombinator.com/item?id=49105919,negative,quality
Opus 5 (Jul 26-29),hacker_news,49104853,https://news.ycombinator.com/item?id=49104853,negative,other
Opus 5 (Jul 26-29),hacker_news,49104761,https://news.ycombinator.com/item?id=49104761,irrelevant,
Opus 5 (Jul 26-29),hacker_news,49103215,https://news.ycombinator.com/item?id=49103215,irrelevant,
Opus 5 (Jul 26-29),hacker_news,49103025,https://news.ycombinator.com/item?id=49103025,neutral,
Opus 5 (Jul 26-29),hacker_news,49102662,https://news.ycombinator.com/item?id=49102662,positive,
Opus 5 (Jul 26-29),hacker_news,49102444,https://news.ycombinator.com/item?id=49102444,positive,
Opus 5 (Jul 26-29),hacker_news,49102267,https://news.ycombinator.com/item?id=49102267,negative,other
Opus 5 (Jul 26-29),hacker_news,49101929,https://news.ycombinator.com/item?id=49101929,negative,quality
Opus 5 (Jul 26-29),hacker_news,49101543,https://news.ycombinator.com/item?id=49101543,irrelevant,
Opus 5 (Jul 26-29),hacker_news,49101245,https://news.ycombinator.com/item?id=49101245,irrelevant,
Opus 5 (Jul 26-29),hacker_news,49101109,https://news.ycombinator.com/item?id=49101109,neutral,
Opus 5 (Jul 26-29),hacker_news,49099454,https://news.ycombinator.com/item?id=49099454,positive,
Opus 5 (Jul 26-29),hacker_news,49098495,https://news.ycombinator.com/item?id=49098495,negative,quality
Opus 5 (Jul 26-29),hacker_news,49098437,https://news.ycombinator.com/item?id=49098437,neutral,
Opus 5 (Jul 26-29),hacker_news,49097645,https://news.ycombinator.com/item?id=49097645,irrelevant,
Opus 5 (Jul 26-29),hacker_news,49097334,https://news.ycombinator.com/item?id=49097334,irrelevant,
Opus 5 (Jul 26-29),hacker_news,49096660,https://news.ycombinator.com/item?id=49096660,positive,
Opus 5 (Jul 26-29),hacker_news,49095596,https://news.ycombinator.com/item?id=49095596,negative,quality
Opus 5 (Jul 26-29),hacker_news,49094298,https://news.ycombinator.com/item?id=49094298,positive,
Opus 5 (Jul 26-29),x,2082616974279164408,https://x.com/mertdumenci/status/2082616974279164408,negative,quality
Opus 5 (Jul 26-29),x,2082616927940202777,https://x.com/brandon_galang/status/2082616927940202777,neutral,
Opus 5 (Jul 26-29),x,2082616889805533506,https://x.com/heikolino_/status/2082616889805533506,negative,quality
Opus 5 (Jul 26-29),x,2082616738978369879,https://x.com/TokenGremlin/status/2082616738978369879,irrelevant,
Opus 5 (Jul 26-29),x,2082616574767173706,https://x.com/simcomsystems/status/2082616574767173706,neutral,
Opus 5 (Jul 26-29),x,2082616561643172012,https://x.com/Yumzlef/status/2082616561643172012,irrelevant,
Opus 5 (Jul 26-29),x,2082616213872554377,https://x.com/re_skob/status/2082616213872554377,neutral,
Opus 5 (Jul 26-29),x,2082615845298315660,https://x.com/PjoyAI/status/2082615845298315660,irrelevant,
Opus 5 (Jul 26-29),x,2082615130500538801,https://x.com/TheJoeFin/status/2082615130500538801,irrelevant,
Opus 5 (Jul 26-29),x,2082614841605230614,https://x.com/HalfBoiledHero/status/2082614841605230614,irrelevant,
Opus 5 (Jul 26-29),x,2082614093890879579,https://x.com/scaling01/status/2082614093890879579,negative,quality
Opus 5 (Jul 26-29),x,2082613391223664730,https://x.com/EvanKirstel/status/2082613391223664730,irrelevant,
Opus 5 (Jul 26-29),x,2082612950838210870,https://x.com/Angaisb_/status/2082612950838210870,irrelevant,
Opus 5 (Jul 26-29),x,2082612796378824723,https://x.com/aliromman/status/2082612796378824723,negative,quality
Opus 5 (Jul 26-29),x,2082612648370462877,https://x.com/venturetwins/status/2082612648370462877,irrelevant,
Opus 5 (Jul 26-29),x,2082612568367956392,https://x.com/aliromman/status/2082612568367956392,negative,quality
Opus 5 (Jul 26-29),x,2082612540857524453,https://x.com/joelszw/status/2082612540857524453,irrelevant,
Opus 5 (Jul 26-29),x,2082612487833199014,https://x.com/nv_pavlichenko/status/2082612487833199014,negative,style
Opus 5 (Jul 26-29),x,2082612116926648644,https://x.com/extliqprovider/status/2082612116926648644,irrelevant,
Opus 5 (Jul 26-29),x,2082546520373780521,https://x.com/doomdave/status/2082546520373780521,positive,
Opus 5 (Jul 26-29),x,2082602725141815494,https://x.com/petergostev/status/2082602725141815494,positive,
Opus 5 (Jul 26-29),x,2082608033503355161,https://x.com/dhof/status/2082608033503355161,positive,
Opus 5 (Jul 26-29),x,2082398305451962474,https://x.com/DavidOndrej1/status/2082398305451962474,negative,style
Opus 5 (Jul 26-29),x,2082392248495341607,https://x.com/petergostev/status/2082392248495341607,irrelevant,
Opus 5 (Jul 26-29),x,2082492682572841210,https://x.com/Shivam25mishra/status/2082492682572841210,irrelevant,
Opus 5 (Jul 26-29),x,2082596306300850236,https://x.com/aj_dev_smith/status/2082596306300850236,positive,
Opus 5 (Jul 26-29),x,2082377692423311591,https://x.com/MeeMoses83411/status/2082377692423311591,irrelevant,
Opus 5 (Jul 26-29),x,2082423582248796388,https://x.com/Sprytixl/status/2082423582248796388,irrelevant,
Opus 5 (Jul 26-29),x,2082484319323304070,https://x.com/neil_xbt/status/2082484319323304070,positive,
Opus 5 (Jul 26-29),x,2082422269188378756,https://x.com/vikktorrrre/status/2082422269188378756,irrelevant,
Opus 5 (Jul 26-29),x,2082557019685519684,https://x.com/vasuman/status/2082557019685519684,negative,quality
Opus 5 (Jul 26-29),x,2082539091661639866,https://x.com/TechCrunch/status/2082539091661639866,irrelevant,
Opus 5 (Jul 26-29),x,2082570856841289974,https://x.com/zeuuss_01/status/2082570856841289974,positive,
Opus 5 (Jul 26-29),x,2082440987411148955,https://x.com/rahilbhansali/status/2082440987411148955,neutral,
Opus 5 (Jul 26-29),x,2082454331521953915,https://x.com/petergostev/status/2082454331521953915,neutral,
Opus 5 (Jul 26-29),x,2082530273217179881,https://x.com/krishdotdev/status/2082530273217179881,negative,quality
Opus 5 (Jul 26-29),x,2082429124082110634,https://x.com/wlanderson0/status/2082429124082110634,irrelevant,
Opus 5 (Jul 26-29),x,2082485145148207114,https://x.com/mysk_co/status/2082485145148207114,negative,quality
Opus 5 (Jul 26-29),x,2082611451479380167,https://x.com/Angaisb_/status/2082611451479380167,irrelevant,
Opus 5 (Jul 26-29),x,2082611064446083073,https://x.com/YashasGunderia/status/2082611064446083073,negative,quality
Opus 5 (Jul 26-29),x,2082610045322412422,https://x.com/alth0u/status/2082610045322412422,negative,quality
Opus 5 (Jul 26-29),x,2082609685803290959,https://x.com/TrendSpider/status/2082609685803290959,irrelevant,
Opus 5 (Jul 26-29),x,2082609394718507358,https://x.com/VoidNulled/status/2082609394718507358,irrelevant,
Opus 5 (Jul 26-29),x,2082609134705193037,https://x.com/imjustnewatai/status/2082609134705193037,positive,
Opus 5 (Jul 26-29),x,2082608203833934097,https://x.com/Rubzem/status/2082608203833934097,positive,
Opus 5 (Jul 26-29),x,2082608144702730581,https://x.com/Sanzsouki/status/2082608144702730581,negative,quality
Opus 5 (Jul 26-29),x,2082608109651124631,https://x.com/redaction/status/2082608109651124631,negative,quality
Opus 5 (Jul 26-29),x,2082605787235356823,https://x.com/TokenGremlin/status/2082605787235356823,irrelevant,
Opus 5 (Jul 26-29),x,2082605361626857853,https://x.com/iret77/status/2082605361626857853,negative,quality
Opus 5 (Jul 26-29),x,2082605262720917958,https://x.com/AgenticSP/status/2082605262720917958,irrelevant,
Opus 5 (Jul 26-29),x,2082604046603661819,https://x.com/trungbepx/status/2082604046603661819,irrelevant,
Opus 5 (Jul 26-29),x,2082603927443472578,https://x.com/LasanKH8/status/2082603927443472578,negative,quality
Opus 5 (Jul 26-29),x,2082603283894382738,https://x.com/Spectromachina/status/2082603283894382738,positive,
Opus 5 (Jul 26-29),x,2082603086875374038,https://x.com/AgenticSP/status/2082603086875374038,irrelevant,
Opus 5 (Jul 26-29),x,2082602348783002025,https://x.com/SkyeSharkie/status/2082602348783002025,irrelevant,
Opus 5 (Jul 26-29),x,2082602062039196070,https://x.com/iret77/status/2082602062039196070,negative,quality
Opus 5 (Jul 26-29),x,2082544688486142033,https://x.com/rezoundous/status/2082544688486142033,negative,quality
Opus 5 (Jul 26-29),x,2082273512698568730,https://x.com/AiWithIqra/status/2082273512698568730,irrelevant,
Opus 5 (Jul 26-29),x,2082310366022000889,https://x.com/noor36758/status/2082310366022000889,positive,
Opus 5 (Jul 26-29),x,2082342120569090114,https://x.com/matekdev/status/2082342120569090114,positive,
Opus 5 (Jul 26-29),x,2082315086837014769,https://x.com/yashmp2004/status/2082315086837014769,negative,price_limits
Opus 5 (Jul 26-29),x,2082291820969742452,https://x.com/aj_dev_smith/status/2082291820969742452,positive,
Opus 5 (Jul 26-29),x,2082487984591405191,https://x.com/stevibe/status/2082487984591405191,neutral,
Opus 5 (Jul 26-29),x,2082550503276216776,https://x.com/Malcolm_Ocean/status/2082550503276216776,irrelevant,
Opus 5 (Jul 26-29),x,2082449657158905928,https://x.com/alex_prompter/status/2082449657158905928,negative,quality
Opus 5 (Jul 26-29),x,2082535415211540494,https://x.com/mom_agency_/status/2082535415211540494,positive,
Opus 5 (Jul 26-29),x,2082542338404929591,https://x.com/SHL0MS/status/2082542338404929591,negative,quality
Opus 5 (Jul 26-29),x,2082419684335600055,https://x.com/ahmedscen/status/2082419684335600055,irrelevant,
Opus 5 (Jul 26-29),x,2082550890167468222,https://x.com/timfduffy/status/2082550890167468222,irrelevant,
Opus 5 (Jul 26-29),x,2082287997215735947,https://x.com/neil_xbt/status/2082287997215735947,irrelevant,
Opus 5 (Jul 26-29),x,2082304323665469443,https://x.com/easys_arq/status/2082304323665469443,positive,
Opus 5 (Jul 26-29),x,2082496605291511940,https://x.com/arena/status/2082496605291511940,neutral,
Opus 5 (Jul 26-29),x,2082257818988531989,https://x.com/IamKhanPhD/status/2082257818988531989,irrelevant,
Opus 5 (Jul 26-29),x,2082528683747873194,https://x.com/UnslothAI/status/2082528683747873194,irrelevant,
Opus 5 (Jul 26-29),x,2082601561617035402,https://x.com/leobons3/status/2082601561617035402,negative,quality
Opus 5 (Jul 26-29),x,2082599070032376138,https://x.com/AgenticSP/status/2082599070032376138,irrelevant,
Opus 5 (Jul 26-29),x,2082597744418652458,https://x.com/mingjie/status/2082597744418652458,negative,quality
Opus 5 (Jul 26-29),x,2082596817087406080,https://x.com/0x0SojalSec/status/2082596817087406080,negative,quality
Opus 5 (Jul 26-29),x,2082596800695828588,https://x.com/acedatacloud/status/2082596800695828588,irrelevant,
Opus 5 (Jul 26-29),x,2082596137480110224,https://x.com/ghosstty_/status/2082596137480110224,irrelevant,
Opus 5 (Jul 26-29),x,2082595748894605726,https://x.com/TidyguyKC/status/2082595748894605726,neutral,
Opus 5 (Jul 26-29),x,2082595323369722026,https://x.com/PiChangelog/status/2082595323369722026,irrelevant,
Opus 5 (Jul 26-29),x,2082594657423257905,https://x.com/LifeboatHQ/status/2082594657423257905,irrelevant,
Opus 5 (Jul 26-29),x,2082594200227545167,https://x.com/migtissera/status/2082594200227545167,negative,safeguards
Opus 5 (Jul 26-29),x,2082593561699369247,https://x.com/aravpatel_/status/2082593561699369247,negative,quality
Opus 5 (Jul 26-29),x,2082593204294271472,https://x.com/sumukx/status/2082593204294271472,positive,
Opus 5 (Jul 26-29),x,2082592558329340327,https://x.com/0xChudos/status/2082592558329340327,positive,
Opus 5 (Jul 26-29),x,2082592523793609141,https://x.com/argofowl/status/2082592523793609141,negative,style
Opus 5 (Jul 26-29),x,2082591704373407943,https://x.com/thereturningdev/status/2082591704373407943,neutral,
Opus 5 (Jul 26-29),x,2082591364575846681,https://x.com/alperortac/status/2082591364575846681,negative,quality
Opus 5 (Jul 26-29),x,2082591196984008900,https://x.com/FahkinPissaKid/status/2082591196984008900,positive,
Opus 5 (Jul 26-29),x,2082590547248595306,https://x.com/TokenGremlin/status/2082590547248595306,positive,
Opus 5 (Jul 26-29),x,2082266102747550079,https://x.com/RoundtableSpace/status/2082266102747550079,irrelevant,
Opus 5 (Jul 26-29),x,2082351044839784896,https://x.com/TokenGremlin/status/2082351044839784896,positive,
Opus 5 (Jul 26-29),x,2082492650536808712,https://x.com/everestchris6/status/2082492650536808712,irrelevant,
Opus 5 (Jul 26-29),x,2082288752227926087,https://x.com/RoundtableSpace/status/2082288752227926087,positive,
Opus 5 (Jul 26-29),x,2082583534347100505,https://x.com/RoundtableSpace/status/2082583534347100505,irrelevant,
Opus 5 (Jul 26-29),x,2082304833898373567,https://x.com/luckeyfaraday/status/2082304833898373567,irrelevant,
Opus 5 (Jul 26-29),x,2082464746620760358,https://x.com/chetaslua/status/2082464746620760358,positive,
Opus 5 (Jul 26-29),x,2082319454583583199,https://x.com/neil_xbt/status/2082319454583583199,positive,
Opus 5 (Jul 26-29),x,2082455564269801549,https://x.com/TokenGremlin/status/2082455564269801549,positive,
Opus 5 (Jul 26-29),x,2082387366895878380,https://x.com/insomnia_vip/status/2082387366895878380,irrelevant,
Opus 5 (Jul 26-29),x,2082281202359394532,https://x.com/RoundtableSpace/status/2082281202359394532,irrelevant,
Opus 5 (Jul 26-29),x,2082583192180273602,https://x.com/RoundtableSpace/status/2082583192180273602,irrelevant,
Opus 5 (Jul 26-29),x,2082437442028687544,https://x.com/rimtoln/status/2082437442028687544,irrelevant,
Opus 5 (Jul 26-29),x,2082550450373451938,https://x.com/omarsar0/status/2082550450373451938,neutral,
Opus 5 (Jul 26-29),x,2082510180088942938,https://x.com/starmexxx/status/2082510180088942938,irrelevant,
Opus 5 (Jul 26-29),x,2082589776050364523,https://x.com/chrisfirst/status/2082589776050364523,positive,
Opus 5 (Jul 26-29),x,2082589319127302318,https://x.com/SungJinIn2/status/2082589319127302318,irrelevant,
Opus 5 (Jul 26-29),x,2082589093901348927,https://x.com/CaffeinaitedMax/status/2082589093901348927,negative,safeguards
Opus 5 (Jul 26-29),x,2082588377686380635,https://x.com/BradfordHuber4/status/2082588377686380635,negative,style
Opus 5 (Jul 26-29),x,2082588113726296117,https://x.com/uzairakrum/status/2082588113726296117,neutral,
Opus 5 (Jul 26-29),x,2082587501043269692,https://x.com/teej_m/status/2082587501043269692,negative,quality
Opus 5 (Jul 26-29),x,2082587142073483716,https://x.com/thenewstack/status/2082587142073483716,neutral,
Opus 5 (Jul 26-29),x,2082587032266719409,https://x.com/NerdSnipePod/status/2082587032266719409,irrelevant,
Opus 5 (Jul 26-29),x,2082586986246799825,https://x.com/jessie_thinker/status/2082586986246799825,irrelevant,
Opus 5.5 (Sep 24-27),hacker_news,49862981,https://news.ycombinator.com/item?id=49862981,positive,
Opus 5.5 (Sep 24-27),hacker_news,49862340,https://news.ycombinator.com/item?id=49862340,positive,
Opus 5.5 (Sep 24-27),hacker_news,49861380,https://news.ycombinator.com/item?id=49861380,positive,
Opus 5.5 (Sep 24-27),hacker_news,49860587,https://news.ycombinator.com/item?id=49860587,positive,
Opus 5.5 (Sep 24-27),hacker_news,49860574,https://news.ycombinator.com/item?id=49860574,irrelevant,
Opus 5.5 (Sep 24-27),hacker_news,49860461,https://news.ycombinator.com/item?id=49860461,positive,
Opus 5.5 (Sep 24-27),hacker_news,49859533,https://news.ycombinator.com/item?id=49859533,negative,quality
Opus 5.5 (Sep 24-27),hacker_news,49859211,https://news.ycombinator.com/item?id=49859211,neutral,
Opus 5.5 (Sep 24-27),hacker_news,49858875,https://news.ycombinator.com/item?id=49858875,positive,
Opus 5.5 (Sep 24-27),hacker_news,49858512,https://news.ycombinator.com/item?id=49858512,neutral,
Opus 5.5 (Sep 24-27),hacker_news,49858284,https://news.ycombinator.com/item?id=49858284,positive,
Opus 5.5 (Sep 24-27),hacker_news,49858220,https://news.ycombinator.com/item?id=49858220,positive,
Opus 5.5 (Sep 24-27),hacker_news,49858166,https://news.ycombinator.com/item?id=49858166,negative,quality
Opus 5.5 (Sep 24-27),hacker_news,49857634,https://news.ycombinator.com/item?id=49857634,negative,quality
Opus 5.5 (Sep 24-27),hacker_news,49857123,https://news.ycombinator.com/item?id=49857123,positive,
Opus 5.5 (Sep 24-27),hacker_news,49856826,https://news.ycombinator.com/item?id=49856826,positive,
Opus 5.5 (Sep 24-27),hacker_news,49856513,https://news.ycombinator.com/item?id=49856513,neutral,
Opus 5.5 (Sep 24-27),hacker_news,49856223,https://news.ycombinator.com/item?id=49856223,negative,price_limits
Opus 5.5 (Sep 24-27),hacker_news,49856115,https://news.ycombinator.com/item?id=49856115,positive,
Opus 5.5 (Sep 24-27),hacker_news,49855877,https://news.ycombinator.com/item?id=49855877,positive,
Opus 5.5 (Sep 24-27),hacker_news,49855865,https://news.ycombinator.com/item?id=49855865,positive,
Opus 5.5 (Sep 24-27),hacker_news,49855804,https://news.ycombinator.com/item?id=49855804,neutral,
Opus 5.5 (Sep 24-27),hacker_news,49855670,https://news.ycombinator.com/item?id=49855670,positive,
Opus 5.5 (Sep 24-27),hacker_news,49855652,https://news.ycombinator.com/item?id=49855652,positive,
Opus 5.5 (Sep 24-27),hacker_news,49855422,https://news.ycombinator.com/item?id=49855422,positive,
Opus 5.5 (Sep 24-27),hacker_news,49855417,https://news.ycombinator.com/item?id=49855417,neutral,
Opus 5.5 (Sep 24-27),hacker_news,49855173,https://news.ycombinator.com/item?id=49855173,positive,
Opus 5.5 (Sep 24-27),hacker_news,49855038,https://news.ycombinator.com/item?id=49855038,negative,style
Opus 5.5 (Sep 24-27),hacker_news,49854246,https://news.ycombinator.com/item?id=49854246,positive,
Opus 5.5 (Sep 24-27),hacker_news,49854056,https://news.ycombinator.com/item?id=49854056,positive,
Opus 5.5 (Sep 24-27),hacker_news,49854037,https://news.ycombinator.com/item?id=49854037,negative,quality
Opus 5.5 (Sep 24-27),hacker_news,49853747,https://news.ycombinator.com/item?id=49853747,positive,
Opus 5.5 (Sep 24-27),hacker_news,49853202,https://news.ycombinator.com/item?id=49853202,irrelevant,
Opus 5.5 (Sep 24-27),hacker_news,49852960,https://news.ycombinator.com/item?id=49852960,positive,
Opus 5.5 (Sep 24-27),hacker_news,49852895,https://news.ycombinator.com/item?id=49852895,positive,
Opus 5.5 (Sep 24-27),hacker_news,49852597,https://news.ycombinator.com/item?id=49852597,neutral,
Opus 5.5 (Sep 24-27),hacker_news,49852428,https://news.ycombinator.com/item?id=49852428,negative,quality
Opus 5.5 (Sep 24-27),hacker_news,49852329,https://news.ycombinator.com/item?id=49852329,negative,quality
Opus 5.5 (Sep 24-27),hacker_news,49852216,https://news.ycombinator.com/item?id=49852216,positive,
Opus 5.5 (Sep 24-27),hacker_news,49851977,https://news.ycombinator.com/item?id=49851977,negative,quality
Opus 5.5 (Sep 24-27),hacker_news,49851972,https://news.ycombinator.com/item?id=49851972,positive,
Opus 5.5 (Sep 24-27),hacker_news,49851837,https://news.ycombinator.com/item?id=49851837,positive,
Opus 5.5 (Sep 24-27),hacker_news,49851546,https://news.ycombinator.com/item?id=49851546,positive,
Opus 5.5 (Sep 24-27),hacker_news,49851538,https://news.ycombinator.com/item?id=49851538,positive,
Opus 5.5 (Sep 24-27),hacker_news,49851117,https://news.ycombinator.com/item?id=49851117,neutral,
Opus 5.5 (Sep 24-27),hacker_news,49851021,https://news.ycombinator.com/item?id=49851021,positive,
Opus 5.5 (Sep 24-27),hacker_news,49850929,https://news.ycombinator.com/item?id=49850929,positive,
Opus 5.5 (Sep 24-27),hacker_news,49850810,https://news.ycombinator.com/item?id=49850810,negative,style
Opus 5.5 (Sep 24-27),hacker_news,49850798,https://news.ycombinator.com/item?id=49850798,positive,
Opus 5.5 (Sep 24-27),hacker_news,49850683,https://news.ycombinator.com/item?id=49850683,negative,style
Opus 5.5 (Sep 24-27),hacker_news,49850615,https://news.ycombinator.com/item?id=49850615,positive,
Opus 5.5 (Sep 24-27),hacker_news,49850548,https://news.ycombinator.com/item?id=49850548,positive,
Opus 5.5 (Sep 24-27),hacker_news,49850356,https://news.ycombinator.com/item?id=49850356,negative,style
Opus 5.5 (Sep 24-27),hacker_news,49850194,https://news.ycombinator.com/item?id=49850194,negative,style
Opus 5.5 (Sep 24-27),hacker_news,49848597,https://news.ycombinator.com/item?id=49848597,positive,
Opus 5.5 (Sep 24-27),hacker_news,49848498,https://news.ycombinator.com/item?id=49848498,negative,style
Opus 5.5 (Sep 24-27),hacker_news,49848130,https://news.ycombinator.com/item?id=49848130,positive,
Opus 5.5 (Sep 24-27),hacker_news,49845773,https://news.ycombinator.com/item?id=49845773,positive,
Opus 5.5 (Sep 24-27),hacker_news,49844535,https://news.ycombinator.com/item?id=49844535,positive,
Opus 5.5 (Sep 24-27),hacker_news,49844427,https://news.ycombinator.com/item?id=49844427,positive,
Opus 5.5 (Sep 24-27),hacker_news,49843939,https://news.ycombinator.com/item?id=49843939,positive,
Opus 5.5 (Sep 24-27),hacker_news,49843290,https://news.ycombinator.com/item?id=49843290,neutral,
Opus 5.5 (Sep 24-27),hacker_news,49843107,https://news.ycombinator.com/item?id=49843107,positive,
Opus 5.5 (Sep 24-27),hacker_news,49842682,https://news.ycombinator.com/item?id=49842682,positive,
Opus 5.5 (Sep 24-27),hacker_news,49842312,https://news.ycombinator.com/item?id=49842312,positive,
Opus 5.5 (Sep 24-27),hacker_news,49842153,https://news.ycombinator.com/item?id=49842153,positive,
Opus 5.5 (Sep 24-27),hacker_news,49841966,https://news.ycombinator.com/item?id=49841966,positive,
Opus 5.5 (Sep 24-27),hacker_news,49841785,https://news.ycombinator.com/item?id=49841785,positive,
Opus 5.5 (Sep 24-27),hacker_news,49841151,https://news.ycombinator.com/item?id=49841151,neutral,
Opus 5.5 (Sep 24-27),hacker_news,49840311,https://news.ycombinator.com/item?id=49840311,neutral,
Opus 5.5 (Sep 24-27),hacker_news,49840282,https://news.ycombinator.com/item?id=49840282,neutral,
Opus 5.5 (Sep 24-27),hacker_news,49840108,https://news.ycombinator.com/item?id=49840108,positive,
Opus 5.5 (Sep 24-27),hacker_news,49839916,https://news.ycombinator.com/item?id=49839916,negative,quality
Opus 5.5 (Sep 24-27),hacker_news,49839633,https://news.ycombinator.com/item?id=49839633,negative,quality
Opus 5.5 (Sep 24-27),hacker_news,49839100,https://news.ycombinator.com/item?id=49839100,neutral,
Opus 5.5 (Sep 24-27),hacker_news,49838534,https://news.ycombinator.com/item?id=49838534,neutral,
Opus 5.5 (Sep 24-27),hacker_news,49838380,https://news.ycombinator.com/item?id=49838380,positive,
Opus 5.5 (Sep 24-27),hacker_news,49838377,https://news.ycombinator.com/item?id=49838377,neutral,
Opus 5.5 (Sep 24-27),hacker_news,49838158,https://news.ycombinator.com/item?id=49838158,positive,
Opus 5.5 (Sep 24-27),hacker_news,49837469,https://news.ycombinator.com/item?id=49837469,positive,
Opus 5.5 (Sep 24-27),hacker_news,49837443,https://news.ycombinator.com/item?id=49837443,neutral,
Opus 5.5 (Sep 24-27),hacker_news,49837391,https://news.ycombinator.com/item?id=49837391,positive,
Opus 5.5 (Sep 24-27),hacker_news,49837145,https://news.ycombinator.com/item?id=49837145,positive,
Opus 5.5 (Sep 24-27),hacker_news,49837061,https://news.ycombinator.com/item?id=49837061,positive,
Opus 5.5 (Sep 24-27),hacker_news,49837060,https://news.ycombinator.com/item?id=49837060,positive,
Opus 5.5 (Sep 24-27),hacker_news,49837044,https://news.ycombinator.com/item?id=49837044,positive,
Opus 5.5 (Sep 24-27),hacker_news,49836826,https://news.ycombinator.com/item?id=49836826,negative,quality
Opus 5.5 (Sep 24-27),hacker_news,49836374,https://news.ycombinator.com/item?id=49836374,positive,
Opus 5.5 (Sep 24-27),hacker_news,49836368,https://news.ycombinator.com/item?id=49836368,neutral,
Opus 5.5 (Sep 24-27),hacker_news,49836367,https://news.ycombinator.com/item?id=49836367,neutral,
Opus 5.5 (Sep 24-27),hacker_news,49836303,https://news.ycombinator.com/item?id=49836303,positive,
Opus 5.5 (Sep 24-27),hacker_news,49836126,https://news.ycombinator.com/item?id=49836126,negative,safeguards
Opus 5.5 (Sep 24-27),hacker_news,49835889,https://news.ycombinator.com/item?id=49835889,negative,safeguards
Opus 5.5 (Sep 24-27),hacker_news,49835457,https://news.ycombinator.com/item?id=49835457,neutral,
Opus 5.5 (Sep 24-27),hacker_news,49835099,https://news.ycombinator.com/item?id=49835099,neutral,
Opus 5.5 (Sep 24-27),hacker_news,49834543,https://news.ycombinator.com/item?id=49834543,irrelevant,
Opus 5.5 (Sep 24-27),hacker_news,49832758,https://news.ycombinator.com/item?id=49832758,negative,price_limits
Opus 5.5 (Sep 24-27),hacker_news,49831818,https://news.ycombinator.com/item?id=49831818,neutral,
Opus 5.5 (Sep 24-27),hacker_news,49831600,https://news.ycombinator.com/item?id=49831600,neutral,
Opus 5.5 (Sep 24-27),hacker_news,49831598,https://news.ycombinator.com/item?id=49831598,neutral,
Opus 5.5 (Sep 24-27),hacker_news,49831311,https://news.ycombinator.com/item?id=49831311,positive,
Opus 5.5 (Sep 24-27),hacker_news,49831293,https://news.ycombinator.com/item?id=49831293,positive,
Opus 5.5 (Sep 24-27),hacker_news,49828188,https://news.ycombinator.com/item?id=49828188,positive,
Opus 5.5 (Sep 24-27),x,2103635604869394441,https://x.com/reeder1865/status/2103635604869394441,positive,
Opus 5.5 (Sep 24-27),x,2103635591707418963,https://x.com/0xProbabillity/status/2103635591707418963,irrelevant,
Opus 5.5 (Sep 24-27),x,2103635562837987614,https://x.com/juniper_real/status/2103635562837987614,negative,other
Opus 5.5 (Sep 24-27),x,2103635509679673419,https://x.com/Metdoyagi/status/2103635509679673419,irrelevant,
Opus 5.5 (Sep 24-27),x,2103635445078970691,https://x.com/shawndurnell/status/2103635445078970691,irrelevant,
Opus 5.5 (Sep 24-27),x,2103635431296258359,https://x.com/shaedotwilde/status/2103635431296258359,positive,
Opus 5.5 (Sep 24-27),x,2103635430914895927,https://x.com/ParsaKhaz/status/2103635430914895927,positive,
Opus 5.5 (Sep 24-27),x,2103635389210890688,https://x.com/emanueledpt/status/2103635389210890688,positive,
Opus 5.5 (Sep 24-27),x,2103635383690920229,https://x.com/AutoMaxInnovate/status/2103635383690920229,negative,quality
Opus 5.5 (Sep 24-27),x,2103635344231182641,https://x.com/ParsaKhaz/status/2103635344231182641,positive,
Opus 5.5 (Sep 24-27),x,2103635276107247846,https://x.com/Jonatha51268156/status/2103635276107247846,negative,quality
Opus 5.5 (Sep 24-27),x,2103635259690721590,https://x.com/HenkPoley/status/2103635259690721590,positive,
Opus 5.5 (Sep 24-27),x,2103635223346864282,https://x.com/birdwatcher1337/status/2103635223346864282,positive,
Opus 5.5 (Sep 24-27),x,2103635069030043996,https://x.com/teej_dv/status/2103635069030043996,positive,
Opus 5.5 (Sep 24-27),x,2103635067369070863,https://x.com/lazyynocturnal/status/2103635067369070863,negative,quality
Opus 5.5 (Sep 24-27),x,2103635046779228323,https://x.com/be_arsh/status/2103635046779228323,positive,
Opus 5.5 (Sep 24-27),x,2103634941137571998,https://x.com/reeder1865/status/2103634941137571998,positive,
Opus 5.5 (Sep 24-27),x,2103634940999217409,https://x.com/_offmylawn/status/2103634940999217409,positive,
Opus 5.5 (Sep 24-27),x,2103634919654072515,https://x.com/juniper_real/status/2103634919654072515,neutral,
Opus 5.5 (Sep 24-27),x,2103634807406166281,https://x.com/joshcmorrison/status/2103634807406166281,irrelevant,
Opus 5.5 (Sep 24-27),x,2103997954407182609,https://x.com/Rommel_Omi/status/2103997954407182609,positive,
Opus 5.5 (Sep 24-27),x,2103997920068469090,https://x.com/gobluehims/status/2103997920068469090,positive,
Opus 5.5 (Sep 24-27),x,2103997915597295894,https://x.com/vivafluxai/status/2103997915597295894,positive,
Opus 5.5 (Sep 24-27),x,2103997840074887396,https://x.com/sorianmare/status/2103997840074887396,positive,
Opus 5.5 (Sep 24-27),x,2103997804855390478,https://x.com/SonofNun/status/2103997804855390478,positive,
Opus 5.5 (Sep 24-27),x,2103997796378427512,https://x.com/jonkragh/status/2103997796378427512,positive,
Opus 5.5 (Sep 24-27),x,2103997791911788937,https://x.com/RonfortMartin/status/2103997791911788937,positive,
Opus 5.5 (Sep 24-27),x,2103997787373502746,https://x.com/Moriarty_tech/status/2103997787373502746,positive,
Opus 5.5 (Sep 24-27),x,2103997778095419898,https://x.com/TheZvi/status/2103997778095419898,positive,
Opus 5.5 (Sep 24-27),x,2103997668041084968,https://x.com/PlantInvestor16/status/2103997668041084968,positive,
Opus 5.5 (Sep 24-27),x,2103997654925758944,https://x.com/_awakingdream/status/2103997654925758944,irrelevant,
Opus 5.5 (Sep 24-27),x,2103997616405307781,https://x.com/dexhorthy/status/2103997616405307781,negative,safeguards
Opus 5.5 (Sep 24-27),x,2103997586520809845,https://x.com/JamesMalsawm/status/2103997586520809845,positive,
Opus 5.5 (Sep 24-27),x,2103997372342947864,https://x.com/hercodeio/status/2103997372342947864,positive,
Opus 5.5 (Sep 24-27),x,2103997217392541843,https://x.com/JohnWittle/status/2103997217392541843,neutral,
Opus 5.5 (Sep 24-27),x,2103997199067611170,https://x.com/InfiniteHexx/status/2103997199067611170,positive,
Opus 5.5 (Sep 24-27),x,2103996732422164655,https://x.com/theXipuLi/status/2103996732422164655,positive,
Opus 5.5 (Sep 24-27),x,2103996713845588144,https://x.com/GavinBasuel/status/2103996713845588144,irrelevant,
Opus 5.5 (Sep 24-27),x,2103996624573968748,https://x.com/TusharXo/status/2103996624573968748,irrelevant,
Opus 5.5 (Sep 24-27),x,2103273207742828640,https://x.com/LukeElin/status/2103273207742828640,positive,
Opus 5.5 (Sep 24-27),x,2103273195386056772,https://x.com/ClickingSeason/status/2103273195386056772,positive,
Opus 5.5 (Sep 24-27),x,2103273106014146912,https://x.com/jduhking_/status/2103273106014146912,positive,
Opus 5.5 (Sep 24-27),x,2103273099303297293,https://x.com/nijfranck/status/2103273099303297293,neutral,
Opus 5.5 (Sep 24-27),x,2103273007691256108,https://x.com/TryNitoAI/status/2103273007691256108,neutral,
Opus 5.5 (Sep 24-27),x,2103273003845091732,https://x.com/aj_dev_smith/status/2103273003845091732,positive,
Opus 5.5 (Sep 24-27),x,2103273003689951738,https://x.com/PatrickToulme/status/2103273003689951738,negative,quality
Opus 5.5 (Sep 24-27),x,2103273003555402193,https://x.com/twoclipping/status/2103273003555402193,positive,
Opus 5.5 (Sep 24-27),x,2103272983045247345,https://x.com/N8Programs/status/2103272983045247345,irrelevant,
Opus 5.5 (Sep 24-27),x,2103272961029685350,https://x.com/jaredctate/status/2103272961029685350,negative,quality
Opus 5.5 (Sep 24-27),x,2103272941832306746,https://x.com/supremebeme/status/2103272941832306746,irrelevant,
Opus 5.5 (Sep 24-27),x,2103272935238811731,https://x.com/rudrank/status/2103272935238811731,positive,
Opus 5.5 (Sep 24-27),x,2103272772097184019,https://x.com/remakebench/status/2103272772097184019,irrelevant,
Opus 5.5 (Sep 24-27),x,2103272686570918334,https://x.com/emollick/status/2103272686570918334,positive,
Opus 5.5 (Sep 24-27),x,2103272598587003340,https://x.com/voidmode/status/2103272598587003340,positive,
Opus 5.5 (Sep 24-27),x,2103272493658353765,https://x.com/nishanthps/status/2103272493658353765,positive,
Opus 5.5 (Sep 24-27),x,2103272332856815839,https://x.com/therealpananon/status/2103272332856815839,neutral,
Opus 5.5 (Sep 24-27),x,2103272332689023294,https://x.com/xactceo/status/2103272332689023294,positive,
Opus 5.5 (Sep 24-27),x,2103272266901405897,https://x.com/MaddoxWoozie/status/2103272266901405897,positive,
Opus 5.5 (Sep 24-27),x,2103272242247561669,https://x.com/mercor/status/2103272242247561669,neutral,
Opus 5.5 (Sep 24-27),x,2103506258514853961,https://x.com/daradoescode/status/2103506258514853961,positive,
Opus 5.5 (Sep 24-27),x,2103517427749241133,https://x.com/Ben__Springer/status/2103517427749241133,positive,
Opus 5.5 (Sep 24-27),x,2103418429248069973,https://x.com/Sarut0biSasuke/status/2103418429248069973,positive,
Opus 5.5 (Sep 24-27),x,2103601538551918743,https://x.com/spawn/status/2103601538551918743,positive,
Opus 5.5 (Sep 24-27),x,2103315922098470926,https://x.com/stephanlivera/status/2103315922098470926,irrelevant,
Opus 5.5 (Sep 24-27),x,2103539904126853553,https://x.com/Articus_chad/status/2103539904126853553,positive,
Opus 5.5 (Sep 24-27),x,2103603025579331584,https://x.com/0xValure/status/2103603025579331584,positive,
Opus 5.5 (Sep 24-27),x,2103483240921374761,https://x.com/joinwhip/status/2103483240921374761,positive,
Opus 5.5 (Sep 24-27),x,2103441222375268605,https://x.com/tcballard/status/2103441222375268605,neutral,
Opus 5.5 (Sep 24-27),x,2103555549929566323,https://x.com/DavidKPiano/status/2103555549929566323,positive,
Opus 5.5 (Sep 24-27),x,2103412323209896080,https://x.com/Airo_07/status/2103412323209896080,positive,
Opus 5.5 (Sep 24-27),x,2103437168731636090,https://x.com/k2sbhai/status/2103437168731636090,positive,
Opus 5.5 (Sep 24-27),x,2103370787101302871,https://x.com/rege_dev/status/2103370787101302871,positive,
Opus 5.5 (Sep 24-27),x,2103600911566438589,https://x.com/techy_windy/status/2103600911566438589,positive,
Opus 5.5 (Sep 24-27),x,2103451363607011782,https://x.com/_MaxBlade/status/2103451363607011782,positive,
Opus 5.5 (Sep 24-27),x,2103469567964254587,https://x.com/Voxyz_ai/status/2103469567964254587,irrelevant,
Opus 5.5 (Sep 24-27),x,2103600312296878304,https://x.com/hiCallMeChai/status/2103600312296878304,positive,
Opus 5.5 (Sep 24-27),x,2103539410302038359,https://x.com/SouranyPhomhome/status/2103539410302038359,positive,
Opus 5.5 (Sep 24-27),x,2103276852618068458,https://x.com/theo/status/2103276852618068458,irrelevant,
Opus 5.5 (Sep 24-27),x,2103190313624039620,https://x.com/Av1dlive/status/2103190313624039620,positive,
Opus 5.5 (Sep 24-27),x,2103053208247742725,https://x.com/mehrab_build/status/2103053208247742725,positive,
Opus 5.5 (Sep 24-27),x,2103228814285320355,https://x.com/ArchiveExplorer/status/2103228814285320355,irrelevant,
Opus 5.5 (Sep 24-27),x,2102922269203042809,https://x.com/AlexFinn/status/2102922269203042809,positive,
Opus 5.5 (Sep 24-27),x,2102986525185343563,https://x.com/viktoroddy/status/2102986525185343563,positive,
Opus 5.5 (Sep 24-27),x,2103210090027204729,https://x.com/dr_cintas/status/2103210090027204729,negative,price_limits
Opus 5.5 (Sep 24-27),x,2103167053737980177,https://x.com/SkyeSharkie/status/2103167053737980177,positive,
Opus 5.5 (Sep 24-27),x,2103243127779950592,https://x.com/aiedge_/status/2103243127779950592,negative,other
Opus 5.5 (Sep 24-27),x,2102991290568954264,https://x.com/BubuStd/status/2102991290568954264,positive,
Opus 5.5 (Sep 24-27),x,2103033635397898433,https://x.com/petergostev/status/2103033635397898433,irrelevant,
Opus 5.5 (Sep 24-27),x,2103096867747954992,https://x.com/zodchiii/status/2103096867747954992,positive,
Opus 5.5 (Sep 24-27),x,2103208608615772612,https://x.com/billyhumblebrag/status/2103208608615772612,irrelevant,
Opus 5.5 (Sep 24-27),x,2103104303808348305,https://x.com/vikktorrrre/status/2103104303808348305,positive,
Opus 5.5 (Sep 24-27),x,2103198490746900830,https://x.com/buildwithsid/status/2103198490746900830,positive,
Opus 5.5 (Sep 24-27),x,2103022926752854201,https://x.com/rege_dev/status/2103022926752854201,neutral,
Opus 5.5 (Sep 24-27),x,2103233597679296586,https://x.com/RileyRalmuto/status/2103233597679296586,positive,
Opus 5.5 (Sep 24-27),x,2103168290592112688,https://x.com/ElevenCreative/status/2103168290592112688,irrelevant,
Opus 5.5 (Sep 24-27),x,2103228228055793866,https://x.com/btsouth/status/2103228228055793866,positive,
Opus 5.5 (Sep 24-27),x,2103174501345493197,https://x.com/deedydas/status/2103174501345493197,positive,
Opus 5.5 (Sep 24-27),x,2103634748782322131,https://x.com/darrenangle/status/2103634748782322131,positive,
Opus 5.5 (Sep 24-27),x,2103634725294297566,https://x.com/RielStAmand/status/2103634725294297566,positive,
Opus 5.5 (Sep 24-27),x,2103634723528638613,https://x.com/arthurgoelzer/status/2103634723528638613,negative,price_limits
Opus 5.5 (Sep 24-27),x,2103634700220973476,https://x.com/mdkaifansari04/status/2103634700220973476,positive,
Opus 5.5 (Sep 24-27),x,2103634698996273445,https://x.com/kssreeram/status/2103634698996273445,positive,
Opus 5.5 (Sep 24-27),x,2103634672928596046,https://x.com/_czalba/status/2103634672928596046,neutral,
Opus 5.5 (Sep 24-27),x,2103634647146000861,https://x.com/MayaMonteAI/status/2103634647146000861,neutral,
Opus 5.5 (Sep 24-27),x,2103634621581959638,https://x.com/420_trades/status/2103634621581959638,positive,
Opus 5.5 (Sep 24-27),x,2103634615537906144,https://x.com/RonfortMartin/status/2103634615537906144,irrelevant,
Opus 5.5 (Sep 24-27),x,2103634590590173542,https://x.com/crictorz/status/2103634590590173542,positive,
Opus 5.5 (Sep 24-27),x,2103634582545580332,https://x.com/ITORRE/status/2103634582545580332,positive,
Opus 5.5 (Sep 24-27),x,2103634514476257418,https://x.com/SafalFrom2050/status/2103634514476257418,irrelevant,
Opus 5.5 (Sep 24-27),x,2103634478942065084,https://x.com/Seanfrank/status/2103634478942065084,positive,
Opus 5.5 (Sep 24-27),x,2103634392552013986,https://x.com/therealmokam/status/2103634392552013986,positive,
Opus 5.5 (Sep 24-27),x,2103634293604176309,https://x.com/embw_l0x/status/2103634293604176309,positive,
Opus 5.5 (Sep 24-27),x,2103634167368126513,https://x.com/paalsoberg/status/2103634167368126513,positive,
Opus 5.5 (Sep 24-27),x,2103634055904555320,https://x.com/JamesMalsawm/status/2103634055904555320,positive,
Opus 5.5 (Sep 24-27),x,2103634016167702575,https://x.com/dawgs4ever/status/2103634016167702575,neutral,
Opus 5.5 (Sep 24-27),x,2103634015764746511,https://x.com/ER_engineering/status/2103634015764746511,positive,
Opus 5.5 (Sep 24-27),x,2103633991501054341,https://x.com/irangareddy/status/2103633991501054341,irrelevant,
Opus 5.5 (Sep 24-27),x,2103856583667052674,https://x.com/ElitzaVasileva/status/2103856583667052674,positive,
Opus 5.5 (Sep 24-27),x,2103876833951277139,https://x.com/onlytruejohn/status/2103876833951277139,irrelevant,
Opus 5.5 (Sep 24-27),x,2103923332265693225,https://x.com/hypitai/status/2103923332265693225,irrelevant,
Opus 5.5 (Sep 24-27),x,2103887300900098335,https://x.com/pranavbarthwal_/status/2103887300900098335,positive,
Opus 5.5 (Sep 24-27),x,2103918792845963545,https://x.com/achxvi/status/2103918792845963545,positive,
Opus 5.5 (Sep 24-27),x,2103850775008960798,https://x.com/bernoussama/status/2103850775008960798,irrelevant,
Opus 5.5 (Sep 24-27),x,2103977414711767244,https://x.com/Voxyz_ai/status/2103977414711767244,irrelevant,
Opus 5.5 (Sep 24-27),x,2103831422234747326,https://x.com/notesbyfloat/status/2103831422234747326,positive,
Opus 5.5 (Sep 24-27),x,2103774864742154698,https://x.com/RatheeJaisal/status/2103774864742154698,positive,
Opus 5.5 (Sep 24-27),x,2103932560305004838,https://x.com/jithingarapati/status/2103932560305004838,positive,
Opus 5.5 (Sep 24-27),x,2103896732069175738,https://x.com/He1s_Sammy/status/2103896732069175738,irrelevant,
Opus 5.5 (Sep 24-27),x,2103971690057437648,https://x.com/siamakfr/status/2103971690057437648,positive,
Opus 5.5 (Sep 24-27),x,2103946635831050740,https://x.com/Voxyz_ai/status/2103946635831050740,irrelevant,
Opus 5.5 (Sep 24-27),x,2103750799541346777,https://x.com/TusharXo/status/2103750799541346777,positive,
Opus 5.5 (Sep 24-27),x,2103919236653428985,https://x.com/AndreiProvkin/status/2103919236653428985,positive,
Opus 5.5 (Sep 24-27),x,2103807209004290536,https://x.com/charliejhills/status/2103807209004290536,positive,
Opus 5.5 (Sep 24-27),x,2103878499811328404,https://x.com/NFTPROTECTOR/status/2103878499811328404,positive,
Opus 5.5 (Sep 24-27),x,2103865359988125706,https://x.com/AndrewOnXYZ/status/2103865359988125706,irrelevant,
Opus 5.5 (Sep 24-27),x,2103903303541371199,https://x.com/latelier_games/status/2103903303541371199,negative,other
Opus 5.5 (Sep 24-27),x,2103862302378254368,https://x.com/Wellsiaaa/status/2103862302378254368,positive,
Opus 5.5 (Sep 24-27),x,2103272199922778409,https://x.com/dafzthomas/status/2103272199922778409,neutral,
Opus 5.5 (Sep 24-27),x,2103272194553876683,https://x.com/Mazzy391/status/2103272194553876683,positive,
Opus 5.5 (Sep 24-27),x,2103272163570762017,https://x.com/vxbe_dev/status/2103272163570762017,positive,
Opus 5.5 (Sep 24-27),x,2103272092930351183,https://x.com/gintoicons/status/2103272092930351183,positive,
Opus 5.5 (Sep 24-27),x,2103272043643130032,https://x.com/daiz4y/status/2103272043643130032,positive,
Opus 5.5 (Sep 24-27),x,2103272030502277497,https://x.com/BP_Gamma/status/2103272030502277497,positive,
Opus 5.5 (Sep 24-27),x,2103272030099386660,https://x.com/johnbhiggins/status/2103272030099386660,irrelevant,
Opus 5.5 (Sep 24-27),x,2103272006955483544,https://x.com/RyzenFire_/status/2103272006955483544,positive,
Opus 5.5 (Sep 24-27),x,2103271997442777324,https://x.com/rohit3a/status/2103271997442777324,positive,
Opus 5.5 (Sep 24-27),x,2103271957785440343,https://x.com/BuiltByEstrada/status/2103271957785440343,neutral,
Opus 5.5 (Sep 24-27),x,2103271939058160089,https://x.com/wireheaded/status/2103271939058160089,irrelevant,
Opus 5.5 (Sep 24-27),x,2103271911354663281,https://x.com/ww2enjoyer/status/2103271911354663281,positive,
Opus 5.5 (Sep 24-27),x,2103271891054317857,https://x.com/Dev2Diary/status/2103271891054317857,positive,
Opus 5.5 (Sep 24-27),x,2103271788314554681,https://x.com/Amr7ares/status/2103271788314554681,positive,
Opus 5.5 (Sep 24-27),x,2103271779846537524,https://x.com/TryNitoAI/status/2103271779846537524,neutral,
Opus 5.5 (Sep 24-27),x,2103271728390799431,https://x.com/primalrobin/status/2103271728390799431,irrelevant,
Opus 5.5 (Sep 24-27),x,2103271606474965470,https://x.com/kethcode/status/2103271606474965470,irrelevant,
Opus 5.5 (Sep 24-27),x,2103271587898364231,https://x.com/blip_tm/status/2103271587898364231,irrelevant,
Opus 5.5 (Sep 24-27),x,2103271579757302052,https://x.com/iamdecatalyst/status/2103271579757302052,positive,
Opus 5.5 (Sep 24-27),x,2103271489512611929,https://x.com/edwinencomienda/status/2103271489512611929,positive,
Opus 5.5 (Sep 24-27),x,2103996460329296267,https://x.com/k2sbhai/status/2103996460329296267,positive,
Opus 5.5 (Sep 24-27),x,2103996393744630114,https://x.com/rohit3a/status/2103996393744630114,positive,
Opus 5.5 (Sep 24-27),x,2103996346961444874,https://x.com/ChaoL23553/status/2103996346961444874,positive,
Opus 5.5 (Sep 24-27),x,2103996333795274910,https://x.com/404notfoundmedi/status/2103996333795274910,neutral,
Opus 5.5 (Sep 24-27),x,2103996317290643877,https://x.com/carlosrodera_/status/2103996317290643877,positive,
Opus 5.5 (Sep 24-27),x,2103996216254341265,https://x.com/DanielleMorrill/status/2103996216254341265,positive,
Opus 5.5 (Sep 24-27),x,2103996194221392104,https://x.com/Angaisb_/status/2103996194221392104,neutral,
Opus 5.5 (Sep 24-27),x,2103996108145906061,https://x.com/haridigresses/status/2103996108145906061,positive,
Opus 5.5 (Sep 24-27),x,2103995964617089061,https://x.com/JSchoreels/status/2103995964617089061,neutral,
Opus 5.5 (Sep 24-27),x,2103995928822923567,https://x.com/bridgerloftin/status/2103995928822923567,positive,
Opus 5.5 (Sep 24-27),x,2103995906274333040,https://x.com/adhvfed/status/2103995906274333040,positive,
Opus 5.5 (Sep 24-27),x,2103995847448973550,https://x.com/avynsrc/status/2103995847448973550,irrelevant,
Opus 5.5 (Sep 24-27),x,2103995846446514568,https://x.com/DistrictCrypto/status/2103995846446514568,irrelevant,
Opus 5.5 (Sep 24-27),x,2103995693601804325,https://x.com/bridgerloftin/status/2103995693601804325,positive,
Opus 5.5 (Sep 24-27),x,2103995504430399778,https://x.com/thesysops/status/2103995504430399778,irrelevant,
Opus 5.5 (Sep 24-27),x,2103995470477709439,https://x.com/embw_l0x/status/2103995470477709439,positive,
Opus 5.5 (Sep 24-27),x,2103995344233107528,https://x.com/EshuMarneedi/status/2103995344233107528,irrelevant,
Opus 5.5 (Sep 24-27),x,2103995337258217827,https://x.com/Skylartkitchen/status/2103995337258217827,irrelevant,
Opus 5.5 (Sep 24-27),x,2103995321307087122,https://x.com/motorsep/status/2103995321307087122,irrelevant,
Opus 5.5 (Sep 24-27),x,2103201004850172258,https://x.com/arjmahesh/status/2103201004850172258,positive,
Opus 5.5 (Sep 24-27),x,2103180819548266713,https://x.com/viewsfrom02108/status/2103180819548266713,positive,
Opus 5.5 (Sep 24-27),x,2103098922914738426,https://x.com/SpikeRiser/status/2103098922914738426,irrelevant,
Opus 5.5 (Sep 24-27),x,2103186439072846328,https://x.com/ArdenAI07/status/2103186439072846328,positive,
Opus 5.5 (Sep 24-27),x,2103183941587062929,https://x.com/arthur_reed_ai/status/2103183941587062929,positive,
Opus 5.5 (Sep 24-27),x,2103088660887318850,https://x.com/literallydenis/status/2103088660887318850,positive,
Opus 5.5 (Sep 24-27),x,2103232997461786803,https://x.com/Voxyz_ai/status/2103232997461786803,neutral,
Opus 5.5 (Sep 24-27),x,2103210925562224769,https://x.com/EnactraAI/status/2103210925562224769,neutral,
Opus 5.5 (Sep 24-27),x,2103048475034501408,https://x.com/anilmalic6/status/2103048475034501408,irrelevant,
Opus 5.5 (Sep 24-27),x,2103174090777670123,https://x.com/melvindvivas/status/2103174090777670123,positive,
Opus 5.5 (Sep 24-27),x,2103127531998322814,https://x.com/prasenx/status/2103127531998322814,positive,
Opus 5.5 (Sep 24-27),x,2103188137220427958,https://x.com/adomicael/status/2103188137220427958,positive,
Opus 5.5 (Sep 24-27),x,2103169095034400772,https://x.com/DannyLimanseta/status/2103169095034400772,positive,
Opus 5.5 (Sep 24-27),x,2103122508090122731,https://x.com/daniel_mac8/status/2103122508090122731,positive,
Opus 5.5 (Sep 24-27),x,2103194052850241739,https://x.com/LexnLin/status/2103194052850241739,positive,
Opus 5.5 (Sep 24-27),x,2103223613516042744,https://x.com/sufyanmaan/status/2103223613516042744,positive,
Opus 5.5 (Sep 24-27),x,2103195719859589540,https://x.com/jake11moran/status/2103195719859589540,irrelevant,
Opus 5.5 (Sep 24-27),x,2103169851015745813,https://x.com/paradite_/status/2103169851015745813,positive,
Opus 5.5 (Sep 24-27),x,2103115037334262241,https://x.com/moritzkremb/status/2103115037334262241,positive,
Opus 5.5 (Sep 24-27),x,2103066488152395927,https://x.com/Jeremybtc/status/2103066488152395927,irrelevant,
Opus 5.5 (Sep 24-27),x,2103413999421509764,https://x.com/rjrazzle/status/2103413999421509764,positive,
Opus 5.5 (Sep 24-27),x,2103525576912855363,https://x.com/jackfriks/status/2103525576912855363,positive,
Opus 5.5 (Sep 24-27),x,2103461342413742428,https://x.com/minchoi/status/2103461342413742428,positive,
Opus 5.5 (Sep 24-27),x,2103509520404095444,https://x.com/VadimStrizheus/status/2103509520404095444,positive,
Opus 5.5 (Sep 24-27),x,2103457649526206529,https://x.com/zodchiii/status/2103457649526206529,positive,
Opus 5.5 (Sep 24-27),x,2103348778065649714,https://x.com/rubenhassid/status/2103348778065649714,positive,
Opus 5.5 (Sep 24-27),x,2103568244820910317,https://x.com/SolSt1ne/status/2103568244820910317,positive,
Opus 5.5 (Sep 24-27),x,2103499977632997524,https://x.com/alex_prompter/status/2103499977632997524,positive,
Opus 5.5 (Sep 24-27),x,2103475507471806929,https://x.com/sbalhatlani/status/2103475507471806929,positive,
Opus 5.5 (Sep 24-27),x,2103472385563459833,https://x.com/shneural/status/2103472385563459833,positive,
Opus 5.5 (Sep 24-27),x,2103511783000453229,https://x.com/vikktorrrre/status/2103511783000453229,positive,
Opus 5.5 (Sep 24-27),x,2103540433225908447,https://x.com/runwayml/status/2103540433225908447,irrelevant,
Opus 5.5 (Sep 24-27),x,2103500130066518199,https://x.com/abxxai/status/2103500130066518199,positive,
Opus 5.5 (Sep 24-27),x,2103516447297446344,https://x.com/guidorosso/status/2103516447297446344,positive,
Opus 5.5 (Sep 24-27),x,2103563538828832979,https://x.com/monokern/status/2103563538828832979,positive,
Opus 5.5 (Sep 24-27),x,2103451222749659145,https://x.com/k2sbhai/status/2103451222749659145,irrelevant,
Opus 5.5 (Sep 24-27),x,2103449416325890146,https://x.com/ajith_io/status/2103449416325890146,positive,
Opus 5.5 (Sep 24-27),x,2103458495320539262,https://x.com/sairahul1/status/2103458495320539262,neutral,
Opus 5.5 (Sep 24-27),x,2103633927823086003,https://x.com/RomainDerrien/status/2103633927823086003,positive,
Opus 5.5 (Sep 24-27),x,2103633901860319507,https://x.com/weiszfeld/status/2103633901860319507,neutral,
Opus 5.5 (Sep 24-27),x,2103633643063464048,https://x.com/deshrajdry/status/2103633643063464048,irrelevant,
Opus 5.5 (Sep 24-27),x,2103633637342109952,https://x.com/MrCrypto305/status/2103633637342109952,positive,
Opus 5.5 (Sep 24-27),x,2103633635131736311,https://x.com/BeatGreatFilter/status/2103633635131736311,positive,
Opus 5.5 (Sep 24-27),x,2103633606585520449,https://x.com/Enchantifyink/status/2103633606585520449,positive,
Opus 5.5 (Sep 24-27),x,2103633582673809667,https://x.com/yasu_919/status/2103633582673809667,positive,
Opus 5.5 (Sep 24-27),x,2103633546988626179,https://x.com/SimAudience/status/2103633546988626179,positive,
Opus 5.5 (Sep 24-27),x,2103633536658153756,https://x.com/agentmith/status/2103633536658153756,irrelevant,
Opus 5.5 (Sep 24-27),x,2103633476339589188,https://x.com/mirceagr/status/2103633476339589188,positive,
Opus 5.5 (Sep 24-27),x,2103633435113779388,https://x.com/Sightaru/status/2103633435113779388,positive,
Opus 5.5 (Sep 24-27),x,2103633399210537089,https://x.com/Shraideh0/status/2103633399210537089,positive,
Opus 5.5 (Sep 24-27),x,2103633394269872428,https://x.com/helps_22/status/2103633394269872428,positive,
Opus 5.5 (Sep 24-27),x,2103633264623935885,https://x.com/stillpointlab/status/2103633264623935885,positive,
Opus 5.5 (Sep 24-27),x,2103633212090065398,https://x.com/IamARoosterMAN/status/2103633212090065398,positive,
Opus 5.5 (Sep 24-27),x,2103633163746521540,https://x.com/red_wolfess/status/2103633163746521540,positive,
Opus 5.5 (Sep 24-27),x,2103633020481876309,https://x.com/its_too_clout/status/2103633020481876309,positive,
Opus 5.5 (Sep 24-27),x,2103632954740322532,https://x.com/chipxsd/status/2103632954740322532,positive,
Opus 5.5 (Sep 24-27),x,2103632944950599765,https://x.com/hyperliberalism/status/2103632944950599765,negative,safeguards
Opus 5.5 (Sep 24-27),x,2103632925677990007,https://x.com/Scobleizer/status/2103632925677990007,irrelevant,
Opus 5.5 (Sep 24-27),x,2103995273961988178,https://x.com/filippocarnvl/status/2103995273961988178,positive,
Opus 5.5 (Sep 24-27),x,2103995183255998633,https://x.com/notdwd/status/2103995183255998633,positive,
Opus 5.5 (Sep 24-27),x,2103995127358214631,https://x.com/DoylePatri9902/status/2103995127358214631,positive,
Opus 5.5 (Sep 24-27),x,2103995121062568063,https://x.com/DGoldNYC/status/2103995121062568063,positive,
Opus 5.5 (Sep 24-27),x,2103995030465884630,https://x.com/CarolMonroe/status/2103995030465884630,positive,
Opus 5.5 (Sep 24-27),x,2103994936878301493,https://x.com/KewkD/status/2103994936878301493,positive,
Opus 5.5 (Sep 24-27),x,2103994740127723580,https://x.com/millsplus/status/2103994740127723580,positive,
Opus 5.5 (Sep 24-27),x,2103994706883674204,https://x.com/MrMSpencer/status/2103994706883674204,positive,
Opus 5.5 (Sep 24-27),x,2103994511533768890,https://x.com/IslandMinister/status/2103994511533768890,positive,
Opus 5.5 (Sep 24-27),x,2103994477207539896,https://x.com/CampbellKaleb23/status/2103994477207539896,positive,
Opus 5.5 (Sep 24-27),x,2103994459604103553,https://x.com/Skylartkitchen/status/2103994459604103553,positive,
Opus 5.5 (Sep 24-27),x,2103994397394125132,https://x.com/XavierRiveraX/status/2103994397394125132,neutral,
Opus 5.5 (Sep 24-27),x,2103994214665363964,https://x.com/davidvkimball/status/2103994214665363964,positive,
Opus 5.5 (Sep 24-27),x,2103994211771064456,https://x.com/basedinwv/status/2103994211771064456,positive,
Opus 5.5 (Sep 24-27),x,2103994129021907154,https://x.com/JohnMcKeownn/status/2103994129021907154,positive,
Opus 5.5 (Sep 24-27),x,2103994081953386612,https://x.com/theaivice/status/2103994081953386612,positive,
Opus 5.5 (Sep 24-27),x,2103993970749853701,https://x.com/dexhorthy/status/2103993970749853701,positive,
Opus 5.5 (Sep 24-27),x,2103993955214066147,https://x.com/WazzCrypto/status/2103993955214066147,positive,
Opus 5.5 (Sep 24-27),x,2103993889250046164,https://x.com/Ixel111/status/2103993889250046164,positive,
Opus 5.5 (Sep 24-27),x,2103993878508712309,https://x.com/luckfyi/status/2103993878508712309,positive,
Opus 5.5 (Sep 24-27),x,2103271444419641532,https://x.com/elyxlz/status/2103271444419641532,positive,
Opus 5.5 (Sep 24-27),x,2103271399255396818,https://x.com/TryNitoAI/status/2103271399255396818,neutral,
Opus 5.5 (Sep 24-27),x,2103271267893997846,https://x.com/alephtr/status/2103271267893997846,neutral,
Opus 5.5 (Sep 24-27),x,2103271242350408189,https://x.com/daiz4y/status/2103271242350408189,positive,
Opus 5.5 (Sep 24-27),x,2103271232389193836,https://x.com/Solaawodiya/status/2103271232389193836,irrelevant,
Opus 5.5 (Sep 24-27),x,2103271218120216607,https://x.com/vkryukov/status/2103271218120216607,positive,
Opus 5.5 (Sep 24-27),x,2103271187174604882,https://x.com/TheNeuronScribe/status/2103271187174604882,positive,
Opus 5.5 (Sep 24-27),x,2103271121290141995,https://x.com/per_simmons_/status/2103271121290141995,positive,
Opus 5.5 (Sep 24-27),x,2103271080966111442,https://x.com/0xOmarA/status/2103271080966111442,positive,
Opus 5.5 (Sep 24-27),x,2103271031272280365,https://x.com/wallacex227/status/2103271031272280365,neutral,
Opus 5.5 (Sep 24-27),x,2103271030672564491,https://x.com/TryNitoAI/status/2103271030672564491,neutral,
Opus 5.5 (Sep 24-27),x,2103270994701857097,https://x.com/E_FutureFan/status/2103270994701857097,positive,
Opus 5.5 (Sep 24-27),x,2103270987693527320,https://x.com/kirtan_ghelani/status/2103270987693527320,irrelevant,
Opus 5.5 (Sep 24-27),x,2103270927324922366,https://x.com/renideas/status/2103270927324922366,irrelevant,
Opus 5.5 (Sep 24-27),x,2103270895880122622,https://x.com/AndrewRoss00/status/2103270895880122622,positive,
Opus 5.5 (Sep 24-27),x,2103270808374386993,https://x.com/fleetingbytes/status/2103270808374386993,positive,
Opus 5.5 (Sep 24-27),x,2103270802401677324,https://x.com/Yax22/status/2103270802401677324,positive,
Opus 5.5 (Sep 24-27),x,2103270761318240284,https://x.com/ZetaChain/status/2103270761318240284,irrelevant,
Opus 5.5 (Sep 24-27),x,2103270582053896483,https://x.com/VinceClassic/status/2103270582053896483,irrelevant,
Opus 5.5 (Sep 24-27),x,2103270530887684327,https://x.com/TryNitoAI/status/2103270530887684327,neutral,
Opus 5.5 (Sep 24-27),x,2103852115341049897,https://x.com/Av1dlive/status/2103852115341049897,neutral,
Opus 5.5 (Sep 24-27),x,2103901016303550648,https://x.com/DeryaTR_/status/2103901016303550648,positive,
Opus 5.5 (Sep 24-27),x,2103864511157457291,https://x.com/gippp69/status/2103864511157457291,positive,
Opus 5.5 (Sep 24-27),x,2103875773866410306,https://x.com/defileo/status/2103875773866410306,positive,
Opus 5.5 (Sep 24-27),x,2103897837687697590,https://x.com/Argona0x/status/2103897837687697590,positive,
Opus 5.5 (Sep 24-27),x,2103862956211704144,https://x.com/PrajwalTomar_/status/2103862956211704144,positive,
Opus 5.5 (Sep 24-27),x,2103862217800359939,https://x.com/alex_prompter/status/2103862217800359939,irrelevant,
Opus 5.5 (Sep 24-27),x,2103609407154123242,https://x.com/marfinxx/status/2103609407154123242,positive,
Opus 5.5 (Sep 24-27),x,2103722485242118308,https://x.com/cyrilXBT/status/2103722485242118308,irrelevant,
Opus 5.5 (Sep 24-27),x,2103976287157260391,https://x.com/irabukht/status/2103976287157260391,irrelevant,
Opus 5.5 (Sep 24-27),x,2103941048410251494,https://x.com/Av1dlive/status/2103941048410251494,neutral,
Opus 5.5 (Sep 24-27),x,2103723183899852885,https://x.com/ann_nnng/status/2103723183899852885,positive,
Opus 5.5 (Sep 24-27),x,2103860153929937050,https://x.com/Vladic_ETH/status/2103860153929937050,positive,
Opus 5.5 (Sep 24-27),x,2103866054237634943,https://x.com/daniel_mac8/status/2103866054237634943,irrelevant,
Opus 5.5 (Sep 24-27),x,2103616720007032874,https://x.com/0xCarnagee/status/2103616720007032874,positive,
Opus 5.5 (Sep 24-27),x,2103783920248528997,https://x.com/leopardracer/status/2103783920248528997,positive,
Opus 5.5 (Sep 24-27),x,2103707054108299437,https://x.com/rexan_wong/status/2103707054108299437,positive,
Opus 5.5 (Sep 24-27),x,2103632916312170798,https://x.com/SeifOnX/status/2103632916312170798,positive,
Opus 5.5 (Sep 24-27),x,2103632884451954975,https://x.com/dilemmaaa1337/status/2103632884451954975,positive,
Opus 5.5 (Sep 24-27),x,2103632844069417248,https://x.com/stratospark/status/2103632844069417248,irrelevant,
Opus 5.5 (Sep 24-27),x,2103632822867288148,https://x.com/BillMan62763943/status/2103632822867288148,positive,
Opus 5.5 (Sep 24-27),x,2103632815677944206,https://x.com/Layton_Gott/status/2103632815677944206,positive,
Opus 5.5 (Sep 24-27),x,2103632789778186510,https://x.com/IntuitMachine/status/2103632789778186510,irrelevant,
Opus 5.5 (Sep 24-27),x,2103632724867358995,https://x.com/MrCrypto305/status/2103632724867358995,positive,
Opus 5.5 (Sep 24-27),x,2103632693116236009,https://x.com/IntuitMachine/status/2103632693116236009,irrelevant,
Opus 5.5 (Sep 24-27),x,2103632646270284250,https://x.com/the_aww_org/status/2103632646270284250,positive,
Opus 5.5 (Sep 24-27),x,2103632621360365631,https://x.com/mericda/status/2103632621360365631,positive,
Opus 5.5 (Sep 24-27),x,2103632546294595994,https://x.com/zxdubx/status/2103632546294595994,irrelevant,
Opus 5.5 (Sep 24-27),x,2103632537281331685,https://x.com/IntuitMachine/status/2103632537281331685,irrelevant,
Opus 5.5 (Sep 24-27),x,2103632498819506665,https://x.com/softminus/status/2103632498819506665,positive,
Opus 5.5 (Sep 24-27),x,2103632325158547502,https://x.com/_mgriisser/status/2103632325158547502,positive,
Opus 5.5 (Sep 24-27),x,2103632307316007250,https://x.com/JamesMalsawm/status/2103632307316007250,positive,
Opus 5.5 (Sep 24-27),x,2103632281873387600,https://x.com/MahdiSPHP/status/2103632281873387600,positive,
Opus 5.5 (Sep 24-27),x,2103632251682796000,https://x.com/edward40e/status/2103632251682796000,positive,
Opus 5.5 (Sep 24-27),x,2103632247157145638,https://x.com/micowendy/status/2103632247157145638,irrelevant,
Opus 5.5 (Sep 24-27),x,2103632219504079284,https://x.com/BryanJBryce/status/2103632219504079284,irrelevant,
Opus 5.5 (Sep 24-27),x,2103632157369585906,https://x.com/bughuntergeek/status/2103632157369585906,neutral,
Opus 5.5 (Sep 24-27),x,2103993860431249689,https://x.com/tristanbob/status/2103993860431249689,positive,
Opus 5.5 (Sep 24-27),x,2103993833541321049,https://x.com/autumnal_queen/status/2103993833541321049,positive,
Opus 5.5 (Sep 24-27),x,2103993814000255332,https://x.com/CryptoPraetoria/status/2103993814000255332,positive,
Opus 5.5 (Sep 24-27),x,2103993681447674162,https://x.com/tristanbob/status/2103993681447674162,irrelevant,
Opus 5.5 (Sep 24-27),x,2103993669523320873,https://x.com/luckfyi/status/2103993669523320873,positive,
Opus 5.5 (Sep 24-27),x,2103993444888703392,https://x.com/PlexInphinity/status/2103993444888703392,irrelevant,
Opus 5.5 (Sep 24-27),x,2103993295433331082,https://x.com/MeSimhadri/status/2103993295433331082,irrelevant,
Opus 5.5 (Sep 24-27),x,2103993276348977464,https://x.com/SBingfa/status/2103993276348977464,positive,
Opus 5.5 (Sep 24-27),x,2103993074401919015,https://x.com/seanf1orez/status/2103993074401919015,irrelevant,
Opus 5.5 (Sep 24-27),x,2103993017048715424,https://x.com/haider1/status/2103993017048715424,positive,
Opus 5.5 (Sep 24-27),x,2103993009276690770,https://x.com/_aghoniem/status/2103993009276690770,irrelevant,
Opus 5.5 (Sep 24-27),x,2103992986958749956,https://x.com/justinhammon_/status/2103992986958749956,irrelevant,
Opus 5.5 (Sep 24-27),x,2103992979031736361,https://x.com/Ubertag90210/status/2103992979031736361,positive,
Opus 5.5 (Sep 24-27),x,2103992968965415392,https://x.com/jtevesobs/status/2103992968965415392,positive,
Opus 5.5 (Sep 24-27),x,2103992832709337382,https://x.com/luislozanog86/status/2103992832709337382,neutral,
Opus 5.5 (Sep 24-27),x,2103992776564322377,https://x.com/ESYdotcom/status/2103992776564322377,positive,
Opus 5.5 (Sep 24-27),x,2103992771149496491,https://x.com/Kuprel/status/2103992771149496491,irrelevant,
Opus 5.5 (Sep 24-27),x,2103992729139368157,https://x.com/codeandrewford/status/2103992729139368157,positive,
Opus 5.5 (Sep 24-27),x,2103992612051095920,https://x.com/illi_gg/status/2103992612051095920,positive,
Opus 5.5 (Sep 24-27),x,2103992585064997375,https://x.com/boneGPT/status/2103992585064997375,positive,
Opus 5.5 (Sep 24-27),x,2103117246860345550,https://x.com/Voxyz_ai/status/2103117246860345550,positive,
Opus 5.5 (Sep 24-27),x,2103270486071525448,https://x.com/ParsaKhaz/status/2103270486071525448,positive,
Opus 5.5 (Sep 24-27),x,2103270482648744039,https://x.com/anshnanda/status/2103270482648744039,positive,
Opus 5.5 (Sep 24-27),x,2103270442504983029,https://x.com/jmsaulnier/status/2103270442504983029,positive,
Opus 5.5 (Sep 24-27),x,2103270366248599857,https://x.com/vkryukov/status/2103270366248599857,positive,
Opus 5.5 (Sep 24-27),x,2103270338029388213,https://x.com/creativemh/status/2103270338029388213,positive,
Opus 5.5 (Sep 24-27),x,2103270262909055445,https://x.com/jonasfroeller/status/2103270262909055445,positive,
Opus 5.5 (Sep 24-27),x,2103270228419629542,https://x.com/BloomOne/status/2103270228419629542,irrelevant,
Opus 5.5 (Sep 24-27),x,2103270219477319835,https://x.com/DrFox2point0/status/2103270219477319835,irrelevant,
Opus 5.5 (Sep 24-27),x,2103270059762446575,https://x.com/Cpz89691180/status/2103270059762446575,irrelevant,
Opus 5.5 (Sep 24-27),x,2103269998202704267,https://x.com/tetumemo/status/2103269998202704267,irrelevant,
Opus 5.5 (Sep 24-27),x,2103269919924293651,https://x.com/red_ology/status/2103269919924293651,positive,
Opus 5.5 (Sep 24-27),x,2103269888030875933,https://x.com/danielzuloaga/status/2103269888030875933,positive,
Opus 5.5 (Sep 24-27),x,2103269816027242851,https://x.com/MindCircusDan/status/2103269816027242851,positive,
Opus 5.5 (Sep 24-27),x,2103269808276176900,https://x.com/ritwika_k/status/2103269808276176900,positive,
Opus 5.5 (Sep 24-27),x,2103269769549934779,https://x.com/emre_ferhatoglu/status/2103269769549934779,irrelevant,
Opus 5.5 (Sep 24-27),x,2103269751183253584,https://x.com/sandislonjsak/status/2103269751183253584,positive,
Opus 5.5 (Sep 24-27),x,2103269749757247799,https://x.com/0pGet/status/2103269749757247799,negative,safeguards
Opus 5.5 (Sep 24-27),x,2103269651103044036,https://x.com/null_founder/status/2103269651103044036,positive,
Opus 5.5 (Sep 24-27),x,2103269506852536550,https://x.com/wennaxel/status/2103269506852536550,irrelevant,
Opus 5.5 (Sep 24-27),x,2103269500204556571,https://x.com/_farrahmay/status/2103269500204556571,positive,
Opus 5.5 (Sep 24-27),hacker_news,49872233,https://news.ycombinator.com/item?id=49872233,irrelevant,
Opus 5.5 (Sep 24-27),hacker_news,49871761,https://news.ycombinator.com/item?id=49871761,neutral,
Opus 5.5 (Sep 24-27),hacker_news,49871060,https://news.ycombinator.com/item?id=49871060,irrelevant,
Opus 5.5 (Sep 24-27),hacker_news,49870766,https://news.ycombinator.com/item?id=49870766,positive,
Opus 5.5 (Sep 24-27),hacker_news,49870749,https://news.ycombinator.com/item?id=49870749,positive,
Opus 5.5 (Sep 24-27),hacker_news,49870447,https://news.ycombinator.com/item?id=49870447,positive,
Opus 5.5 (Sep 24-27),hacker_news,49870280,https://news.ycombinator.com/item?id=49870280,neutral,
Opus 5.5 (Sep 24-27),hacker_news,49870189,https://news.ycombinator.com/item?id=49870189,irrelevant,
Opus 5.5 (Sep 24-27),hacker_news,49870157,https://news.ycombinator.com/item?id=49870157,positive,
Opus 5.5 (Sep 24-27),hacker_news,49870024,https://news.ycombinator.com/item?id=49870024,positive,
Opus 5.5 (Sep 24-27),hacker_news,49869642,https://news.ycombinator.com/item?id=49869642,irrelevant,
Opus 5.5 (Sep 24-27),hacker_news,49869572,https://news.ycombinator.com/item?id=49869572,irrelevant,
Opus 5.5 (Sep 24-27),hacker_news,49869559,https://news.ycombinator.com/item?id=49869559,irrelevant,
Opus 5.5 (Sep 24-27),hacker_news,49869251,https://news.ycombinator.com/item?id=49869251,positive,
Opus 5.5 (Sep 24-27),hacker_news,49868992,https://news.ycombinator.com/item?id=49868992,negative,quality
Opus 5.5 (Sep 24-27),hacker_news,49868800,https://news.ycombinator.com/item?id=49868800,negative,safeguards
Opus 5.5 (Sep 24-27),hacker_news,49868754,https://news.ycombinator.com/item?id=49868754,positive,
Opus 5.5 (Sep 24-27),hacker_news,49868725,https://news.ycombinator.com/item?id=49868725,positive,
Opus 5.5 (Sep 24-27),hacker_news,49868659,https://news.ycombinator.com/item?id=49868659,neutral,
Opus 5.5 (Sep 24-27),hacker_news,49868648,https://news.ycombinator.com/item?id=49868648,positive,
Opus 5.5 (Sep 24-27),hacker_news,49868548,https://news.ycombinator.com/item?id=49868548,neutral,
Opus 5.5 (Sep 24-27),hacker_news,49868199,https://news.ycombinator.com/item?id=49868199,irrelevant,
Opus 5.5 (Sep 24-27),hacker_news,49868056,https://news.ycombinator.com/item?id=49868056,irrelevant,
Opus 5.5 (Sep 24-27),hacker_news,49868025,https://news.ycombinator.com/item?id=49868025,neutral,
Opus 5.5 (Sep 24-27),hacker_news,49867097,https://news.ycombinator.com/item?id=49867097,neutral,
Opus 5.5 (Sep 24-27),hacker_news,49866950,https://news.ycombinator.com/item?id=49866950,neutral,
Opus 5.5 (Sep 24-27),hacker_news,49866569,https://news.ycombinator.com/item?id=49866569,positive,
Opus 5.5 (Sep 24-27),hacker_news,49866025,https://news.ycombinator.com/item?id=49866025,neutral,
Opus 5.5 (Sep 24-27),hacker_news,49864968,https://news.ycombinator.com/item?id=49864968,positive,
Opus 5.5 (Sep 24-27),hacker_news,49864943,https://news.ycombinator.com/item?id=49864943,positive,
Opus 5.5 (Sep 24-27),hacker_news,49864542,https://news.ycombinator.com/item?id=49864542,negative,quality
Opus 5.5 (Sep 24-27),hacker_news,49864093,https://news.ycombinator.com/item?id=49864093,positive,
Opus 5.5 (Sep 24-27),x,2104360395196780673,https://x.com/chenzhangreal/status/2104360395196780673,positive,
Opus 5.5 (Sep 24-27),x,2104360361931743569,https://x.com/Ahmadbukhari/status/2104360361931743569,irrelevant,
Opus 5.5 (Sep 24-27),x,2104360331568922771,https://x.com/kwuchu/status/2104360331568922771,positive,
Opus 5.5 (Sep 24-27),x,2104360166087102833,https://x.com/korrocorp/status/2104360166087102833,neutral,
Opus 5.5 (Sep 24-27),x,2104360165541564635,https://x.com/rsuyoy/status/2104360165541564635,positive,
Opus 5.5 (Sep 24-27),x,2104360119849083093,https://x.com/liu8in/status/2104360119849083093,positive,
Opus 5.5 (Sep 24-27),x,2104360115629605317,https://x.com/Whydowecare007/status/2104360115629605317,negative,quality
Opus 5.5 (Sep 24-27),x,2104360086172999914,https://x.com/AryacChandra/status/2104360086172999914,positive,
Opus 5.5 (Sep 24-27),x,2104360072595881995,https://x.com/Gregoirechp/status/2104360072595881995,irrelevant,
Opus 5.5 (Sep 24-27),x,2104360004715446416,https://x.com/uglyrobot/status/2104360004715446416,positive,
Opus 5.5 (Sep 24-27),x,2104359941834166290,https://x.com/coleschfr/status/2104359941834166290,positive,
Opus 5.5 (Sep 24-27),x,2104359840323932671,https://x.com/bthornicroft/status/2104359840323932671,positive,
Opus 5.5 (Sep 24-27),x,2104359665119203495,https://x.com/MattDvertola/status/2104359665119203495,irrelevant,
Opus 5.5 (Sep 24-27),x,2104359458256400705,https://x.com/HBCoop_/status/2104359458256400705,neutral,
Opus 5.5 (Sep 24-27),x,2104359176151400628,https://x.com/hey_moamen/status/2104359176151400628,positive,
Opus 5.5 (Sep 24-27),x,2104359167402131763,https://x.com/wlejon/status/2104359167402131763,positive,
Opus 5.5 (Sep 24-27),x,2104359116072272339,https://x.com/aurindo_neto/status/2104359116072272339,positive,
Opus 5.5 (Sep 24-27),x,2104359079871185315,https://x.com/leoleotoobad/status/2104359079871185315,positive,
Opus 5.5 (Sep 24-27),x,2104359029694668903,https://x.com/hey_moamen/status/2104359029694668903,positive,
Opus 5.5 (Sep 24-27),x,2104118566450593880,https://x.com/achxvi/status/2104118566450593880,positive,
Opus 5.5 (Sep 24-27),x,2104227722377757031,https://x.com/minchoi/status/2104227722377757031,positive,
Opus 5.5 (Sep 24-27),x,2104013854909116657,https://x.com/Dr_Singularity/status/2104013854909116657,positive,
Opus 5.5 (Sep 24-27),x,2104207051627106734,https://x.com/AnkanXplorer/status/2104207051627106734,positive,
Opus 5.5 (Sep 24-27),x,2104176979226276142,https://x.com/DeckardBuilds/status/2104176979226276142,positive,
Opus 5.5 (Sep 24-27),x,2104249941136666741,https://x.com/ryan_morr/status/2104249941136666741,positive,
Opus 5.5 (Sep 24-27),x,2104084126068249018,https://x.com/marcelfahle/status/2104084126068249018,positive,
Opus 5.5 (Sep 24-27),x,2104113758683754719,https://x.com/Vanlaura7/status/2104113758683754719,positive,
Opus 5.5 (Sep 24-27),x,2104309910867509273,https://x.com/mathiaschpl/status/2104309910867509273,positive,
Opus 5.5 (Sep 24-27),x,2104256238246596651,https://x.com/omni1896837/status/2104256238246596651,positive,
Opus 5.5 (Sep 24-27),x,2104013515623170390,https://x.com/DanielSmidstrup/status/2104013515623170390,positive,
Opus 5.5 (Sep 24-27),x,2104353064430022775,https://x.com/tuttihq/status/2104353064430022775,positive,
Opus 5.5 (Sep 24-27),x,2104004272946094296,https://x.com/aniketjart/status/2104004272946094296,neutral,
Opus 5.5 (Sep 24-27),x,2104280029442331015,https://x.com/IndraVahan/status/2104280029442331015,positive,
Opus 5.5 (Sep 24-27),x,2104213302624821647,https://x.com/kevin_t_ngo/status/2104213302624821647,neutral,
Opus 5.5 (Sep 24-27),x,2104324266984345655,https://x.com/TheSITherapist/status/2104324266984345655,positive,
Opus 5.5 (Sep 24-27),x,2104039574121148814,https://x.com/RoundtableSpace/status/2104039574121148814,neutral,
Opus 5.5 (Sep 24-27),x,2104194783178785203,https://x.com/sudo_kiran/status/2104194783178785203,positive,
Opus 5.5 (Sep 24-27),x,2104155582555165055,https://x.com/RyanSael/status/2104155582555165055,positive,
Opus 5.5 (Sep 24-27),x,2104359014939394098,https://x.com/slazarus/status/2104359014939394098,positive,
Opus 5.5 (Sep 24-27),x,2104358919707689162,https://x.com/darrenjr/status/2104358919707689162,positive,
Opus 5.5 (Sep 24-27),x,2104358840259235937,https://x.com/mikeev/status/2104358840259235937,neutral,
Opus 5.5 (Sep 24-27),x,2104358801486790990,https://x.com/uglyrobot/status/2104358801486790990,positive,
Opus 5.5 (Sep 24-27),x,2104358792096035218,https://x.com/ImZoomBoy/status/2104358792096035218,positive,
Opus 5.5 (Sep 24-27),x,2104358789650829563,https://x.com/Adyseku/status/2104358789650829563,positive,
Opus 5.5 (Sep 24-27),x,2104358749452329106,https://x.com/leoleotoobad/status/2104358749452329106,positive,
Opus 5.5 (Sep 24-27),x,2104358617000644722,https://x.com/Adyseku/status/2104358617000644722,irrelevant,
Opus 5.5 (Sep 24-27),x,2104358514835550351,https://x.com/mikeydsoftware/status/2104358514835550351,irrelevant,
Opus 5.5 (Sep 24-27),x,2104358509760364962,https://x.com/michalkuncio/status/2104358509760364962,neutral,
Opus 5.5 (Sep 24-27),x,2104358386427122111,https://x.com/kinglycrow/status/2104358386427122111,positive,
Opus 5.5 (Sep 24-27),x,2104358364352577597,https://x.com/MixtTensi8198/status/2104358364352577597,irrelevant,
Opus 5.5 (Sep 24-27),x,2104358336682770788,https://x.com/amanukh4n/status/2104358336682770788,positive,
Opus 5.5 (Sep 24-27),x,2104358189189755377,https://x.com/SPAC89/status/2104358189189755377,positive,
Opus 5.5 (Sep 24-27),x,2104358180776284249,https://x.com/ChrisCroy/status/2104358180776284249,neutral,
Opus 5.5 (Sep 24-27),x,2104358170005037153,https://x.com/vergun/status/2104358170005037153,irrelevant,
Opus 5.5 (Sep 24-27),x,2104358135649763429,https://x.com/Le_BONKGOD/status/2104358135649763429,positive,
Opus 5.5 (Sep 24-27),x,2104358132378124633,https://x.com/hakmgpt/status/2104358132378124633,positive,
Opus 5.5 (Sep 24-27),x,2104358097859080379,https://x.com/sukipro1v/status/2104358097859080379,positive,
Opus 5.5 (Sep 24-27),x,2104357972352565285,https://x.com/RileyRalmuto/status/2104357972352565285,neutral,
Opus 5.5 (Sep 24-27),x,2104357826747658432,https://x.com/CtrlAltDwayne/status/2104357826747658432,positive,
Opus 5.5 (Sep 24-27),x,2104357803095883867,https://x.com/chenzhangreal/status/2104357803095883867,positive,
Opus 5.5 (Sep 24-27),x,2104357784691114293,https://x.com/squeezebtw/status/2104357784691114293,positive,
Opus 5.5 (Sep 24-27),x,2104357774595682661,https://x.com/jagdotme/status/2104357774595682661,positive,
Opus 5.5 (Sep 24-27),x,2104357712633188644,https://x.com/Its_lakshya_ai/status/2104357712633188644,irrelevant,
Opus 5.5 (Sep 24-27),x,2104357707910414530,https://x.com/ikaikaalika/status/2104357707910414530,positive,
Opus 5.5 (Sep 24-27),x,2104357659298394364,https://x.com/masonwarner/status/2104357659298394364,neutral,
Opus 5.5 (Sep 24-27),x,2104357598598209973,https://x.com/lFatihArical/status/2104357598598209973,positive,
Opus 5.5 (Sep 24-27),x,2104357425180443105,https://x.com/jonnygravity/status/2104357425180443105,positive,
Opus 5.5 (Sep 24-27),x,2104357424857485663,https://x.com/hey_moamen/status/2104357424857485663,positive,
Opus 5.5 (Sep 24-27),x,2104357401575247998,https://x.com/LouiePanayi/status/2104357401575247998,positive,
Opus 5.5 (Sep 24-27),x,2104357388006592809,https://x.com/chrisflores_us/status/2104357388006592809,positive,
Opus 5.5 (Sep 24-27),x,2104357380465070113,https://x.com/OrihuelaConde/status/2104357380465070113,positive,
Opus 5.5 (Sep 24-27),x,2104357378271379626,https://x.com/EpicVogel/status/2104357378271379626,positive,
Opus 5.5 (Sep 24-27),x,2104357295446454733,https://x.com/JoaquinCamarasa/status/2104357295446454733,positive,
Opus 5.5 (Sep 24-27),x,2104357254271029332,https://x.com/TheSITherapist/status/2104357254271029332,irrelevant,
Opus 5.5 (Sep 24-27),x,2104357226043654622,https://x.com/jimmy_longbow_/status/2104357226043654622,positive,
Opus 5.5 (Sep 24-27),x,2104357113803706500,https://x.com/morefaie92/status/2104357113803706500,positive,
Opus 5.5 (Sep 24-27),x,2104001664793600012,https://x.com/xikhar/status/2104001664793600012,positive,
Opus 5.5 (Sep 24-27),x,2104047123838947803,https://x.com/RoundtableSpace/status/2104047123838947803,positive,
Opus 5.5 (Sep 24-27),x,2104258516558979382,https://x.com/RoundtableSpace/status/2104258516558979382,positive,
Opus 5.5 (Sep 24-27),x,2104099972203315635,https://x.com/RoundtableSpace/status/2104099972203315635,positive,
Opus 5.5 (Sep 24-27),x,2104267531183886844,https://x.com/mattshumer_/status/2104267531183886844,positive,
Opus 5.5 (Sep 24-27),x,2104066630108188974,https://x.com/ai_growth_avii/status/2104066630108188974,positive,
Opus 5.5 (Sep 24-27),x,2104341563715236259,https://x.com/RoundtableSpace/status/2104341563715236259,neutral,
Opus 5.5 (Sep 24-27),x,2104082200937529609,https://x.com/SahilExec/status/2104082200937529609,positive,
Opus 5.5 (Sep 24-27),x,2104175469750895024,https://x.com/RoundtableSpace/status/2104175469750895024,positive,
Opus 5.5 (Sep 24-27),x,2104008932436176970,https://x.com/0x0SojalSec/status/2104008932436176970,positive,
Opus 5.5 (Sep 24-27),x,2104197194362319054,https://x.com/jackbutcher/status/2104197194362319054,irrelevant,
Opus 5.5 (Sep 24-27),x,2104014659615392078,https://x.com/achxvi/status/2104014659615392078,positive,
Opus 5.5 (Sep 24-27),x,2104182866225824108,https://x.com/ai_for_success/status/2104182866225824108,positive,
Opus 5.5 (Sep 24-27),x,2104151823728926951,https://x.com/beatsinbrief/status/2104151823728926951,positive,
Opus 5.5 (Sep 24-27),x,2104305112743293227,https://x.com/konstantinsaifo/status/2104305112743293227,positive,
Opus 5.5 (Sep 24-27),x,2104234974350111108,https://x.com/rpnickson/status/2104234974350111108,irrelevant,
Opus 5.5 (Sep 24-27),x,2104182824752279909,https://x.com/Haleeeemahh/status/2104182824752279909,positive,
Opus 5.5 (Sep 24-27),x,2104158922147762538,https://x.com/RealFedeURU/status/2104158922147762538,positive,
Opus 5.5 (Sep 24-27),x,2104337193103925541,https://x.com/RoundtableSpace/status/2104337193103925541,positive,
Opus 5.5 (Sep 24-27),x,2104356986305560764,https://x.com/imran_lp/status/2104356986305560764,positive,
Opus 5.5 (Sep 24-27),x,2104356858139918365,https://x.com/LoosJonas/status/2104356858139918365,positive,
Opus 5.5 (Sep 24-27),x,2104356707367575630,https://x.com/DeeperThrill/status/2104356707367575630,positive,
Opus 5.5 (Sep 24-27),x,2104356554824880447,https://x.com/WelbornWorksCom/status/2104356554824880447,irrelevant,
Opus 5.5 (Sep 24-27),x,2104356533542719527,https://x.com/YaBoiBigDawg/status/2104356533542719527,positive,
Opus 5.5 (Sep 24-27),x,2104356327665631323,https://x.com/KLenhir/status/2104356327665631323,positive,
Opus 5.5 (Sep 24-27),x,2104356314944057542,https://x.com/itsvlady/status/2104356314944057542,neutral,
Opus 5.5 (Sep 24-27),x,2104356306601861365,https://x.com/FoodieFather/status/2104356306601861365,positive,
Opus 5.5 (Sep 24-27),x,2104356180206465426,https://x.com/NanskiO/status/2104356180206465426,positive,
Opus 5.5 (Sep 24-27),x,2104356160002199783,https://x.com/seergioo_gil/status/2104356160002199783,neutral,
Opus 5.5 (Sep 24-27),x,2104356151110353207,https://x.com/fabgaliano/status/2104356151110353207,positive,
Opus 5.5 (Sep 24-27),x,2104356149558411284,https://x.com/domvo_/status/2104356149558411284,negative,price_limits
Opus 5.5 (Sep 24-27),x,2104356143199867328,https://x.com/ishuagra02/status/2104356143199867328,positive,
Opus 5.5 (Sep 24-27),x,2104356128805318699,https://x.com/CtrlAltDwayne/status/2104356128805318699,positive,
Opus 5.5 (Sep 24-27),x,2104355998559240622,https://x.com/evb84/status/2104355998559240622,positive,
Opus 5.5 (Sep 24-27),x,2104355966166921574,https://x.com/JustLingonberry/status/2104355966166921574,irrelevant,
Opus 5.5 (Sep 24-27),x,2104355866325512395,https://x.com/drssot/status/2104355866325512395,neutral,
Opus 5.5 (Sep 24-27),x,2104355836118380848,https://x.com/om_anand_/status/2104355836118380848,positive,
Opus 5.5 (Sep 24-27),x,2104355799674048985,https://x.com/maker_merchant/status/2104355799674048985,positive,
Opus 5.5 (Sep 24-27),x,2104355784549421449,https://x.com/follistatindev/status/2104355784549421449,neutral,
Opus 5.5 (Sep 24-27),x,2104253761137127597,https://x.com/DilumSanjaya/status/2104253761137127597,neutral,
Opus 5.5 (Sep 24-27),x,2104260285619941470,https://x.com/eldeeb422/status/2104260285619941470,positive,
Opus 5.5 (Sep 24-27),x,2104168778112110764,https://x.com/javiiarchive/status/2104168778112110764,positive,
Opus 5.5 (Sep 24-27),x,2104200879637397978,https://x.com/Hesamation/status/2104200879637397978,positive,
Opus 5.5 (Sep 24-27),x,2104240559632384173,https://x.com/0xMovez/status/2104240559632384173,positive,
Opus 5.5 (Sep 24-27),x,2104251711468814354,https://x.com/gandamu_ml/status/2104251711468814354,positive,
GPT-5.6 (Jul 11-14),hacker_news,48902877,https://news.ycombinator.com/item?id=48902877,irrelevant,
GPT-5.6 (Jul 11-14),hacker_news,48902566,https://news.ycombinator.com/item?id=48902566,irrelevant,
GPT-5.6 (Jul 11-14),hacker_news,48901594,https://news.ycombinator.com/item?id=48901594,irrelevant,
GPT-5.6 (Jul 11-14),hacker_news,48901328,https://news.ycombinator.com/item?id=48901328,irrelevant,
GPT-5.6 (Jul 11-14),hacker_news,48901327,https://news.ycombinator.com/item?id=48901327,irrelevant,
GPT-5.6 (Jul 11-14),hacker_news,48901210,https://news.ycombinator.com/item?id=48901210,positive,
GPT-5.6 (Jul 11-14),hacker_news,48900351,https://news.ycombinator.com/item?id=48900351,neutral,
GPT-5.6 (Jul 11-14),hacker_news,48898536,https://news.ycombinator.com/item?id=48898536,negative,other
GPT-5.6 (Jul 11-14),hacker_news,48897964,https://news.ycombinator.com/item?id=48897964,irrelevant,
GPT-5.6 (Jul 11-14),hacker_news,48897766,https://news.ycombinator.com/item?id=48897766,irrelevant,
GPT-5.6 (Jul 11-14),hacker_news,48897103,https://news.ycombinator.com/item?id=48897103,irrelevant,
GPT-5.6 (Jul 11-14),hacker_news,48896317,https://news.ycombinator.com/item?id=48896317,irrelevant,
GPT-5.6 (Jul 11-14),hacker_news,48895041,https://news.ycombinator.com/item?id=48895041,irrelevant,
GPT-5.6 (Jul 11-14),hacker_news,48894384,https://news.ycombinator.com/item?id=48894384,irrelevant,
GPT-5.6 (Jul 11-14),hacker_news,48893607,https://news.ycombinator.com/item?id=48893607,irrelevant,
GPT-5.6 (Jul 11-14),hacker_news,48893222,https://news.ycombinator.com/item?id=48893222,neutral,
GPT-5.6 (Jul 11-14),hacker_news,48892988,https://news.ycombinator.com/item?id=48892988,irrelevant,
GPT-5.6 (Jul 11-14),hacker_news,48892784,https://news.ycombinator.com/item?id=48892784,positive,
GPT-5.6 (Jul 11-14),hacker_news,48892416,https://news.ycombinator.com/item?id=48892416,irrelevant,
GPT-5.6 (Jul 11-14),hacker_news,48892370,https://news.ycombinator.com/item?id=48892370,neutral,
GPT-5.6 (Jul 11-14),hacker_news,48892178,https://news.ycombinator.com/item?id=48892178,neutral,
GPT-5.6 (Jul 11-14),hacker_news,48891972,https://news.ycombinator.com/item?id=48891972,negative,quality
GPT-5.6 (Jul 11-14),hacker_news,48891635,https://news.ycombinator.com/item?id=48891635,negative,quality
GPT-5.6 (Jul 11-14),hacker_news,48891438,https://news.ycombinator.com/item?id=48891438,irrelevant,
GPT-5.6 (Jul 11-14),hacker_news,48889887,https://news.ycombinator.com/item?id=48889887,neutral,
GPT-5.6 (Jul 11-14),hacker_news,48889475,https://news.ycombinator.com/item?id=48889475,neutral,
GPT-5.6 (Jul 11-14),hacker_news,48889422,https://news.ycombinator.com/item?id=48889422,positive,
GPT-5.6 (Jul 11-14),hacker_news,48889122,https://news.ycombinator.com/item?id=48889122,positive,
GPT-5.6 (Jul 11-14),hacker_news,48888779,https://news.ycombinator.com/item?id=48888779,positive,
GPT-5.6 (Jul 11-14),hacker_news,48888674,https://news.ycombinator.com/item?id=48888674,positive,
GPT-5.6 (Jul 11-14),hacker_news,48888414,https://news.ycombinator.com/item?id=48888414,negative,price_limits
GPT-5.6 (Jul 11-14),hacker_news,48888325,https://news.ycombinator.com/item?id=48888325,positive,
GPT-5.6 (Jul 11-14),hacker_news,48887910,https://news.ycombinator.com/item?id=48887910,negative,quality
GPT-5.6 (Jul 11-14),hacker_news,48887893,https://news.ycombinator.com/item?id=48887893,negative,quality
GPT-5.6 (Jul 11-14),hacker_news,48887672,https://news.ycombinator.com/item?id=48887672,negative,quality
GPT-5.6 (Jul 11-14),hacker_news,48885947,https://news.ycombinator.com/item?id=48885947,neutral,
GPT-5.6 (Jul 11-14),hacker_news,48885733,https://news.ycombinator.com/item?id=48885733,positive,
GPT-5.6 (Jul 11-14),hacker_news,48885539,https://news.ycombinator.com/item?id=48885539,negative,quality
GPT-5.6 (Jul 11-14),hacker_news,48885442,https://news.ycombinator.com/item?id=48885442,neutral,
GPT-5.6 (Jul 11-14),hacker_news,48884473,https://news.ycombinator.com/item?id=48884473,irrelevant,
GPT-5.6 (Jul 11-14),hacker_news,48884370,https://news.ycombinator.com/item?id=48884370,irrelevant,
GPT-5.6 (Jul 11-14),hacker_news,48883843,https://news.ycombinator.com/item?id=48883843,positive,
GPT-5.6 (Jul 11-14),hacker_news,48883753,https://news.ycombinator.com/item?id=48883753,positive,
GPT-5.6 (Jul 11-14),hacker_news,48883684,https://news.ycombinator.com/item?id=48883684,positive,
GPT-5.6 (Jul 11-14),hacker_news,48883619,https://news.ycombinator.com/item?id=48883619,positive,
GPT-5.6 (Jul 11-14),hacker_news,48883549,https://news.ycombinator.com/item?id=48883549,positive,
GPT-5.6 (Jul 11-14),hacker_news,48883502,https://news.ycombinator.com/item?id=48883502,neutral,
GPT-5.6 (Jul 11-14),hacker_news,48883358,https://news.ycombinator.com/item?id=48883358,positive,
GPT-5.6 (Jul 11-14),hacker_news,48883332,https://news.ycombinator.com/item?id=48883332,irrelevant,
GPT-5.6 (Jul 11-14),hacker_news,48883318,https://news.ycombinator.com/item?id=48883318,positive,
GPT-5.6 (Jul 11-14),hacker_news,48883267,https://news.ycombinator.com/item?id=48883267,positive,
GPT-5.6 (Jul 11-14),hacker_news,48883266,https://news.ycombinator.com/item?id=48883266,positive,
GPT-5.6 (Jul 11-14),hacker_news,48883214,https://news.ycombinator.com/item?id=48883214,positive,
GPT-5.6 (Jul 11-14),hacker_news,48883195,https://news.ycombinator.com/item?id=48883195,positive,
GPT-5.6 (Jul 11-14),hacker_news,48882926,https://news.ycombinator.com/item?id=48882926,positive,
GPT-5.6 (Jul 11-14),hacker_news,48882869,https://news.ycombinator.com/item?id=48882869,negative,other
GPT-5.6 (Jul 11-14),hacker_news,48882716,https://news.ycombinator.com/item?id=48882716,irrelevant,
GPT-5.6 (Jul 11-14),hacker_news,48882625,https://news.ycombinator.com/item?id=48882625,neutral,
GPT-5.6 (Jul 11-14),hacker_news,48882624,https://news.ycombinator.com/item?id=48882624,irrelevant,
GPT-5.6 (Jul 11-14),hacker_news,48881934,https://news.ycombinator.com/item?id=48881934,neutral,
GPT-5.6 (Jul 11-14),hacker_news,48881779,https://news.ycombinator.com/item?id=48881779,irrelevant,
GPT-5.6 (Jul 11-14),hacker_news,48881416,https://news.ycombinator.com/item?id=48881416,irrelevant,
GPT-5.6 (Jul 11-14),hacker_news,48881227,https://news.ycombinator.com/item?id=48881227,negative,price_limits
GPT-5.6 (Jul 11-14),hacker_news,48881165,https://news.ycombinator.com/item?id=48881165,positive,
GPT-5.6 (Jul 11-14),hacker_news,48880915,https://news.ycombinator.com/item?id=48880915,irrelevant,
GPT-5.6 (Jul 11-14),hacker_news,48880855,https://news.ycombinator.com/item?id=48880855,positive,
GPT-5.6 (Jul 11-14),hacker_news,48875896,https://news.ycombinator.com/item?id=48875896,irrelevant,
GPT-5.6 (Jul 11-14),hacker_news,48875895,https://news.ycombinator.com/item?id=48875895,irrelevant,
GPT-5.6 (Jul 11-14),hacker_news,48875670,https://news.ycombinator.com/item?id=48875670,negative,quality
GPT-5.6 (Jul 11-14),hacker_news,48875375,https://news.ycombinator.com/item?id=48875375,irrelevant,
GPT-5.6 (Jul 11-14),hacker_news,48874364,https://news.ycombinator.com/item?id=48874364,neutral,
GPT-5.6 (Jul 11-14),hacker_news,48874321,https://news.ycombinator.com/item?id=48874321,irrelevant,
GPT-5.6 (Jul 11-14),hacker_news,48873638,https://news.ycombinator.com/item?id=48873638,negative,style
GPT-5.6 (Jul 11-14),hacker_news,48873513,https://news.ycombinator.com/item?id=48873513,positive,
GPT-5.6 (Jul 11-14),hacker_news,48873354,https://news.ycombinator.com/item?id=48873354,irrelevant,
GPT-5.6 (Jul 11-14),hacker_news,48873018,https://news.ycombinator.com/item?id=48873018,irrelevant,
GPT-5.6 (Jul 11-14),hacker_news,48872619,https://news.ycombinator.com/item?id=48872619,irrelevant,
GPT-5.6 (Jul 11-14),hacker_news,48871804,https://news.ycombinator.com/item?id=48871804,neutral,
GPT-5.6 (Jul 11-14),hacker_news,48871803,https://news.ycombinator.com/item?id=48871803,irrelevant,
GPT-5.6 (Jul 11-14),hacker_news,48871595,https://news.ycombinator.com/item?id=48871595,irrelevant,
GPT-5.6 (Jul 11-14),hacker_news,48870861,https://news.ycombinator.com/item?id=48870861,negative,other
GPT-5.6 (Jul 11-14),hacker_news,48870755,https://news.ycombinator.com/item?id=48870755,positive,
GPT-5.6 (Jul 11-14),hacker_news,48870690,https://news.ycombinator.com/item?id=48870690,negative,quality
GPT-5.6 (Jul 11-14),hacker_news,48870575,https://news.ycombinator.com/item?id=48870575,irrelevant,
GPT-5.6 (Jul 11-14),hacker_news,48870343,https://news.ycombinator.com/item?id=48870343,irrelevant,
GPT-5.6 (Jul 11-14),hacker_news,48869958,https://news.ycombinator.com/item?id=48869958,neutral,
GPT-5.6 (Jul 11-14),hacker_news,48869743,https://news.ycombinator.com/item?id=48869743,neutral,
GPT-5.6 (Jul 11-14),hacker_news,48869610,https://news.ycombinator.com/item?id=48869610,irrelevant,
GPT-5.6 (Jul 11-14),hacker_news,48869503,https://news.ycombinator.com/item?id=48869503,positive,
GPT-5.6 (Jul 11-14),x,2076817525950869969,https://x.com/_ak_111/status/2076817525950869969,irrelevant,
GPT-5.6 (Jul 11-14),x,2076817350368932223,https://x.com/NathanBurg/status/2076817350368932223,positive,
GPT-5.6 (Jul 11-14),x,2076817122664095999,https://x.com/htmleverything/status/2076817122664095999,positive,
GPT-5.6 (Jul 11-14),x,2076817064669446567,https://x.com/uglyrobot/status/2076817064669446567,positive,
GPT-5.6 (Jul 11-14),x,2076816859773489447,https://x.com/fragiannicola/status/2076816859773489447,positive,
GPT-5.6 (Jul 11-14),x,2076816818438857109,https://x.com/yeeeeezos/status/2076816818438857109,positive,
GPT-5.6 (Jul 11-14),x,2076816573038477447,https://x.com/sameerpallav/status/2076816573038477447,negative,style
GPT-5.6 (Jul 11-14),x,2076815969800859707,https://x.com/gergomoricz/status/2076815969800859707,negative,quality
GPT-5.6 (Jul 11-14),x,2076815520981225878,https://x.com/morganlinton/status/2076815520981225878,negative,other
GPT-5.6 (Jul 11-14),x,2076815502689898508,https://x.com/jd_markovchain/status/2076815502689898508,positive,
GPT-5.6 (Jul 11-14),x,2076815066767175959,https://x.com/soyamiruku/status/2076815066767175959,positive,
GPT-5.6 (Jul 11-14),x,2076813903699279904,https://x.com/ayush1399/status/2076813903699279904,neutral,
GPT-5.6 (Jul 11-14),x,2076813554397970627,https://x.com/hoshino_popopo_/status/2076813554397970627,irrelevant,
GPT-5.6 (Jul 11-14),x,2076813499418739125,https://x.com/idrisscodes/status/2076813499418739125,positive,
GPT-5.6 (Jul 11-14),x,2076812846793650485,https://x.com/cdngdev/status/2076812846793650485,positive,
GPT-5.6 (Jul 11-14),x,2076812651041288467,https://x.com/brookejlacey/status/2076812651041288467,positive,
GPT-5.6 (Jul 11-14),x,2076812126962774287,https://x.com/arvidkahl/status/2076812126962774287,positive,
GPT-5.6 (Jul 11-14),x,2076811138050789481,https://x.com/bijanbowen/status/2076811138050789481,irrelevant,
GPT-5.6 (Jul 11-14),x,2076810975760527429,https://x.com/brookewill317/status/2076810975760527429,positive,
GPT-5.6 (Jul 11-14),x,2076093794538471920,https://x.com/_cyberhusky/status/2076093794538471920,irrelevant,
GPT-5.6 (Jul 11-14),x,2076093747536990291,https://x.com/FeifanZ/status/2076093747536990291,neutral,
GPT-5.6 (Jul 11-14),x,2076092620762128523,https://x.com/lyquids/status/2076092620762128523,neutral,
GPT-5.6 (Jul 11-14),x,2076092528626135055,https://x.com/jstock37/status/2076092528626135055,negative,price_limits
GPT-5.6 (Jul 11-14),x,2076092337810555022,https://x.com/StructSkeptic/status/2076092337810555022,positive,
GPT-5.6 (Jul 11-14),x,2076092245061603666,https://x.com/leodev/status/2076092245061603666,irrelevant,
GPT-5.6 (Jul 11-14),x,2076092230649938374,https://x.com/fodiographer/status/2076092230649938374,irrelevant,
GPT-5.6 (Jul 11-14),x,2076091978379653174,https://x.com/bart_ilg/status/2076091978379653174,positive,
GPT-5.6 (Jul 11-14),x,2076091745763201410,https://x.com/mark_nerdspeak/status/2076091745763201410,negative,quality
GPT-5.6 (Jul 11-14),x,2076091644672197043,https://x.com/alightinastorm/status/2076091644672197043,positive,
GPT-5.6 (Jul 11-14),x,2076091242790732039,https://x.com/teortaxesTex/status/2076091242790732039,positive,
GPT-5.6 (Jul 11-14),x,2076090997428076671,https://x.com/luckeyfaraday/status/2076090997428076671,positive,
GPT-5.6 (Jul 11-14),x,2076089167470096701,https://x.com/ibbykhajanchi/status/2076089167470096701,positive,
GPT-5.6 (Jul 11-14),x,2076088677948891181,https://x.com/bleysg/status/2076088677948891181,positive,
GPT-5.6 (Jul 11-14),x,2076088480007180462,https://x.com/Trueo_/status/2076088480007180462,irrelevant,
GPT-5.6 (Jul 11-14),x,2076088431680114780,https://x.com/TheOtherGandhi_/status/2076088431680114780,negative,quality
GPT-5.6 (Jul 11-14),x,2076088380681589057,https://x.com/YuBWeqmF/status/2076088380681589057,negative,quality
GPT-5.6 (Jul 11-14),x,2076087766178251133,https://x.com/0xBunny/status/2076087766178251133,irrelevant,
GPT-5.6 (Jul 11-14),x,2076087644602130574,https://x.com/bitfalt/status/2076087644602130574,positive,
GPT-5.6 (Jul 11-14),x,2076087159942189511,https://x.com/sun_hanchi/status/2076087159942189511,positive,
GPT-5.6 (Jul 11-14),x,2076456532640977296,https://x.com/_nodelay/status/2076456532640977296,positive,
GPT-5.6 (Jul 11-14),x,2076456471533912170,https://x.com/sssbbbbbbuuu/status/2076456471533912170,irrelevant,
GPT-5.6 (Jul 11-14),x,2076456089013641373,https://x.com/abenz_mato/status/2076456089013641373,neutral,
GPT-5.6 (Jul 11-14),x,2076455830132859148,https://x.com/Shahzebsolodev/status/2076455830132859148,negative,quality
GPT-5.6 (Jul 11-14),x,2076455565857821038,https://x.com/MichaelGannotti/status/2076455565857821038,irrelevant,
GPT-5.6 (Jul 11-14),x,2076455525215002872,https://x.com/MaximePeabody/status/2076455525215002872,neutral,
GPT-5.6 (Jul 11-14),x,2076455038830915618,https://x.com/goodside/status/2076455038830915618,irrelevant,
GPT-5.6 (Jul 11-14),x,2076454938692006308,https://x.com/JaydenDavisNC/status/2076454938692006308,negative,quality
GPT-5.6 (Jul 11-14),x,2076453861540106499,https://x.com/frndvr/status/2076453861540106499,positive,
GPT-5.6 (Jul 11-14),x,2076453755642429546,https://x.com/rettooooo/status/2076453755642429546,irrelevant,
GPT-5.6 (Jul 11-14),x,2076453559915208942,https://x.com/hunoematic/status/2076453559915208942,negative,price_limits
GPT-5.6 (Jul 11-14),x,2076453451060715941,https://x.com/ItslouisDevAI/status/2076453451060715941,irrelevant,
GPT-5.6 (Jul 11-14),x,2076453315299401963,https://x.com/gerald_was_here/status/2076453315299401963,positive,
GPT-5.6 (Jul 11-14),x,2076452995881951581,https://x.com/potencytoact/status/2076452995881951581,irrelevant,
GPT-5.6 (Jul 11-14),x,2076452529223672015,https://x.com/hunoematic/status/2076452529223672015,positive,
GPT-5.6 (Jul 11-14),x,2076452454976155851,https://x.com/beaverd/status/2076452454976155851,irrelevant,
GPT-5.6 (Jul 11-14),x,2076452317411602936,https://x.com/morganinc/status/2076452317411602936,irrelevant,
GPT-5.6 (Jul 11-14),x,2076452316207530105,https://x.com/hunoematic/status/2076452316207530105,positive,
GPT-5.6 (Jul 11-14),x,2075739292052463646,https://x.com/ArtificialAnlys/status/2075739292052463646,positive,
GPT-5.6 (Jul 11-14),x,2076012949013925897,https://x.com/VadimStrizheus/status/2076012949013925897,irrelevant,
GPT-5.6 (Jul 11-14),x,2075881279615127838,https://x.com/heyrobinai/status/2075881279615127838,positive,
GPT-5.6 (Jul 11-14),x,2075866028891050380,https://x.com/danclipping/status/2075866028891050380,positive,
GPT-5.6 (Jul 11-14),x,2075992035526390077,https://x.com/twoclipping/status/2075992035526390077,positive,
GPT-5.6 (Jul 11-14),x,2075903774938243089,https://x.com/daniel_mac8/status/2075903774938243089,positive,
GPT-5.6 (Jul 11-14),x,2075943822895517796,https://x.com/hqmank/status/2075943822895517796,positive,
GPT-5.6 (Jul 11-14),x,2076060315268292688,https://x.com/TokenGremlin/status/2076060315268292688,positive,
GPT-5.6 (Jul 11-14),x,2076031225312256347,https://x.com/MarcosHernanz/status/2076031225312256347,positive,
GPT-5.6 (Jul 11-14),x,2075999850038956502,https://x.com/daniel_mac8/status/2075999850038956502,irrelevant,
GPT-5.6 (Jul 11-14),x,2075905852805186041,https://x.com/jun_song/status/2075905852805186041,positive,
GPT-5.6 (Jul 11-14),x,2075940056523845933,https://x.com/hqmank/status/2075940056523845933,negative,quality
GPT-5.6 (Jul 11-14),x,2075797388598689934,https://x.com/deedydas/status/2075797388598689934,irrelevant,
GPT-5.6 (Jul 11-14),x,2075866364682584156,https://x.com/Mr_Salio/status/2075866364682584156,irrelevant,
GPT-5.6 (Jul 11-14),x,2076020500661461399,https://x.com/higgsfield_ai/status/2076020500661461399,positive,
GPT-5.6 (Jul 11-14),x,2075961347750113680,https://x.com/developedbyed/status/2075961347750113680,negative,quality
GPT-5.6 (Jul 11-14),x,2075753720084922563,https://x.com/rohanpaul_ai/status/2075753720084922563,irrelevant,
GPT-5.6 (Jul 11-14),x,2076036999841038476,https://x.com/thomasschulzz/status/2076036999841038476,positive,
GPT-5.6 (Jul 11-14),x,2076082410039497145,https://x.com/maria_rcks/status/2076082410039497145,positive,
GPT-5.6 (Jul 11-14),x,2076436691444011455,https://x.com/kirillk_web3/status/2076436691444011455,positive,
GPT-5.6 (Jul 11-14),x,2076647329533210888,https://x.com/HeyAbhishek/status/2076647329533210888,irrelevant,
GPT-5.6 (Jul 11-14),x,2076783677552652456,https://x.com/oscabriel/status/2076783677552652456,irrelevant,
GPT-5.6 (Jul 11-14),x,2076697944213107145,https://x.com/ai_for_success/status/2076697944213107145,positive,
GPT-5.6 (Jul 11-14),x,2076599185978110412,https://x.com/pa1ar/status/2076599185978110412,positive,
GPT-5.6 (Jul 11-14),x,2076667363739754647,https://x.com/melvynx/status/2076667363739754647,neutral,
GPT-5.6 (Jul 11-14),x,2076736788320927925,https://x.com/gavinpurcell/status/2076736788320927925,positive,
GPT-5.6 (Jul 11-14),x,2076544425681936582,https://x.com/JaydenDavisNC/status/2076544425681936582,positive,
GPT-5.6 (Jul 11-14),x,2076810889500496330,https://x.com/goodworse/status/2076810889500496330,irrelevant,
GPT-5.6 (Jul 11-14),x,2076655443691069927,https://x.com/LexnLin/status/2076655443691069927,positive,
GPT-5.6 (Jul 11-14),x,2076604808207929743,https://x.com/jahirsheikh8/status/2076604808207929743,positive,
GPT-5.6 (Jul 11-14),x,2076692723776491870,https://x.com/TokenGremlin/status/2076692723776491870,positive,
GPT-5.6 (Jul 11-14),x,2076582957268058291,https://x.com/Angaisb_/status/2076582957268058291,irrelevant,
GPT-5.6 (Jul 11-14),x,2076617298799206648,https://x.com/VaibhavSisinty/status/2076617298799206648,positive,
GPT-5.6 (Jul 11-14),x,2076437698026348945,https://x.com/RoundtableSpace/status/2076437698026348945,irrelevant,
GPT-5.6 (Jul 11-14),x,2076426621586751931,https://x.com/Andy_AJT/status/2076426621586751931,positive,
GPT-5.6 (Jul 11-14),x,2076512357153382600,https://x.com/hightbunker/status/2076512357153382600,irrelevant,
GPT-5.6 (Jul 11-14),x,2076800085879607740,https://x.com/RoundtableSpace/status/2076800085879607740,irrelevant,
GPT-5.6 (Jul 11-14),x,2076436141377818965,https://x.com/AIParaCareer/status/2076436141377818965,irrelevant,
GPT-5.6 (Jul 11-14),x,2076692164310884468,https://x.com/petergostev/status/2076692164310884468,irrelevant,
GPT-5.6 (Jul 11-14),x,2076364102612680847,https://x.com/thsottiaux/status/2076364102612680847,positive,
GPT-5.6 (Jul 11-14),x,2076379895706407044,https://x.com/bridgemindai/status/2076379895706407044,positive,
GPT-5.6 (Jul 11-14),x,2076365965915467978,https://x.com/thsottiaux/status/2076365965915467978,irrelevant,
GPT-5.6 (Jul 11-14),x,2076262801060876518,https://x.com/s1rozha_/status/2076262801060876518,irrelevant,
GPT-5.6 (Jul 11-14),x,2076283754969178608,https://x.com/Av1dlive/status/2076283754969178608,positive,
GPT-5.6 (Jul 11-14),x,2076301876610670732,https://x.com/cyrilXBT/status/2076301876610670732,positive,
GPT-5.6 (Jul 11-14),x,2076417101246648719,https://x.com/_cyberhusky/status/2076417101246648719,irrelevant,
GPT-5.6 (Jul 11-14),x,2076316307545305476,https://x.com/fluixoo/status/2076316307545305476,neutral,
GPT-5.6 (Jul 11-14),x,2076315839108653518,https://x.com/titepommee/status/2076315839108653518,positive,
GPT-5.6 (Jul 11-14),x,2076342016099696851,https://x.com/petergostev/status/2076342016099696851,positive,
GPT-5.6 (Jul 11-14),x,2076367294410989972,https://x.com/codemarch/status/2076367294410989972,neutral,
GPT-5.6 (Jul 11-14),x,2076362833529294986,https://x.com/IntCyberDigest/status/2076362833529294986,positive,
GPT-5.6 (Jul 11-14),x,2076276070123254120,https://x.com/bridgemindai/status/2076276070123254120,positive,
GPT-5.6 (Jul 11-14),x,2076319296204968047,https://x.com/LexnLin/status/2076319296204968047,positive,
GPT-5.6 (Jul 11-14),x,2076398253332140410,https://x.com/sama/status/2076398253332140410,irrelevant,
GPT-5.6 (Jul 11-14),x,2076390244262277431,https://x.com/LexnLin/status/2076390244262277431,irrelevant,
GPT-5.6 (Jul 11-14),x,2076422631247536603,https://x.com/Psalteric/status/2076422631247536603,negative,style
GPT-5.6 (Jul 11-14),x,2076249860412482028,https://x.com/explosss1ve/status/2076249860412482028,positive,
GPT-5.6 (Jul 11-14),x,2076810956986785801,https://x.com/matt503ea5sf9z5/status/2076810956986785801,positive,
GPT-5.6 (Jul 11-14),x,2076810698445717934,https://x.com/edwinhayward/status/2076810698445717934,positive,
GPT-5.6 (Jul 11-14),x,2076810576416903496,https://x.com/quxiaoyin/status/2076810576416903496,neutral,
GPT-5.6 (Jul 11-14),x,2076810289857851411,https://x.com/VoidNulled/status/2076810289857851411,irrelevant,
GPT-5.6 (Jul 11-14),x,2076810012962541650,https://x.com/bukanpamanmu/status/2076810012962541650,negative,quality
GPT-5.6 (Jul 11-14),x,2076809868816548194,https://x.com/salem_sofiene/status/2076809868816548194,positive,
GPT-5.6 (Jul 11-14),x,2076809021374247343,https://x.com/imdukepan/status/2076809021374247343,negative,quality
GPT-5.6 (Jul 11-14),x,2076808952721916181,https://x.com/HermesAgentTips/status/2076808952721916181,irrelevant,
GPT-5.6 (Jul 11-14),x,2076808076171108700,https://x.com/DecryptMedia/status/2076808076171108700,irrelevant,
GPT-5.6 (Jul 11-14),x,2076807899716694455,https://x.com/samuraipreneur/status/2076807899716694455,negative,safeguards
GPT-5.6 (Jul 11-14),x,2076807635874312353,https://x.com/RoundtableSpace/status/2076807635874312353,irrelevant,
GPT-5.6 (Jul 11-14),x,2076807278125072527,https://x.com/Sal7one/status/2076807278125072527,negative,quality
GPT-5.6 (Jul 11-14),x,2076806880907911337,https://x.com/0xbelorix/status/2076806880907911337,negative,price_limits
GPT-5.6 (Jul 11-14),x,2076806658798330169,https://x.com/goodworse/status/2076806658798330169,positive,
GPT-5.6 (Jul 11-14),x,2076806594856440225,https://x.com/FortunaDiem/status/2076806594856440225,irrelevant,
GPT-5.6 (Jul 11-14),x,2076805937075998969,https://x.com/hamoudi_yo/status/2076805937075998969,irrelevant,
GPT-5.6 (Jul 11-14),x,2076805873234821273,https://x.com/CPMou2022/status/2076805873234821273,positive,
GPT-5.6 (Jul 11-14),x,2076805752010797548,https://x.com/Jan_Wronski/status/2076805752010797548,negative,safeguards
GPT-5.6 (Jul 11-14),x,2076805696377790535,https://x.com/alphatozeta8148/status/2076805696377790535,negative,quality
GPT-5.6 (Jul 11-14),x,2076451837046129132,https://x.com/hunoematic/status/2076451837046129132,positive,
GPT-5.6 (Jul 11-14),x,2076451761640878463,https://x.com/tonysimons_/status/2076451761640878463,positive,
GPT-5.6 (Jul 11-14),x,2076451332433838375,https://x.com/gakonst/status/2076451332433838375,positive,
GPT-5.6 (Jul 11-14),x,2076451182403281276,https://x.com/BrenBuilds/status/2076451182403281276,irrelevant,
GPT-5.6 (Jul 11-14),x,2076450829091901780,https://x.com/joaomviso/status/2076450829091901780,irrelevant,
GPT-5.6 (Jul 11-14),x,2076450490640974207,https://x.com/notPades/status/2076450490640974207,irrelevant,
GPT-5.6 (Jul 11-14),x,2076450205843771505,https://x.com/sound4movement/status/2076450205843771505,positive,
GPT-5.6 (Jul 11-14),x,2076450027954987233,https://x.com/MarcosHernanz/status/2076450027954987233,negative,quality
GPT-5.6 (Jul 11-14),x,2076449945373356485,https://x.com/imnotchalk/status/2076449945373356485,irrelevant,
GPT-5.6 (Jul 11-14),x,2076449928893923411,https://x.com/MarcosHernanz/status/2076449928893923411,negative,quality
GPT-5.6 (Jul 11-14),x,2076449913357902290,https://x.com/0xPaulius/status/2076449913357902290,irrelevant,
GPT-5.6 (Jul 11-14),x,2076449658654846994,https://x.com/localghost/status/2076449658654846994,positive,
GPT-5.6 (Jul 11-14),x,2076449638463295792,https://x.com/TheLeeBase/status/2076449638463295792,positive,
GPT-5.6 (Jul 11-14),x,2076449534985560352,https://x.com/LarkDavis/status/2076449534985560352,irrelevant,
GPT-5.6 (Jul 11-14),x,2076449274305372560,https://x.com/LLMJunky/status/2076449274305372560,irrelevant,
GPT-5.6 (Jul 11-14),x,2076449087595900990,https://x.com/BretKerr/status/2076449087595900990,irrelevant,
GPT-5.6 (Jul 11-14),x,2076448720837579211,https://x.com/prerat/status/2076448720837579211,positive,
GPT-5.6 (Jul 11-14),x,2076448587244871743,https://x.com/EffortlessSteve/status/2076448587244871743,positive,
GPT-5.6 (Jul 11-14),x,2076448542583898589,https://x.com/FrankieIsLost/status/2076448542583898589,negative,other
GPT-5.6 (Jul 11-14),x,2076087137955385793,https://x.com/DeryaTR_/status/2076087137955385793,positive,
GPT-5.6 (Jul 11-14),x,2076086732504932851,https://x.com/citlayik/status/2076086732504932851,positive,
GPT-5.6 (Jul 11-14),x,2076086498827608112,https://x.com/leo_linsky/status/2076086498827608112,positive,
GPT-5.6 (Jul 11-14),x,2076086488052236396,https://x.com/aollivier82/status/2076086488052236396,neutral,
GPT-5.6 (Jul 11-14),x,2076086264936452388,https://x.com/Adidotdev/status/2076086264936452388,negative,price_limits
GPT-5.6 (Jul 11-14),x,2076086074317660280,https://x.com/amadad/status/2076086074317660280,positive,
GPT-5.6 (Jul 11-14),x,2076085936585400558,https://x.com/cjzafir/status/2076085936585400558,irrelevant,
GPT-5.6 (Jul 11-14),x,2076085650260889780,https://x.com/liamszefner/status/2076085650260889780,positive,
GPT-5.6 (Jul 11-14),x,2076084958108803336,https://x.com/DegenOfWallSt/status/2076084958108803336,neutral,
GPT-5.6 (Jul 11-14),x,2076084907634557085,https://x.com/theo/status/2076084907634557085,positive,
GPT-5.6 (Jul 11-14),x,2076083878293360745,https://x.com/00x1337/status/2076083878293360745,positive,
GPT-5.6 (Jul 11-14),x,2076083536839512434,https://x.com/AndrewMayne/status/2076083536839512434,irrelevant,
GPT-5.6 (Jul 11-14),x,2076083451271471217,https://x.com/fomolesss/status/2076083451271471217,neutral,
GPT-5.6 (Jul 11-14),x,2076083363212055029,https://x.com/diegocabezas01/status/2076083363212055029,positive,
GPT-5.6 (Jul 11-14),x,2076083090783436945,https://x.com/00x1337/status/2076083090783436945,positive,
GPT-5.6 (Jul 11-14),x,2076083000777883785,https://x.com/Cryptor_dot/status/2076083000777883785,irrelevant,
GPT-5.6 (Jul 11-14),x,2076082933962785146,https://x.com/AndrewMayne/status/2076082933962785146,positive,
GPT-5.6 (Jul 11-14),x,2076082796712333435,https://x.com/Degen_calls_sol/status/2076082796712333435,irrelevant,
GPT-5.6 (Jul 11-14),x,2076082626268373138,https://x.com/per_simmons_/status/2076082626268373138,irrelevant,
GPT-5.6 (Jul 11-14),x,2075983427019612242,https://x.com/sama/status/2075983427019612242,positive,
GPT-5.6 (Jul 11-14),x,2075776733626892542,https://x.com/theo/status/2075776733626892542,positive,
GPT-5.6 (Jul 11-14),x,2075909215856586806,https://x.com/RoundtableSpace/status/2075909215856586806,irrelevant,
GPT-5.6 (Jul 11-14),x,2075745978880344565,https://x.com/CommandCodeAI/status/2075745978880344565,negative,quality
GPT-5.6 (Jul 11-14),x,2075822836556427456,https://x.com/TokenGremlin/status/2075822836556427456,positive,
GPT-5.6 (Jul 11-14),x,2076062537712316650,https://x.com/doodlestein/status/2076062537712316650,positive,
GPT-5.6 (Jul 11-14),x,2075951840924156187,https://x.com/Bhavani_00007/status/2075951840924156187,positive,
GPT-5.6 (Jul 11-14),x,2076018638658896085,https://x.com/_cyberhusky/status/2076018638658896085,positive,
GPT-5.6 (Jul 11-14),x,2076022934225797150,https://x.com/prz_chojecki/status/2076022934225797150,irrelevant,
GPT-5.6 (Jul 11-14),x,2076043834761314504,https://x.com/givros/status/2076043834761314504,irrelevant,
GPT-5.6 (Jul 11-14),x,2075751425863491956,https://x.com/rezoundous/status/2075751425863491956,positive,
GPT-5.6 (Jul 11-14),x,2075877223266230480,https://x.com/Akasheth_/status/2075877223266230480,negative,price_limits
GPT-5.6 (Jul 11-14),x,2075741240054755738,https://x.com/_MaxBlade/status/2075741240054755738,neutral,
GPT-5.6 (Jul 11-14),x,2075916923322187878,https://x.com/petergostev/status/2075916923322187878,irrelevant,
GPT-5.6 (Jul 11-14),x,2075958779783385128,https://x.com/jumperz/status/2075958779783385128,neutral,
GPT-5.6 (Jul 11-14),x,2075855113340801408,https://x.com/melvynx/status/2075855113340801408,positive,
GPT-5.6 (Jul 11-14),x,2076068683084939505,https://x.com/cremieuxrecueil/status/2076068683084939505,positive,
GPT-5.6 (Jul 11-14),x,2075967604489920702,https://x.com/aslater/status/2075967604489920702,positive,
GPT-5.6 (Jul 11-14),x,2076079256027943397,https://x.com/theo/status/2076079256027943397,neutral,
GPT-5.6 (Jul 11-14),x,2076776261397909647,https://x.com/AWSNewsroom/status/2076776261397909647,irrelevant,
GPT-5.6 (Jul 11-14),x,2076665197540909505,https://x.com/EntelligenceAI/status/2076665197540909505,irrelevant,
GPT-5.6 (Jul 11-14),x,2076459871021736245,https://x.com/thsottiaux/status/2076459871021736245,irrelevant,
GPT-5.6 (Jul 11-14),x,2076683072112861411,https://x.com/anshuc/status/2076683072112861411,positive,
GPT-5.6 (Jul 11-14),x,2076631428926972177,https://x.com/prasenx/status/2076631428926972177,positive,
GPT-5.6 (Jul 11-14),x,2076601024408662436,https://x.com/Alaouicapital/status/2076601024408662436,negative,other
GPT-5.6 (Jul 11-14),x,2076561457076949143,https://x.com/VanhDesign/status/2076561457076949143,positive,
GPT-5.6 (Jul 11-14),x,2076759859626938422,https://x.com/cerebras/status/2076759859626938422,irrelevant,
GPT-5.6 (Jul 11-14),x,2076684958828028262,https://x.com/qwinsi0x/status/2076684958828028262,positive,
GPT-5.6 (Jul 11-14),x,2076739322728833140,https://x.com/ProductHunt/status/2076739322728833140,irrelevant,
GPT-5.6 (Jul 11-14),x,2076760115470840041,https://x.com/zodchiii/status/2076760115470840041,irrelevant,
GPT-5.6 (Jul 11-14),x,2076769881534398974,https://x.com/brunolemos/status/2076769881534398974,negative,safeguards
GPT-5.6 (Jul 11-14),x,2076613285642723377,https://x.com/reach_vb/status/2076613285642723377,positive,
GPT-5.6 (Jul 11-14),x,2076737985559822734,https://x.com/askalphaxiv/status/2076737985559822734,positive,
GPT-5.6 (Jul 11-14),x,2076738525387489571,https://x.com/kimmonismus/status/2076738525387489571,neutral,
GPT-5.6 (Jul 11-14),x,2076753355519504614,https://x.com/ParadisLabs/status/2076753355519504614,neutral,
GPT-5.6 (Jul 11-14),x,2076473781736837441,https://x.com/goodworse/status/2076473781736837441,irrelevant,
GPT-5.6 (Jul 11-14),x,2076776649807573075,https://x.com/MedicalSphereAI/status/2076776649807573075,negative,quality
GPT-5.6 (Jul 11-14),x,2076278450109743127,https://x.com/LexnLin/status/2076278450109743127,positive,
GPT-5.6 (Jul 11-14),x,2076119366647894371,https://x.com/thsottiaux/status/2076119366647894371,irrelevant,
GPT-5.6 (Jul 11-14),x,2076361122328858829,https://x.com/goodside/status/2076361122328858829,neutral,
GPT-5.6 (Jul 11-14),x,2076298482156192243,https://x.com/EXM7777/status/2076298482156192243,positive,
GPT-5.6 (Jul 11-14),x,2076339551354941709,https://x.com/RoundtableSpace/status/2076339551354941709,negative,quality
GPT-5.6 (Jul 11-14),x,2076375224665465112,https://x.com/kalin_t/status/2076375224665465112,irrelevant,
GPT-5.6 (Jul 11-14),x,2076364713445724178,https://x.com/rileybrown/status/2076364713445724178,irrelevant,
GPT-5.6 (Jul 11-14),x,2076119698333167737,https://x.com/fragiannicola/status/2076119698333167737,irrelevant,
GPT-5.6 (Jul 11-14),x,2076344697644081526,https://x.com/DavidOndrej1/status/2076344697644081526,negative,quality
GPT-5.6 (Jul 11-14),x,2076204136354234654,https://x.com/aibuilderclub_/status/2076204136354234654,irrelevant,
GPT-5.6 (Jul 11-14),x,2076306342449467643,https://x.com/petergostev/status/2076306342449467643,positive,
GPT-5.6 (Jul 11-14),x,2076110148695966172,https://x.com/Alezander9/status/2076110148695966172,negative,price_limits
GPT-5.6 (Jul 11-14),x,2076099878313410846,https://x.com/tracy_codes/status/2076099878313410846,positive,
GPT-5.6 (Jul 11-14),x,2076145711922696371,https://x.com/thsottiaux/status/2076145711922696371,positive,
GPT-5.6 (Jul 11-14),x,2076127364342555006,https://x.com/ann_nnng/status/2076127364342555006,negative,quality
GPT-5.6 (Jul 11-14),x,2076361705492263157,https://x.com/polydao/status/2076361705492263157,positive,
GPT-5.6 (Jul 11-14),x,2076377895203667971,https://x.com/dr_cintas/status/2076377895203667971,irrelevant,
GPT-5.6 (Jul 11-14),x,2076343501382684982,https://x.com/tylerrwayne/status/2076343501382684982,irrelevant,
GPT-5.6 (Jul 11-14),x,2076448121765401010,https://x.com/swhotch/status/2076448121765401010,irrelevant,
GPT-5.6 (Jul 11-14),x,2076448085949985226,https://x.com/BrianMRey/status/2076448085949985226,positive,
GPT-5.6 (Jul 11-14),x,2076447993620795711,https://x.com/HumanDotPy/status/2076447993620795711,irrelevant,
GPT-5.6 (Jul 11-14),x,2076447816453353886,https://x.com/ExistentialEnso/status/2076447816453353886,positive,
GPT-5.6 (Jul 11-14),x,2076447379717607929,https://x.com/iamBarronRoth/status/2076447379717607929,irrelevant,
GPT-5.6 (Jul 11-14),x,2076447237106708658,https://x.com/enrricoelrico/status/2076447237106708658,positive,
GPT-5.6 (Jul 11-14),x,2076447105141309705,https://x.com/JustinGorya/status/2076447105141309705,positive,
GPT-5.6 (Jul 11-14),x,2076446644153802927,https://x.com/Ninna4963851/status/2076446644153802927,positive,
GPT-5.6 (Jul 11-14),x,2076446562260230267,https://x.com/Cryptocratico/status/2076446562260230267,positive,
GPT-5.6 (Jul 11-14),x,2076446398791233661,https://x.com/goodside/status/2076446398791233661,negative,quality
GPT-5.6 (Jul 11-14),x,2076446136878104641,https://x.com/Annu_NexraAI/status/2076446136878104641,positive,
GPT-5.6 (Jul 11-14),x,2076445295177507003,https://x.com/BretKerr/status/2076445295177507003,irrelevant,
GPT-5.6 (Jul 11-14),x,2076445267558035664,https://x.com/adamstac/status/2076445267558035664,positive,
GPT-5.6 (Jul 11-14),x,2076445102206320654,https://x.com/LeeLeepenkman/status/2076445102206320654,positive,
GPT-5.6 (Jul 11-14),x,2076444909394182323,https://x.com/angadsg/status/2076444909394182323,positive,
GPT-5.6 (Jul 11-14),x,2076444839189819517,https://x.com/astridwilde/status/2076444839189819517,irrelevant,
GPT-5.6 (Jul 11-14),x,2076444744259981364,https://x.com/knowixbuilds/status/2076444744259981364,neutral,
GPT-5.6 (Jul 11-14),x,2076444461324812492,https://x.com/gabe_onchain/status/2076444461324812492,positive,
GPT-5.6 (Jul 11-14),x,2076443829180178818,https://x.com/jailbreakersAI/status/2076443829180178818,irrelevant,
GPT-5.6 (Jul 11-14),x,2076443718022799539,https://x.com/phoreks_treida/status/2076443718022799539,irrelevant,
GPT-5.6 (Jul 11-14),x,2076805388268171297,https://x.com/mrlnonai/status/2076805388268171297,irrelevant,
GPT-5.6 (Jul 11-14),x,2076805370786263254,https://x.com/TopviewAIhq/status/2076805370786263254,irrelevant,
GPT-5.6 (Jul 11-14),x,2076805164334485950,https://x.com/MozeTech/status/2076805164334485950,negative,safeguards
GPT-5.6 (Jul 11-14),x,2076804709508128783,https://x.com/XReyRobert/status/2076804709508128783,positive,
GPT-5.6 (Jul 11-14),x,2076804694773825547,https://x.com/tessera_antra/status/2076804694773825547,irrelevant,
GPT-5.6 (Jul 11-14),x,2076804052474814796,https://x.com/AniketFuryRocks/status/2076804052474814796,positive,
GPT-5.6 (Jul 11-14),x,2076803866759434504,https://x.com/EvanKirstel/status/2076803866759434504,neutral,
GPT-5.6 (Jul 11-14),x,2076803845645086835,https://x.com/sir_franco_/status/2076803845645086835,positive,
GPT-5.6 (Jul 11-14),x,2076803622743212350,https://x.com/aanthonymax/status/2076803622743212350,irrelevant,
GPT-5.6 (Jul 11-14),x,2076803540878549308,https://x.com/GeorgePaulChi/status/2076803540878549308,irrelevant,
GPT-5.6 (Jul 11-14),x,2076803090372825155,https://x.com/morganlinton/status/2076803090372825155,irrelevant,
GPT-5.6 (Jul 11-14),x,2076802634145726961,https://x.com/montakaoh/status/2076802634145726961,irrelevant,
GPT-5.6 (Jul 11-14),x,2076802629498540190,https://x.com/nickdodd/status/2076802629498540190,negative,quality
GPT-5.6 (Jul 11-14),x,2076802599278272802,https://x.com/WetheIndies/status/2076802599278272802,neutral,
GPT-5.6 (Jul 11-14),x,2076802319677792639,https://x.com/annapanart/status/2076802319677792639,positive,
GPT-5.6 (Jul 11-14),x,2076800827243782150,https://x.com/lucaxyzz/status/2076800827243782150,irrelevant,
GPT-5.6 (Jul 11-14),x,2076800098256732298,https://x.com/kylegalbraith/status/2076800098256732298,neutral,
GPT-5.6 (Jul 11-14),x,2076799934909567346,https://x.com/PromanOS_AI/status/2076799934909567346,negative,quality
GPT-5.6 (Jul 11-14),x,2076799699986624875,https://x.com/brill_insane/status/2076799699986624875,irrelevant,
GPT-5.6 (Jul 11-14),x,2076082503731880182,https://x.com/bcardarella/status/2076082503731880182,negative,quality
GPT-5.6 (Jul 11-14),x,2076081062313144373,https://x.com/TnkrMS/status/2076081062313144373,irrelevant,
GPT-5.6 (Jul 11-14),x,2076081006470389938,https://x.com/MirageRC3/status/2076081006470389938,irrelevant,
GPT-5.6 (Jul 11-14),x,2076080802014609572,https://x.com/TokenGremlin/status/2076080802014609572,neutral,
GPT-5.6 (Jul 11-14),x,2076080657487524036,https://x.com/BeauJohnson89/status/2076080657487524036,positive,
GPT-5.6 (Jul 11-14),x,2076080567901397396,https://x.com/EmilWagman/status/2076080567901397396,neutral,
GPT-5.6 (Jul 11-14),x,2076080174949376027,https://x.com/jarodtaylor/status/2076080174949376027,irrelevant,
GPT-5.6 (Jul 11-14),x,2076079979029295567,https://x.com/amianthus_/status/2076079979029295567,negative,style
GPT-5.6 (Jul 11-14),x,2076079793150587237,https://x.com/UltraRareAF/status/2076079793150587237,negative,quality
GPT-5.6 (Jul 11-14),x,2076079354195435789,https://x.com/krzyzanowskim/status/2076079354195435789,negative,quality
GPT-5.6 (Jul 11-14),x,2076079342778568859,https://x.com/GenAISpotlight/status/2076079342778568859,positive,
GPT-5.6 (Jul 11-14),x,2076078829416611914,https://x.com/rich_odinn/status/2076078829416611914,negative,quality
GPT-5.6 (Jul 11-14),x,2076077767524024621,https://x.com/sterlingcrispin/status/2076077767524024621,negative,quality
GPT-5.6 (Jul 11-14),x,2076077762574708813,https://x.com/argofowl/status/2076077762574708813,negative,quality
GPT-5.6 (Jul 11-14),x,2076077321392648536,https://x.com/shivamhwp/status/2076077321392648536,irrelevant,
GPT-5.6 (Jul 11-14),x,2076077178958327959,https://x.com/StochasticGhost/status/2076077178958327959,irrelevant,
GPT-5.6 (Jul 11-14),x,2076077162491187572,https://x.com/Martin778192374/status/2076077162491187572,positive,
GPT-5.6 (Jul 11-14),x,2076076699507200153,https://x.com/wordgrammer/status/2076076699507200153,negative,quality
GPT-5.6 (Jul 11-14),x,2075933884349321594,https://x.com/shmidtqq/status/2075933884349321594,positive,
GPT-5.6 (Jul 11-14),x,2075955475850670254,https://x.com/dedene/status/2075955475850670254,positive,
GPT-5.6 (Jul 11-14),x,2075935030153506957,https://x.com/daniel_mac8/status/2075935030153506957,irrelevant,
GPT-5.6 (Jul 11-14),x,2076023167391576367,https://x.com/higgsfield_ai/status/2076023167391576367,irrelevant,
GPT-5.6 (Jul 11-14),x,2076061351433195723,https://x.com/ChrisGPT/status/2076061351433195723,positive,
GPT-5.6 (Jul 11-14),x,2075953263548023141,https://x.com/Howaboua/status/2075953263548023141,irrelevant,
GPT-5.6 (Jul 11-14),x,2075941097306779884,https://x.com/robinebers/status/2075941097306779884,negative,quality
GPT-5.6 (Jul 11-14),x,2076018691511038302,https://x.com/haider1/status/2076018691511038302,positive,
GPT-5.6 (Jul 11-14),x,2076013547926982921,https://x.com/VraserX/status/2076013547926982921,positive,
GPT-5.6 (Jul 11-14),x,2076050485354926355,https://x.com/cjzafir/status/2076050485354926355,positive,
GPT-5.6 (Jul 11-14),x,2075886082848370722,https://x.com/ElainaNotes/status/2075886082848370722,negative,price_limits
GPT-5.6 (Jul 11-14),x,2076073566085259405,https://x.com/scaling01/status/2076073566085259405,positive,
GPT-5.6 (Jul 11-14),x,2076074247017889992,https://x.com/kimmonismus/status/2076074247017889992,irrelevant,
GPT-5.6 (Jul 11-14),x,2075993086124327231,https://x.com/Akasheth_/status/2075993086124327231,irrelevant,
GPT-5.6 (Jul 11-14),x,2075941457353973792,https://x.com/ChrisGPT/status/2075941457353973792,negative,quality
GPT-5.6 (Jul 11-14),x,2075933155408924961,https://x.com/kalin_t/status/2075933155408924961,positive,
GPT-5.6 (Jul 11-14),x,2076018751862931714,https://x.com/mweinbach/status/2076018751862931714,positive,
GPT-5.6 (Jul 11-14),x,2076046261778612367,https://x.com/DeryaTR_/status/2076046261778612367,positive,
GPT-5.6 (Jul 11-14),x,2075857625942802599,https://x.com/haider1/status/2075857625942802599,positive,
GPT-5.6 (Jul 11-14),x,2076195023239221472,https://x.com/chetaslua/status/2076195023239221472,positive,
GPT-5.6 (Jul 11-14),x,2076237393091248218,https://x.com/PawelHuryn/status/2076237393091248218,negative,price_limits
GPT-5.6 (Jul 11-14),x,2076286676440072231,https://x.com/hqmank/status/2076286676440072231,positive,
GPT-5.6 (Jul 11-14),x,2076340995709702437,https://x.com/thetripathi58/status/2076340995709702437,neutral,
GPT-5.6 (Jul 11-14),x,2076215692656038295,https://x.com/hqmank/status/2076215692656038295,positive,
GPT-5.6 (Jul 11-14),x,2076282525844955249,https://x.com/viktoroddy/status/2076282525844955249,irrelevant,
GPT-5.6 (Jul 11-14),x,2076391367446860249,https://x.com/DesignArena/status/2076391367446860249,positive,
GPT-5.6 (Jul 11-14),x,2076410096410849554,https://x.com/williawa/status/2076410096410849554,neutral,
GPT-5.6 (Jul 11-14),x,2076265009747996863,https://x.com/HarveenChadha/status/2076265009747996863,neutral,
GPT-5.6 (Jul 11-14),x,2076358426385612940,https://x.com/haider1/status/2076358426385612940,positive,
GPT-5.6 (Jul 11-14),x,2076316343339806848,https://x.com/SciTechera/status/2076316343339806848,positive,
GPT-5.6 (Jul 11-14),x,2076377393279738110,https://x.com/reach_vb/status/2076377393279738110,positive,
GPT-5.6 (Jul 11-14),x,2076363039218274701,https://x.com/ai_for_success/status/2076363039218274701,positive,
GPT-5.6 (Jul 11-14),x,2076400616574943451,https://x.com/zekramu/status/2076400616574943451,positive,
GPT-5.6 (Jul 11-14),x,2076387917019168960,https://x.com/DeryaTR_/status/2076387917019168960,positive,
GPT-5.6 (Jul 11-14),x,2076314799277773276,https://x.com/mightyking/status/2076314799277773276,irrelevant,
GPT-5.6 (Jul 11-14),x,2076407574019334516,https://x.com/rohanpaul_ai/status/2076407574019334516,irrelevant,
GPT-5.6 (Jul 11-14),x,2076443449356697621,https://x.com/1RustyMac/status/2076443449356697621,positive,
GPT-5.6 (Jul 11-14),x,2076443103263899805,https://x.com/BurgosMarcello1/status/2076443103263899805,positive,
GPT-5.6 (Jul 11-14),x,2076442812737105941,https://x.com/ainthusiast/status/2076442812737105941,irrelevant,
GPT-5.6 (Jul 11-14),x,2076442395529343097,https://x.com/pegastud/status/2076442395529343097,irrelevant,
GPT-5.6 (Jul 11-14),x,2076442287521886597,https://x.com/RNR_0/status/2076442287521886597,negative,quality
GPT-5.6 (Jul 11-14),x,2076441868137631790,https://x.com/eidolon_shvtfap/status/2076441868137631790,irrelevant,
GPT-5.6 (Jul 11-14),x,2076441808825876779,https://x.com/luckeyfaraday/status/2076441808825876779,irrelevant,
GPT-5.6 (Jul 11-14),x,2076441620619345969,https://x.com/shriabhinav09/status/2076441620619345969,irrelevant,
GPT-5.6 (Jul 11-14),x,2076440740083974510,https://x.com/raythurnvoid/status/2076440740083974510,positive,
GPT-5.6 (Jul 11-14),x,2076440711780540786,https://x.com/defaiscope/status/2076440711780540786,positive,
GPT-5.6 (Jul 11-14),x,2076440678926577980,https://x.com/NyanpasuKA/status/2076440678926577980,irrelevant,
GPT-5.6 (Jul 11-14),x,2076440578317754427,https://x.com/neylwalecki/status/2076440578317754427,negative,other
GPT-5.6 (Jul 11-14),x,2076440159525183951,https://x.com/CtrlAltDwayne/status/2076440159525183951,positive,
GPT-5.6 (Jul 11-14),x,2076440040306282631,https://x.com/conanbr/status/2076440040306282631,negative,other
GPT-5.6 (Jul 11-14),x,2076439899301900319,https://x.com/YetIRisen/status/2076439899301900319,positive,
GPT-5.6 (Jul 11-14),x,2076439604278755417,https://x.com/cocktailpeanut/status/2076439604278755417,positive,
GPT-5.6 (Jul 11-14),x,2076439180960239936,https://x.com/Degen_calls_sol/status/2076439180960239936,positive,
GPT-5.6 (Jul 11-14),x,2076438956414058515,https://x.com/haider1/status/2076438956414058515,positive,
GPT-5.6 (Jul 11-14),x,2076438862524805480,https://x.com/GarrettPetersen/status/2076438862524805480,irrelevant,
GPT-5.6 (Jul 11-14),x,2076757863163461659,https://x.com/dejager/status/2076757863163461659,positive,
GPT-5.6 (Jul 11-14),x,2076576651970830571,https://x.com/hrabiapolski/status/2076576651970830571,positive,
GPT-5.6 (Jul 11-14),x,2076724433293861315,https://x.com/sairahul1/status/2076724433293861315,positive,
GPT-5.6 (Jul 11-14),x,2076626941189497335,https://x.com/buildwithsid/status/2076626941189497335,irrelevant,
GPT-5.6 (Jul 11-14),x,2076652341948752030,https://x.com/perrymetzger/status/2076652341948752030,irrelevant,
GPT-5.6 (Jul 11-14),x,2076626517757771884,https://x.com/cyrilXBT/status/2076626517757771884,positive,
GPT-5.6 (Jul 11-14),x,2076621638729146434,https://x.com/melvynx/status/2076621638729146434,negative,quality
GPT-5.6 (Jul 11-14),x,2076575595388150024,https://x.com/blurrhaus/status/2076575595388150024,irrelevant,
GPT-5.6 (Jul 11-14),x,2076645627421925635,https://x.com/PrajwalTomar_/status/2076645627421925635,positive,
GPT-5.6 (Jul 11-14),hacker_news,48916451,https://news.ycombinator.com/item?id=48916451,irrelevant,
GPT-5.6 (Jul 11-14),hacker_news,48915887,https://news.ycombinator.com/item?id=48915887,irrelevant,
GPT-5.6 (Jul 11-14),hacker_news,48915871,https://news.ycombinator.com/item?id=48915871,irrelevant,
GPT-5.6 (Jul 11-14),hacker_news,48915693,https://news.ycombinator.com/item?id=48915693,irrelevant,
GPT-5.6 (Jul 11-14),hacker_news,48915540,https://news.ycombinator.com/item?id=48915540,irrelevant,
GPT-5.6 (Jul 11-14),hacker_news,48915262,https://news.ycombinator.com/item?id=48915262,neutral,
GPT-5.6 (Jul 11-14),hacker_news,48915037,https://news.ycombinator.com/item?id=48915037,irrelevant,
GPT-5.6 (Jul 11-14),hacker_news,48913301,https://news.ycombinator.com/item?id=48913301,positive,
GPT-5.6 (Jul 11-14),hacker_news,48911946,https://news.ycombinator.com/item?id=48911946,neutral,
GPT-5.6 (Jul 11-14),hacker_news,48910736,https://news.ycombinator.com/item?id=48910736,irrelevant,
GPT-5.6 (Jul 11-14),hacker_news,48910735,https://news.ycombinator.com/item?id=48910735,irrelevant,
GPT-5.6 (Jul 11-14),hacker_news,48910428,https://news.ycombinator.com/item?id=48910428,negative,quality
GPT-5.6 (Jul 11-14),hacker_news,48909562,https://news.ycombinator.com/item?id=48909562,irrelevant,
GPT-5.6 (Jul 11-14),hacker_news,48909195,https://news.ycombinator.com/item?id=48909195,irrelevant,
GPT-5.6 (Jul 11-14),hacker_news,48907406,https://news.ycombinator.com/item?id=48907406,negative,quality
GPT-5.6 (Jul 11-14),hacker_news,48907326,https://news.ycombinator.com/item?id=48907326,positive,
GPT-5.6 (Jul 11-14),hacker_news,48906697,https://news.ycombinator.com/item?id=48906697,negative,quality
GPT-5.6 (Jul 11-14),hacker_news,48906078,https://news.ycombinator.com/item?id=48906078,negative,other
GPT-5.6 (Jul 11-14),hacker_news,48905087,https://news.ycombinator.com/item?id=48905087,irrelevant,
GPT-5.6 (Jul 11-14),hacker_news,48903716,https://news.ycombinator.com/item?id=48903716,neutral,
GPT-5.6 (Jul 11-14),hacker_news,48903663,https://news.ycombinator.com/item?id=48903663,negative,other
GPT-5.6 (Jul 11-14),x,2077180042753569153,https://x.com/mintdotgg/status/2077180042753569153,positive,
GPT-5.6 (Jul 11-14),x,2077179691304206815,https://x.com/BradGroux/status/2077179691304206815,irrelevant,
GPT-5.6 (Jul 11-14),x,2077179457916285023,https://x.com/notiyda/status/2077179457916285023,irrelevant,
GPT-5.6 (Jul 11-14),x,2077178495474483281,https://x.com/notiyda/status/2077178495474483281,irrelevant,
GPT-5.6 (Jul 11-14),x,2077177573721698390,https://x.com/RoundtableSpace/status/2077177573721698390,positive,
GPT-5.6 (Jul 11-14),x,2077177446097445272,https://x.com/MystiqueMide/status/2077177446097445272,positive,
GPT-5.6 (Jul 11-14),x,2077176278210535567,https://x.com/morganlinton/status/2077176278210535567,negative,quality
GPT-5.6 (Jul 11-14),x,2077175791348249055,https://x.com/naymur_dev/status/2077175791348249055,neutral,
GPT-5.6 (Jul 11-14),x,2077175310827606457,https://x.com/bridgemindai/status/2077175310827606457,negative,quality
GPT-5.6 (Jul 11-14),x,2077175072456839228,https://x.com/PredatorEyes9k1/status/2077175072456839228,positive,
GPT-5.6 (Jul 11-14),x,2077174763546415120,https://x.com/DavidOndrej1/status/2077174763546415120,positive,
GPT-5.6 (Jul 11-14),x,2077174713101746523,https://x.com/jun_song/status/2077174713101746523,negative,price_limits
GPT-5.6 (Jul 11-14),x,2077174089362600372,https://x.com/AnumaAI/status/2077174089362600372,irrelevant,
GPT-5.6 (Jul 11-14),x,2077173798311543023,https://x.com/JulianGoldieSEO/status/2077173798311543023,irrelevant,
GPT-5.6 (Jul 11-14),x,2077173680455520431,https://x.com/Freerunnering/status/2077173680455520431,positive,
GPT-5.6 (Jul 11-14),x,2077173484795650319,https://x.com/TrudoJo/status/2077173484795650319,positive,
GPT-5.6 (Jul 11-14),x,2077173469293535723,https://x.com/anshuc/status/2077173469293535723,positive,
GPT-5.6 (Jul 11-14),x,2077173416759550281,https://x.com/ChrisGPT/status/2077173416759550281,positive,
GPT-5.6 (Jul 11-14),x,2077106587307798989,https://x.com/sama/status/2077106587307798989,irrelevant,
GPT-5.6 (Jul 11-14),x,2077053505890881982,https://x.com/askalphaxiv/status/2077053505890881982,positive,
GPT-5.6 (Jul 11-14),x,2077114635308986427,https://x.com/thsottiaux/status/2077114635308986427,irrelevant,
GPT-5.6 (Jul 11-14),x,2077036999303999910,https://x.com/sama/status/2077036999303999910,positive,
GPT-5.6 (Jul 11-14),x,2077049232490672458,https://x.com/davidpattersonx/status/2077049232490672458,positive,
GPT-5.6 (Jul 11-14),x,2077069646423883838,https://x.com/DeryaTR_/status/2077069646423883838,irrelevant,
GPT-5.6 (Jul 11-14),x,2077125665003098239,https://x.com/S1r1u5_/status/2077125665003098239,positive,
GPT-5.6 (Jul 11-14),x,2077156445997470199,https://x.com/goodworse/status/2077156445997470199,irrelevant,
GPT-5.6 (Jul 11-14),x,2077087411079700782,https://x.com/xenovacom/status/2077087411079700782,irrelevant,
GPT-5.6 (Jul 11-14),x,2076953114679390389,https://x.com/notjazii/status/2076953114679390389,positive,
GPT-5.6 (Jul 11-14),x,2077097389521797610,https://x.com/daniel_mac8/status/2077097389521797610,irrelevant,
GPT-5.6 (Jul 11-14),x,2077145490139877727,https://x.com/goodworse/status/2077145490139877727,positive,
GPT-5.6 (Jul 11-14),x,2076966013229568072,https://x.com/DataChaz/status/2076966013229568072,positive,
GPT-5.6 (Jul 11-14),x,2077040528495947990,https://x.com/arcads_ai/status/2077040528495947990,irrelevant,
GPT-5.6 (Jul 11-14),x,2076975124792652169,https://x.com/Angaisb_/status/2076975124792652169,irrelevant,
GPT-5.6 (Jul 11-14),x,2076968017364201815,https://x.com/explosss1ve/status/2076968017364201815,positive,
GPT-5.6 (Jul 11-14),x,2077108712356168174,https://x.com/rohanpaul_ai/status/2077108712356168174,irrelevant,
GPT-5.6 (Jul 11-14),x,2077173069051843009,https://x.com/SteveJiangPhD/status/2077173069051843009,positive,
GPT-5.6 (Jul 11-14),x,2077172980250214478,https://x.com/1752vc/status/2077172980250214478,negative,other
GPT-5.6 (Jul 11-14),x,2077172303801053235,https://x.com/gonzalezharry/status/2077172303801053235,positive,
GPT-5.6 (Jul 11-14),x,2077170634270834800,https://x.com/aienginerd/status/2077170634270834800,irrelevant,
GPT-5.6 (Jul 11-14),x,2077170393425576134,https://x.com/ashen_one/status/2077170393425576134,irrelevant,
GPT-5.6 (Jul 11-14),x,2077170024100331958,https://x.com/RoundtableSpace/status/2077170024100331958,positive,
GPT-5.6 (Jul 11-14),x,2077169559182975364,https://x.com/neko23423/status/2077169559182975364,irrelevant,
GPT-5.6 (Jul 11-14),x,2077169303712141432,https://x.com/kalin_t/status/2077169303712141432,negative,other
GPT-5.6 (Jul 11-14),x,2077169065077198996,https://x.com/shaunralston/status/2077169065077198996,positive,
GPT-5.6 (Jul 11-14),x,2077168581347860952,https://x.com/SLS_0x/status/2077168581347860952,irrelevant,
GPT-5.6 (Jul 11-14),x,2077168469913526467,https://x.com/leonabboud/status/2077168469913526467,positive,
GPT-5.6 (Jul 11-14),x,2077168459767574540,https://x.com/sriramkiron/status/2077168459767574540,irrelevant,
GPT-5.6 (Jul 11-14),x,2077168223909290494,https://x.com/OrieanResearch/status/2077168223909290494,irrelevant,
GPT-5.6 (Jul 11-14),x,2077168197292511368,https://x.com/nikshepsvn/status/2077168197292511368,neutral,
GPT-5.6 (Jul 11-14),x,2077167313380376854,https://x.com/david_j/status/2077167313380376854,neutral,
GPT-5.6 (Jul 11-14),x,2077167299317141739,https://x.com/tenderizzation/status/2077167299317141739,positive,
GPT-5.6 (Jul 11-14),x,2077166875314688218,https://x.com/emanueledpt/status/2077166875314688218,neutral,
GPT-5.6 (Jul 11-14),x,2077166649275236723,https://x.com/andreestech/status/2077166649275236723,positive,
GPT-5.6 (Jul 11-14),x,2076823972164120736,https://x.com/tonbistudio/status/2076823972164120736,positive,
GPT-5.6 (Jul 11-14),x,2077000158538252714,https://x.com/iamtanzil_/status/2077000158538252714,positive,
GPT-5.6 (Jul 11-14),x,2076971461525258289,https://x.com/Hesamation/status/2076971461525258289,positive,
GPT-5.6 (Jul 11-14),x,2077016063578161578,https://x.com/Av1dlive/status/2077016063578161578,irrelevant,
GPT-5.6 (Jul 11-14),x,2077029323802824860,https://x.com/clementetv_/status/2077029323802824860,irrelevant,
GPT-5.6 (Jul 11-14),x,2077028437261459805,https://x.com/cloneofsimo/status/2077028437261459805,positive,
GPT-5.6 (Jul 11-14),x,2077096651349717003,https://x.com/kai_brokering/status/2077096651349717003,positive,
GPT-5.6 (Jul 11-14),x,2076956577941090610,https://x.com/meowbooksj/status/2076956577941090610,positive,
GPT-5.6 (Jul 11-14),x,2077000205346496586,https://x.com/givros/status/2077000205346496586,positive,
GPT-5.6 (Jul 11-14),x,2076793057693893071,https://x.com/adonis_singh/status/2076793057693893071,neutral,
GPT-5.6 (Jul 11-14),x,2077107691059831010,https://x.com/MilksandMatcha/status/2077107691059831010,irrelevant,
GPT-5.6 (Jul 11-14),x,2076927510588391784,https://x.com/iamtanzil_/status/2076927510588391784,irrelevant,
GPT-5.6 (Jul 11-14),x,2077062298930208940,https://x.com/bijanbowen/status/2077062298930208940,irrelevant,
GPT-5.6 (Jul 11-14),x,2077166329283391950,https://x.com/brunolemos/status/2077166329283391950,neutral,
GPT-5.6 (Jul 11-14),x,2077166274766115061,https://x.com/VaibhavSisinty/status/2077166274766115061,irrelevant,
GPT-5.6 (Jul 11-14),x,2077166253534278006,https://x.com/JulianGoldieSEO/status/2077166253534278006,neutral,
GPT-5.6 (Jul 11-14),x,2077166081546809436,https://x.com/kostasbotonakis/status/2077166081546809436,positive,
GPT-5.6 (Jul 11-14),x,2077165777317437904,https://x.com/RobertHaisfield/status/2077165777317437904,negative,other
GPT-5.6 (Jul 11-14),x,2077165354149691644,https://x.com/antoinergg/status/2077165354149691644,positive,
GPT-5.6 (Jul 11-14),x,2077165038419267999,https://x.com/LukeberryPi/status/2077165038419267999,neutral,
GPT-5.6 (Jul 11-14),x,2077162767274942662,https://x.com/Mishok2000/status/2077162767274942662,positive,
GPT-5.6 (Jul 11-14),x,2077162355478446082,https://x.com/TokenGremlin/status/2077162355478446082,positive,
GPT-5.6 (Jul 11-14),x,2077162315405820023,https://x.com/AcerFur/status/2077162315405820023,positive,
GPT-5.6 (Jul 11-14),x,2077162148577284514,https://x.com/SuperHolders/status/2077162148577284514,irrelevant,
GPT-5.6 (Jul 11-14),x,2077162040108748830,https://x.com/swyx/status/2077162040108748830,positive,
GPT-5.6 (Jul 11-14),x,2077160561314275730,https://x.com/crodaar/status/2077160561314275730,positive,
GPT-5.6 (Jul 11-14),x,2077159010701123872,https://x.com/DamolaAderibig1/status/2077159010701123872,irrelevant,
GPT-5.6 (Jul 11-14),x,2077158838696890605,https://x.com/crzypeas/status/2077158838696890605,positive,
GPT-5.6 (Jul 11-14),x,2077158506508013790,https://x.com/MancerAI_/status/2077158506508013790,irrelevant,
GPT-5.6 (Jul 11-14),x,2077158419832635460,https://x.com/secemp9/status/2077158419832635460,neutral,
GPT-5.6 (Jul 11-14),x,2077074979502612875,https://x.com/benhylak/status/2077074979502612875,negative,other
GPT-5.6 (Jul 11-14),x,2077097339513184442,https://x.com/Youssofal_/status/2077097339513184442,negative,style
GPT-5.6 (Jul 11-14),x,2077046654306324670,https://x.com/jjamesaung/status/2077046654306324670,positive,
GPT-5.6 (Jul 11-14),x,2076929691567656988,https://x.com/rezoundous/status/2076929691567656988,irrelevant,
GPT-5.6 (Jul 11-14),x,2076861189867659758,https://x.com/_cyberhusky/status/2076861189867659758,positive,
GPT-5.6 (Jul 11-14),x,2076878421314195745,https://x.com/gdb/status/2076878421314195745,irrelevant,
GPT-5.6 (Jul 11-14),x,2076893044293660849,https://x.com/AradhyeAgarwal/status/2076893044293660849,positive,
GPT-5.6 (Jul 11-14),x,2076966145446568210,https://x.com/humzaakhalid/status/2076966145446568210,irrelevant,
GPT-5.6 (Jul 11-14),x,2076961650540683613,https://x.com/rezoundous/status/2076961650540683613,positive,
GPT-5.6 (Jul 11-14),x,2077018293760663922,https://x.com/rom1trs/status/2077018293760663922,irrelevant,
GPT-5.6 (Jul 11-14),x,2076915334951375076,https://x.com/peakcooper/status/2076915334951375076,negative,quality
GPT-5.6 (Jul 11-14),x,2076851071561904536,https://x.com/Angaisb_/status/2076851071561904536,irrelevant,
GPT-5.6 (Jul 11-14),x,2076833064550809600,https://x.com/thehypedotnews/status/2076833064550809600,negative,quality
GPT-5.6 (Jul 11-14),x,2076837834552701175,https://x.com/RoundtableSpace/status/2076837834552701175,irrelevant,
GPT-5.6 (Jul 11-14),x,2077075126147846476,https://x.com/VraserX/status/2077075126147846476,positive,
GPT-5.6 (Jul 11-14),x,2077129240051318862,https://x.com/twostraws/status/2077129240051318862,positive,
GPT-5.6 (Jul 11-14),x,2077024997755822321,https://x.com/Mr_Salio/status/2077024997755822321,irrelevant,
GPT-5.6 (Jul 11-14),x,2077154924870193648,https://x.com/RoundtableSpace/status/2077154924870193648,neutral,
GPT-5.6 (Jul 11-14),x,2076963585167593829,https://x.com/AIFrontliner/status/2076963585167593829,irrelevant,
GPT-5.6 (Jul 11-14),x,2077158126298538449,https://x.com/DeryaTR_/status/2077158126298538449,irrelevant,
GPT-5.6 (Jul 11-14),x,2077157624597131302,https://x.com/landforce/status/2077157624597131302,positive,
GPT-5.6 (Jul 11-14),x,2077157104918385124,https://x.com/LukeberryPi/status/2077157104918385124,positive,
GPT-5.6 (Jul 11-14),x,2077156193563271410,https://x.com/0x1F9ED/status/2077156193563271410,neutral,
GPT-5.6 (Jul 11-14),x,2077155100649488435,https://x.com/BubbleBrain/status/2077155100649488435,positive,
GPT-5.6 (Jul 11-14),x,2077154481750622281,https://x.com/MozeTech/status/2077154481750622281,irrelevant,
GPT-5.6 (Jul 11-14),x,2077154403157713169,https://x.com/jdchawla29/status/2077154403157713169,negative,other
GPT-5.6 (Jul 11-14),x,2077154119790518609,https://x.com/tunguz/status/2077154119790518609,irrelevant,
GPT-5.6 (Jul 11-14),x,2077153862201315675,https://x.com/paws4puzzles/status/2077153862201315675,irrelevant,
GPT-5.6 (Jul 11-14),x,2077153225581494367,https://x.com/Merliiin__/status/2077153225581494367,irrelevant,
GPT-6 Sol/Luna (Sep 24-27),hacker_news,49860066,https://news.ycombinator.com/item?id=49860066,neutral,
GPT-6 Sol/Luna (Sep 24-27),hacker_news,49859839,https://news.ycombinator.com/item?id=49859839,negative,quality
GPT-6 Sol/Luna (Sep 24-27),hacker_news,49859588,https://news.ycombinator.com/item?id=49859588,positive,
GPT-6 Sol/Luna (Sep 24-27),hacker_news,49856057,https://news.ycombinator.com/item?id=49856057,negative,price_limits
GPT-6 Sol/Luna (Sep 24-27),hacker_news,49856030,https://news.ycombinator.com/item?id=49856030,positive,
GPT-6 Sol/Luna (Sep 24-27),hacker_news,49855101,https://news.ycombinator.com/item?id=49855101,positive,
GPT-6 Sol/Luna (Sep 24-27),hacker_news,49853972,https://news.ycombinator.com/item?id=49853972,negative,price_limits
GPT-6 Sol/Luna (Sep 24-27),hacker_news,49853905,https://news.ycombinator.com/item?id=49853905,irrelevant,
GPT-6 Sol/Luna (Sep 24-27),hacker_news,49853843,https://news.ycombinator.com/item?id=49853843,positive,
GPT-6 Sol/Luna (Sep 24-27),hacker_news,49851564,https://news.ycombinator.com/item?id=49851564,negative,quality
GPT-6 Sol/Luna (Sep 24-27),hacker_news,49845891,https://news.ycombinator.com/item?id=49845891,negative,quality
GPT-6 Sol/Luna (Sep 24-27),hacker_news,49845748,https://news.ycombinator.com/item?id=49845748,positive,
GPT-6 Sol/Luna (Sep 24-27),hacker_news,49842185,https://news.ycombinator.com/item?id=49842185,irrelevant,
GPT-6 Sol/Luna (Sep 24-27),hacker_news,49841785,https://news.ycombinator.com/item?id=49841785,neutral,
GPT-6 Sol/Luna (Sep 24-27),hacker_news,49835237,https://news.ycombinator.com/item?id=49835237,neutral,
GPT-6 Sol/Luna (Sep 24-27),hacker_news,49834822,https://news.ycombinator.com/item?id=49834822,positive,
GPT-6 Sol/Luna (Sep 24-27),hacker_news,49834814,https://news.ycombinator.com/item?id=49834814,irrelevant,
GPT-6 Sol/Luna (Sep 24-27),hacker_news,49834543,https://news.ycombinator.com/item?id=49834543,irrelevant,
GPT-6 Sol/Luna (Sep 24-27),hacker_news,49832280,https://news.ycombinator.com/item?id=49832280,irrelevant,
GPT-6 Sol/Luna (Sep 24-27),hacker_news,49827255,https://news.ycombinator.com/item?id=49827255,irrelevant,
GPT-6 Sol/Luna (Sep 24-27),x,2103634941137571998,https://x.com/reeder1865/status/2103634941137571998,positive,
GPT-6 Sol/Luna (Sep 24-27),x,2103634058110460383,https://x.com/balit_mario/status/2103634058110460383,neutral,
GPT-6 Sol/Luna (Sep 24-27),x,2103633737254863321,https://x.com/mrizkimurtadha/status/2103633737254863321,neutral,
GPT-6 Sol/Luna (Sep 24-27),x,2103631694439801043,https://x.com/k0stysh/status/2103631694439801043,negative,quality
GPT-6 Sol/Luna (Sep 24-27),x,2103626667222515856,https://x.com/noclipepe/status/2103626667222515856,positive,
GPT-6 Sol/Luna (Sep 24-27),x,2103626576852353524,https://x.com/Lucas_Ol1337/status/2103626576852353524,irrelevant,
GPT-6 Sol/Luna (Sep 24-27),x,2103626214971973761,https://x.com/AIMachineDream/status/2103626214971973761,irrelevant,
GPT-6 Sol/Luna (Sep 24-27),x,2103626183606996992,https://x.com/0xVibly/status/2103626183606996992,positive,
GPT-6 Sol/Luna (Sep 24-27),x,2103624836664680766,https://x.com/farmchainguy/status/2103624836664680766,negative,quality
GPT-6 Sol/Luna (Sep 24-27),x,2103624614522060866,https://x.com/marklynchdev/status/2103624614522060866,negative,other
GPT-6 Sol/Luna (Sep 24-27),x,2103624362934862041,https://x.com/mindagames/status/2103624362934862041,positive,
GPT-6 Sol/Luna (Sep 24-27),x,2103623986038837489,https://x.com/chanatundev/status/2103623986038837489,positive,
GPT-6 Sol/Luna (Sep 24-27),x,2103621858604335248,https://x.com/notomarsol/status/2103621858604335248,neutral,
GPT-6 Sol/Luna (Sep 24-27),x,2103621143055999328,https://x.com/Albatrozshadow/status/2103621143055999328,negative,other
GPT-6 Sol/Luna (Sep 24-27),x,2103620661579334086,https://x.com/FilmSparkAI/status/2103620661579334086,irrelevant,
GPT-6 Sol/Luna (Sep 24-27),x,2103620625600270571,https://x.com/StevenDarlow/status/2103620625600270571,negative,quality
GPT-6 Sol/Luna (Sep 24-27),x,2103620318522966074,https://x.com/GutNews247/status/2103620318522966074,irrelevant,
GPT-6 Sol/Luna (Sep 24-27),x,2103997768943677461,https://x.com/PiRaticus/status/2103997768943677461,negative,quality
GPT-6 Sol/Luna (Sep 24-27),x,2103993814000255332,https://x.com/CryptoPraetoria/status/2103993814000255332,negative,quality
GPT-6 Sol/Luna (Sep 24-27),x,2103993017048715424,https://x.com/haider1/status/2103993017048715424,negative,quality
GPT-6 Sol/Luna (Sep 24-27),x,2103992682225991746,https://x.com/0xLCZ/status/2103992682225991746,neutral,
GPT-6 Sol/Luna (Sep 24-27),x,2103992590026858719,https://x.com/crackalamoo/status/2103992590026858719,negative,price_limits
GPT-6 Sol/Luna (Sep 24-27),x,2103992524390170766,https://x.com/gubatron/status/2103992524390170766,positive,
GPT-6 Sol/Luna (Sep 24-27),x,2103989627207954711,https://x.com/PiRaticus/status/2103989627207954711,negative,quality
GPT-6 Sol/Luna (Sep 24-27),x,2103985970785755170,https://x.com/so_sthbryan/status/2103985970785755170,irrelevant,
GPT-6 Sol/Luna (Sep 24-27),x,2103985425530384559,https://x.com/sirjiblo/status/2103985425530384559,irrelevant,
GPT-6 Sol/Luna (Sep 24-27),x,2103985328558379101,https://x.com/ReubenRoy10/status/2103985328558379101,positive,
GPT-6 Sol/Luna (Sep 24-27),x,2103984903771828478,https://x.com/MikeLeiterDev/status/2103984903771828478,negative,quality
GPT-6 Sol/Luna (Sep 24-27),x,2103984391546449981,https://x.com/ZooCodeDev/status/2103984391546449981,irrelevant,
GPT-6 Sol/Luna (Sep 24-27),x,2103984262647329068,https://x.com/ethan_marreel/status/2103984262647329068,neutral,
GPT-6 Sol/Luna (Sep 24-27),x,2103983386872488029,https://x.com/buildlistxyz/status/2103983386872488029,irrelevant,
GPT-6 Sol/Luna (Sep 24-27),x,2103977962605281590,https://x.com/dnncha/status/2103977962605281590,irrelevant,
GPT-6 Sol/Luna (Sep 24-27),x,2103977797152846005,https://x.com/PiRaticus/status/2103977797152846005,negative,quality
GPT-6 Sol/Luna (Sep 24-27),x,2103977480831066355,https://x.com/ColumbusLabsCo/status/2103977480831066355,neutral,
GPT-6 Sol/Luna (Sep 24-27),x,2103977412937543771,https://x.com/jailbreakersAI/status/2103977412937543771,positive,
GPT-6 Sol/Luna (Sep 24-27),x,2103272797191733389,https://x.com/kamkmgamer/status/2103272797191733389,negative,quality
GPT-6 Sol/Luna (Sep 24-27),x,2103271911354663281,https://x.com/ww2enjoyer/status/2103271911354663281,negative,quality
GPT-6 Sol/Luna (Sep 24-27),x,2103271502791770196,https://x.com/nastarstroberi/status/2103271502791770196,negative,quality
GPT-6 Sol/Luna (Sep 24-27),x,2103271030672564491,https://x.com/TryNitoAI/status/2103271030672564491,neutral,
GPT-6 Sol/Luna (Sep 24-27),x,2103270761318240284,https://x.com/ZetaChain/status/2103270761318240284,irrelevant,
GPT-6 Sol/Luna (Sep 24-27),x,2103270581156139298,https://x.com/stevencasteelX/status/2103270581156139298,negative,quality
GPT-6 Sol/Luna (Sep 24-27),x,2103270530887684327,https://x.com/TryNitoAI/status/2103270530887684327,neutral,
GPT-6 Sol/Luna (Sep 24-27),x,2103268503059095959,https://x.com/reapi_api/status/2103268503059095959,irrelevant,
GPT-6 Sol/Luna (Sep 24-27),x,2103268489821815168,https://x.com/FermixAI/status/2103268489821815168,irrelevant,
GPT-6 Sol/Luna (Sep 24-27),x,2103268475716374977,https://x.com/reapi_api/status/2103268475716374977,irrelevant,
GPT-6 Sol/Luna (Sep 24-27),x,2103268388592329150,https://x.com/reapi_api/status/2103268388592329150,irrelevant,
GPT-6 Sol/Luna (Sep 24-27),x,2103267993920721035,https://x.com/Ascendancydota/status/2103267993920721035,negative,other
GPT-6 Sol/Luna (Sep 24-27),x,2103267943526113771,https://x.com/reliabytes/status/2103267943526113771,positive,
GPT-6 Sol/Luna (Sep 24-27),x,2103267931249664185,https://x.com/PatrickMoorhead/status/2103267931249664185,positive,
GPT-6 Sol/Luna (Sep 24-27),x,2103267773015069034,https://x.com/stevencasteelX/status/2103267773015069034,irrelevant,
GPT-6 Sol/Luna (Sep 24-27),x,2103267056519180489,https://x.com/henloitsjoyce/status/2103267056519180489,irrelevant,
GPT-6 Sol/Luna (Sep 24-27),x,2103266742692925607,https://x.com/stevencheng/status/2103266742692925607,negative,other
GPT-6 Sol/Luna (Sep 24-27),x,2103266143947362336,https://x.com/chevonphillip/status/2103266143947362336,positive,
GPT-6 Sol/Luna (Sep 24-27),x,2103493431238570124,https://x.com/quadcode_ai/status/2103493431238570124,irrelevant,
GPT-6 Sol/Luna (Sep 24-27),x,2103504822129570263,https://x.com/lucastohdev/status/2103504822129570263,negative,quality
GPT-6 Sol/Luna (Sep 24-27),x,2103433515240935434,https://x.com/AverinKai/status/2103433515240935434,irrelevant,
GPT-6 Sol/Luna (Sep 24-27),x,2103572481206538439,https://x.com/arena/status/2103572481206538439,positive,
GPT-6 Sol/Luna (Sep 24-27),x,2103477810295697865,https://x.com/bridgemindai/status/2103477810295697865,positive,
GPT-6 Sol/Luna (Sep 24-27),x,2103591708139405433,https://x.com/mirku21/status/2103591708139405433,negative,safeguards
GPT-6 Sol/Luna (Sep 24-27),x,2103463843607294404,https://x.com/magica_ai/status/2103463843607294404,irrelevant,
GPT-6 Sol/Luna (Sep 24-27),x,2103336912689697254,https://x.com/SPAC89/status/2103336912689697254,positive,
GPT-6 Sol/Luna (Sep 24-27),x,2103388418164310443,https://x.com/itsvishaltwt/status/2103388418164310443,neutral,
GPT-6 Sol/Luna (Sep 24-27),x,2103366703216541771,https://x.com/Its_lakshya_ai/status/2103366703216541771,negative,quality
GPT-6 Sol/Luna (Sep 24-27),x,2103311864813727757,https://x.com/CodexReleases/status/2103311864813727757,irrelevant,
GPT-6 Sol/Luna (Sep 24-27),x,2103616400430391513,https://x.com/ZentrixHQ/status/2103616400430391513,irrelevant,
GPT-6 Sol/Luna (Sep 24-27),x,2103351755971207251,https://x.com/tonysurix/status/2103351755971207251,neutral,
GPT-6 Sol/Luna (Sep 24-27),x,2103388602944176255,https://x.com/sahilvermaai/status/2103388602944176255,positive,
GPT-6 Sol/Luna (Sep 24-27),x,2103292378303893829,https://x.com/AnumaAI/status/2103292378303893829,irrelevant,
GPT-6 Sol/Luna (Sep 24-27),x,2103564444416594424,https://x.com/bluumik/status/2103564444416594424,positive,
GPT-6 Sol/Luna (Sep 24-27),x,2103552359892951095,https://x.com/Gegam245074/status/2103552359892951095,negative,quality
GPT-6 Sol/Luna (Sep 24-27),x,2103889384953303105,https://x.com/socialwithaayan/status/2103889384953303105,irrelevant,
GPT-6 Sol/Luna (Sep 24-27),x,2103904108361187773,https://x.com/LzyIndTky/status/2103904108361187773,negative,price_limits
GPT-6 Sol/Luna (Sep 24-27),x,2103926831141335421,https://x.com/AIonBase_/status/2103926831141335421,irrelevant,
GPT-6 Sol/Luna (Sep 24-27),x,2103803242018980336,https://x.com/AnkanXplorer/status/2103803242018980336,irrelevant,
GPT-6 Sol/Luna (Sep 24-27),x,2103942038886531322,https://x.com/goodworse/status/2103942038886531322,positive,
GPT-6 Sol/Luna (Sep 24-27),x,2103781600026894747,https://x.com/humzaakhalid/status/2103781600026894747,neutral,
GPT-6 Sol/Luna (Sep 24-27),x,2103765358637416896,https://x.com/chetanankola/status/2103765358637416896,positive,
GPT-6 Sol/Luna (Sep 24-27),x,2103840841089348014,https://x.com/TokenGremlin/status/2103840841089348014,positive,
GPT-6 Sol/Luna (Sep 24-27),x,2103872422420365314,https://x.com/StatsWire/status/2103872422420365314,irrelevant,
GPT-6 Sol/Luna (Sep 24-27),x,2103874150540435614,https://x.com/DevAdventur3s/status/2103874150540435614,irrelevant,
GPT-6 Sol/Luna (Sep 24-27),x,2103822391465951555,https://x.com/zefirium/status/2103822391465951555,irrelevant,
GPT-6 Sol/Luna (Sep 24-27),x,2103882366339203308,https://x.com/LudiArena/status/2103882366339203308,neutral,
GPT-6 Sol/Luna (Sep 24-27),x,2103016651138683386,https://x.com/aiedge_/status/2103016651138683386,irrelevant,
GPT-6 Sol/Luna (Sep 24-27),x,2103044907162337673,https://x.com/codeMdSanto/status/2103044907162337673,positive,
GPT-6 Sol/Luna (Sep 24-27),x,2103026209361719406,https://x.com/PawelHuryn/status/2103026209361719406,negative,quality
GPT-6 Sol/Luna (Sep 24-27),x,2103075097611280685,https://x.com/bridgemindai/status/2103075097611280685,positive,
GPT-6 Sol/Luna (Sep 24-27),x,2103177310287650970,https://x.com/ai_for_success/status/2103177310287650970,irrelevant,
GPT-6 Sol/Luna (Sep 24-27),x,2103144263735562388,https://x.com/EnvolDev/status/2103144263735562388,neutral,
GPT-6 Sol/Luna (Sep 24-27),x,2103088305671975311,https://x.com/sairahul1/status/2103088305671975311,positive,
GPT-6 Sol/Luna (Sep 24-27),x,2103043479568035903,https://x.com/atlas_cloud_ai/status/2103043479568035903,irrelevant,
GPT-6 Sol/Luna (Sep 24-27),x,2103210975612780824,https://x.com/arena/status/2103210975612780824,positive,
GPT-6 Sol/Luna (Sep 24-27),x,2103218665835344157,https://x.com/allanktumu/status/2103218665835344157,negative,quality
GPT-6 Sol/Luna (Sep 24-27),x,2103080346539774102,https://x.com/_ak_111/status/2103080346539774102,irrelevant,
GPT-6 Sol/Luna (Sep 24-27),x,2103262272047210943,https://x.com/andonlabs/status/2103262272047210943,negative,safeguards
GPT-6 Sol/Luna (Sep 24-27),x,2103031320695996790,https://x.com/TheUltimate_AI/status/2103031320695996790,positive,
GPT-6 Sol/Luna (Sep 24-27),x,2103092153001873705,https://x.com/marfinxx/status/2103092153001873705,neutral,
GPT-6 Sol/Luna (Sep 24-27),x,2103206463061794845,https://x.com/daniel_mac8/status/2103206463061794845,positive,
GPT-6 Sol/Luna (Sep 24-27),x,2103133191225938303,https://x.com/melvindvivas/status/2103133191225938303,irrelevant,
GPT-6 Sol/Luna (Sep 24-27),x,2103125276653707749,https://x.com/rewind02/status/2103125276653707749,neutral,
GPT-6 Sol/Luna (Sep 24-27),x,2103620081137705165,https://x.com/Danat_Sh/status/2103620081137705165,negative,other
GPT-6 Sol/Luna (Sep 24-27),x,2103618525810061471,https://x.com/TomasPuelma/status/2103618525810061471,negative,other
GPT-6 Sol/Luna (Sep 24-27),x,2103618204287303959,https://x.com/macintoch/status/2103618204287303959,negative,other
GPT-6 Sol/Luna (Sep 24-27),x,2103617457235837198,https://x.com/hipreetam93/status/2103617457235837198,negative,quality
GPT-6 Sol/Luna (Sep 24-27),x,2103617248502092160,https://x.com/kisharora/status/2103617248502092160,negative,quality
GPT-6 Sol/Luna (Sep 24-27),x,2103617173809721505,https://x.com/not_sacke/status/2103617173809721505,irrelevant,
GPT-6 Sol/Luna (Sep 24-27),x,2103617062065336511,https://x.com/bradsaudit/status/2103617062065336511,neutral,
GPT-6 Sol/Luna (Sep 24-27),x,2103617022164877485,https://x.com/EthGoldi/status/2103617022164877485,neutral,
GPT-6 Sol/Luna (Sep 24-27),x,2103615791103180911,https://x.com/zohar_tito/status/2103615791103180911,positive,
GPT-6 Sol/Luna (Sep 24-27),x,2103614746473935030,https://x.com/lunkertw/status/2103614746473935030,neutral,
GPT-6 Sol/Luna (Sep 24-27),x,2103614466260951548,https://x.com/YaBoiBigDawg/status/2103614466260951548,positive,
GPT-6 Sol/Luna (Sep 24-27),x,2103614242314174918,https://x.com/brannonhogue/status/2103614242314174918,negative,quality
GPT-6 Sol/Luna (Sep 24-27),x,2103613175048306802,https://x.com/braintrust/status/2103613175048306802,irrelevant,
GPT-6 Sol/Luna (Sep 24-27),x,2103613060380324215,https://x.com/TraTTow_br/status/2103613060380324215,negative,quality
GPT-6 Sol/Luna (Sep 24-27),x,2103613018034835778,https://x.com/secondfirst_ai/status/2103613018034835778,negative,price_limits
GPT-6 Sol/Luna (Sep 24-27),x,2103612760437178792,https://x.com/disusered/status/2103612760437178792,positive,
GPT-6 Sol/Luna (Sep 24-27),x,2103611747018166462,https://x.com/mrmichaeljstew/status/2103611747018166462,irrelevant,
GPT-6 Sol/Luna (Sep 24-27),x,2103977012012752972,https://x.com/Prathkum/status/2103977012012752972,irrelevant,
GPT-6 Sol/Luna (Sep 24-27),x,2103975763670413341,https://x.com/rpati999/status/2103975763670413341,negative,quality
GPT-6 Sol/Luna (Sep 24-27),x,2103975404155404763,https://x.com/MekoStarchild/status/2103975404155404763,neutral,
GPT-6 Sol/Luna (Sep 24-27),x,2103974462022680623,https://x.com/itsvlady/status/2103974462022680623,negative,quality
GPT-6 Sol/Luna (Sep 24-27),x,2103974023688257593,https://x.com/kayhantolga/status/2103974023688257593,negative,other
GPT-6 Sol/Luna (Sep 24-27),x,2103973596616146980,https://x.com/evadne/status/2103973596616146980,negative,safeguards
GPT-6 Sol/Luna (Sep 24-27),x,2103973501480939787,https://x.com/ptremblay/status/2103973501480939787,irrelevant,
GPT-6 Sol/Luna (Sep 24-27),x,2103972947492827334,https://x.com/MarMarLabs/status/2103972947492827334,irrelevant,
GPT-6 Sol/Luna (Sep 24-27),x,2103972944833581554,https://x.com/MarMarLabs/status/2103972944833581554,negative,quality
GPT-6 Sol/Luna (Sep 24-27),x,2103972744140312838,https://x.com/alper_turhan/status/2103972744140312838,positive,
GPT-6 Sol/Luna (Sep 24-27),x,2103967905872564388,https://x.com/KrishChhabra25/status/2103967905872564388,irrelevant,
GPT-6 Sol/Luna (Sep 24-27),x,2103967880396394965,https://x.com/dummerspast39/status/2103967880396394965,negative,quality
GPT-6 Sol/Luna (Sep 24-27),x,2103966439552209268,https://x.com/thingdotcom/status/2103966439552209268,negative,price_limits
GPT-6 Sol/Luna (Sep 24-27),x,2103965344733823479,https://x.com/aaronpitters/status/2103965344733823479,positive,
GPT-6 Sol/Luna (Sep 24-27),x,2103963685722968201,https://x.com/AstroJake/status/2103963685722968201,irrelevant,
GPT-6 Sol/Luna (Sep 24-27),x,2103963473789010237,https://x.com/Aut4rk/status/2103963473789010237,irrelevant,
GPT-6 Sol/Luna (Sep 24-27),x,2103265716090876174,https://x.com/lukaspet/status/2103265716090876174,negative,safeguards
GPT-6 Sol/Luna (Sep 24-27),x,2103265453762326810,https://x.com/0xrsydn/status/2103265453762326810,negative,quality
GPT-6 Sol/Luna (Sep 24-27),x,2103265133283930348,https://x.com/shadowaguy/status/2103265133283930348,negative,quality
GPT-6 Sol/Luna (Sep 24-27),x,2103264983337640255,https://x.com/Pellorao/status/2103264983337640255,negative,price_limits
GPT-6 Sol/Luna (Sep 24-27),x,2103264922847338598,https://x.com/Signal_65/status/2103264922847338598,positive,
GPT-6 Sol/Luna (Sep 24-27),x,2103264022489698691,https://x.com/andonlabs/status/2103264022489698691,positive,
GPT-6 Sol/Luna (Sep 24-27),x,2103263976838836531,https://x.com/Pellorao/status/2103263976838836531,negative,price_limits
GPT-6 Sol/Luna (Sep 24-27),x,2103263792834519517,https://x.com/itsvlady/status/2103263792834519517,negative,quality
GPT-6 Sol/Luna (Sep 24-27),x,2103263231808819598,https://x.com/Signal_65/status/2103263231808819598,positive,
GPT-6 Sol/Luna (Sep 24-27),x,2103262824114077752,https://x.com/remakebench/status/2103262824114077752,irrelevant,
GPT-6 Sol/Luna (Sep 24-27),x,2103261726057828370,https://x.com/MichaelM_117/status/2103261726057828370,positive,
GPT-6 Sol/Luna (Sep 24-27),x,2103260723464028198,https://x.com/chooi_jeq/status/2103260723464028198,positive,
GPT-6 Sol/Luna (Sep 24-27),x,2103260362594263305,https://x.com/nocodemba/status/2103260362594263305,irrelevant,
GPT-6 Sol/Luna (Sep 24-27),x,2103260121774313854,https://x.com/jimmy_longbow_/status/2103260121774313854,neutral,
GPT-6 Sol/Luna (Sep 24-27),x,2103260021266284598,https://x.com/Em_Nomadic/status/2103260021266284598,positive,
GPT-6 Sol/Luna (Sep 24-27),x,2103259767645028566,https://x.com/Jesssenewt/status/2103259767645028566,negative,quality
GPT-6 Sol/Luna (Sep 24-27),x,2103259199459492076,https://x.com/aquilesfd/status/2103259199459492076,positive,
GPT-6 Sol/Luna (Sep 24-27),x,2103920228245844367,https://x.com/raja_saikia_/status/2103920228245844367,negative,quality
GPT-6 Sol/Luna (Sep 24-27),x,2103799017646002318,https://x.com/AbhiCodes15/status/2103799017646002318,irrelevant,
GPT-6 Sol/Luna (Sep 24-27),x,2103849627623838174,https://x.com/Im_IrushiK/status/2103849627623838174,negative,other
GPT-6 Sol/Luna (Sep 24-27),x,2103871536637596000,https://x.com/0xtobiet_/status/2103871536637596000,irrelevant,
GPT-6 Sol/Luna (Sep 24-27),x,2103907847264502050,https://x.com/argofowl/status/2103907847264502050,negative,quality
GPT-6 Sol/Luna (Sep 24-27),x,2103921141090037850,https://x.com/rojiuranonaka/status/2103921141090037850,neutral,
GPT-6 Sol/Luna (Sep 24-27),x,2103922300852863470,https://x.com/argofowl/status/2103922300852863470,positive,
GPT-6 Sol/Luna (Sep 24-27),x,2103907856609325467,https://x.com/ShubhamMal72313/status/2103907856609325467,negative,price_limits
GPT-6 Sol/Luna (Sep 24-27),x,2103798606733902329,https://x.com/TheAIShrink/status/2103798606733902329,neutral,
GPT-6 Sol/Luna (Sep 24-27),x,2103898016067239969,https://x.com/chemixskrix/status/2103898016067239969,positive,
GPT-6 Sol/Luna (Sep 24-27),x,2103797838492967023,https://x.com/heylabyrinth/status/2103797838492967023,irrelevant,
GPT-6 Sol/Luna (Sep 24-27),x,2103908627182481554,https://x.com/UNIT_800/status/2103908627182481554,neutral,
GPT-6 Sol/Luna (Sep 24-27),x,2103870062969156079,https://x.com/PromptMatrixAI/status/2103870062969156079,neutral,
GPT-6 Sol/Luna (Sep 24-27),x,2102980188128628816,https://x.com/Egline_Samoei/status/2102980188128628816,irrelevant,
GPT-6 Sol/Luna (Sep 24-27),x,2102986393622646852,https://x.com/humzaakhalid/status/2102986393622646852,irrelevant,
GPT-6 Sol/Luna (Sep 24-27),x,2103069411636863012,https://x.com/Trae_ai/status/2103069411636863012,irrelevant,
GPT-6 Sol/Luna (Sep 24-27),x,2103008360174121365,https://x.com/SahilExec/status/2103008360174121365,positive,
GPT-6 Sol/Luna (Sep 24-27),x,2103023039743189138,https://x.com/minara/status/2103023039743189138,irrelevant,
GPT-6 Sol/Luna (Sep 24-27),x,2103125322673615252,https://x.com/allnews44u/status/2103125322673615252,irrelevant,
GPT-6 Sol/Luna (Sep 24-27),x,2102972781495566455,https://x.com/kimmonismus/status/2102972781495566455,irrelevant,
GPT-6 Sol/Luna (Sep 24-27),x,2103106070549757960,https://x.com/0xPascual/status/2103106070549757960,positive,
GPT-6 Sol/Luna (Sep 24-27),x,2103116743627403269,https://x.com/paddix/status/2103116743627403269,irrelevant,
GPT-6 Sol/Luna (Sep 24-27),x,2102963188929122749,https://x.com/The_Cryptiq/status/2102963188929122749,irrelevant,
GPT-6 Sol/Luna (Sep 24-27),x,2102960465563603211,https://x.com/livemint/status/2102960465563603211,irrelevant,
GPT-6 Sol/Luna (Sep 24-27),x,2103108736999211121,https://x.com/lucastohdev/status/2103108736999211121,positive,
GPT-6 Sol/Luna (Sep 24-27),x,2103067170699710948,https://x.com/PovilasKorop/status/2103067170699710948,neutral,
GPT-6 Sol/Luna (Sep 24-27),x,2102925995414008310,https://x.com/haider1/status/2102925995414008310,positive,
GPT-6 Sol/Luna (Sep 24-27),x,2103111460083916801,https://x.com/ElsaSofia__AI/status/2103111460083916801,positive,
GPT-6 Sol/Luna (Sep 24-27),x,2102926354807218618,https://x.com/DanielSmidstrup/status/2102926354807218618,negative,quality
GPT-6 Sol/Luna (Sep 24-27),x,2103165270449910135,https://x.com/Theoluckyy/status/2103165270449910135,irrelevant,
GPT-6 Sol/Luna (Sep 24-27),x,2102918730871136310,https://x.com/YouArtStudio/status/2102918730871136310,irrelevant,
GPT-6 Sol/Luna (Sep 24-27),x,2103609407154123242,https://x.com/marfinxx/status/2103609407154123242,neutral,
GPT-6 Sol/Luna (Sep 24-27),x,2103455761330221438,https://x.com/marfinxx/status/2103455761330221438,neutral,
GPT-6 Sol/Luna (Sep 24-27),x,2103510479499153748,https://x.com/ai_for_success/status/2103510479499153748,negative,quality
GPT-6 Sol/Luna (Sep 24-27),x,2103507327999529154,https://x.com/aimlapi/status/2103507327999529154,negative,quality
GPT-6 Sol/Luna (Sep 24-27),x,2103522091844997161,https://x.com/DataChaz/status/2103522091844997161,negative,quality
GPT-6 Sol/Luna (Sep 24-27),x,2103282586055213355,https://x.com/EnvolDev/status/2103282586055213355,neutral,
GPT-6 Sol/Luna (Sep 24-27),x,2103535499210293374,https://x.com/sumrexromanus/status/2103535499210293374,positive,
GPT-6 Sol/Luna (Sep 24-27),x,2103566772024791076,https://x.com/EnactraAI/status/2103566772024791076,positive,
GPT-6 Sol/Luna (Sep 24-27),x,2103371746548301834,https://x.com/ma_aim2/status/2103371746548301834,irrelevant,
GPT-6 Sol/Luna (Sep 24-27),x,2103579039290077358,https://x.com/RoundtableSpace/status/2103579039290077358,positive,
GPT-6 Sol/Luna (Sep 24-27),x,2103589098103402580,https://x.com/misat0x/status/2103589098103402580,irrelevant,
GPT-6 Sol/Luna (Sep 24-27),x,2103529022298661190,https://x.com/TopoWeaverIO/status/2103529022298661190,neutral,
GPT-6 Sol/Luna (Sep 24-27),x,2103280912335249449,https://x.com/normalfactoryco/status/2103280912335249449,positive,
GPT-6 Sol/Luna (Sep 24-27),x,2103289693865713935,https://x.com/remakebench/status/2103289693865713935,irrelevant,
GPT-6 Sol/Luna (Sep 24-27),x,2103551956098674957,https://x.com/RealFedeURU/status/2103551956098674957,irrelevant,
GPT-6 Sol/Luna (Sep 24-27),x,2103541421668200461,https://x.com/joelnadarai/status/2103541421668200461,irrelevant,
GPT-6 Sol/Luna (Sep 24-27),x,2103963285934715022,https://x.com/R2Cdev_/status/2103963285934715022,positive,
GPT-6 Sol/Luna (Sep 24-27),x,2103963247380418829,https://x.com/labmosaic/status/2103963247380418829,negative,quality
GPT-6 Sol/Luna (Sep 24-27),x,2103962573645525459,https://x.com/SilasHelyfts/status/2103962573645525459,irrelevant,
GPT-6 Sol/Luna (Sep 24-27),x,2103960470093017546,https://x.com/PeterOkwara/status/2103960470093017546,positive,
GPT-6 Sol/Luna (Sep 24-27),x,2103960364350378347,https://x.com/techday_au/status/2103960364350378347,irrelevant,
GPT-6 Sol/Luna (Sep 24-27),x,2103959982010228964,https://x.com/Sloedoen10/status/2103959982010228964,irrelevant,
GPT-6 Sol/Luna (Sep 24-27),x,2103959629046878381,https://x.com/makuchaku/status/2103959629046878381,irrelevant,
GPT-6 Sol/Luna (Sep 24-27),x,2103959103848726770,https://x.com/WeLivetoServe/status/2103959103848726770,neutral,
GPT-6 Sol/Luna (Sep 24-27),x,2103958706555584518,https://x.com/Alek_Mitch/status/2103958706555584518,negative,quality
GPT-6 Sol/Luna (Sep 24-27),x,2103957873822777801,https://x.com/sudo_trader/status/2103957873822777801,neutral,
GPT-6 Sol/Luna (Sep 24-27),x,2103957029849039017,https://x.com/afrikha44/status/2103957029849039017,positive,
GPT-6 Sol/Luna (Sep 24-27),x,2103956062248353849,https://x.com/techikansh/status/2103956062248353849,negative,other
GPT-6 Sol/Luna (Sep 24-27),x,2103955960481882428,https://x.com/bradthomasbrown/status/2103955960481882428,negative,other
GPT-6 Sol/Luna (Sep 24-27),x,2103955493253480612,https://x.com/mert_sosyal1/status/2103955493253480612,irrelevant,
GPT-6 Sol/Luna (Sep 24-27),x,2103955050322071741,https://x.com/bradthomasbrown/status/2103955050322071741,negative,other
GPT-6 Sol/Luna (Sep 24-27),x,2103953456734061028,https://x.com/PeterOkwara/status/2103953456734061028,positive,
GPT-6 Sol/Luna (Sep 24-27),x,2103611654672142675,https://x.com/jailbreakersAI/status/2103611654672142675,neutral,
GPT-6 Sol/Luna (Sep 24-27),x,2103611288048079249,https://x.com/meine___meinung/status/2103611288048079249,negative,quality
GPT-6 Sol/Luna (Sep 24-27),x,2103609626403184910,https://x.com/SiDragenn/status/2103609626403184910,negative,other
GPT-6 Sol/Luna (Sep 24-27),x,2103607150798889132,https://x.com/aaronbuley/status/2103607150798889132,irrelevant,
GPT-6 Sol/Luna (Sep 24-27),x,2103607089738416596,https://x.com/easyldur/status/2103607089738416596,positive,
GPT-6 Sol/Luna (Sep 24-27),x,2103606676796654022,https://x.com/rohit3a/status/2103606676796654022,negative,quality
GPT-6 Sol/Luna (Sep 24-27),x,2103606010082476187,https://x.com/professor_filo/status/2103606010082476187,negative,quality
GPT-6 Sol/Luna (Sep 24-27),x,2103605474864054495,https://x.com/BrunoFerre30405/status/2103605474864054495,positive,
GPT-6 Sol/Luna (Sep 24-27),x,2103604590461723051,https://x.com/BrunoFerre30405/status/2103604590461723051,positive,
GPT-6 Sol/Luna (Sep 24-27),x,2103604443098783907,https://x.com/Podex_AI/status/2103604443098783907,negative,other
GPT-6 Sol/Luna (Sep 24-27),x,2103602932411470100,https://x.com/kaizookonpaku/status/2103602932411470100,negative,quality
GPT-6 Sol/Luna (Sep 24-27),x,2103601859004887096,https://x.com/rudi_bakken/status/2103601859004887096,irrelevant,
GPT-6 Sol/Luna (Sep 24-27),x,2103601752851234942,https://x.com/mrlnonai/status/2103601752851234942,positive,
GPT-6 Sol/Luna (Sep 24-27),x,2103601591840559207,https://x.com/decodewithrudra/status/2103601591840559207,irrelevant,
GPT-6 Sol/Luna (Sep 24-27),x,2103601572240351618,https://x.com/zwb44/status/2103601572240351618,irrelevant,
GPT-6 Sol/Luna (Sep 24-27),x,2103601469803171926,https://x.com/0xburden/status/2103601469803171926,irrelevant,
GPT-6 Sol/Luna (Sep 24-27),x,2103600930705043795,https://x.com/InferenceWars/status/2103600930705043795,negative,quality
GPT-6 Sol/Luna (Sep 24-27),x,2103258786160877881,https://x.com/be_arsh/status/2103258786160877881,negative,quality
GPT-6 Sol/Luna (Sep 24-27),x,2103258230491406485,https://x.com/leodev/status/2103258230491406485,irrelevant,
GPT-6 Sol/Luna (Sep 24-27),x,2103257465379062184,https://x.com/every/status/2103257465379062184,negative,quality
GPT-6 Sol/Luna (Sep 24-27),x,2103257225439367561,https://x.com/Jesssenewt/status/2103257225439367561,negative,quality
GPT-6 Sol/Luna (Sep 24-27),x,2103256780574715957,https://x.com/danilovisky93/status/2103256780574715957,neutral,
GPT-6 Sol/Luna (Sep 24-27),x,2103256624664338525,https://x.com/aquilesfd/status/2103256624664338525,neutral,
GPT-6 Sol/Luna (Sep 24-27),x,2103256615369552346,https://x.com/soyoctaviosimon/status/2103256615369552346,negative,quality
GPT-6 Sol/Luna (Sep 24-27),x,2103256586076475619,https://x.com/danilovisky93/status/2103256586076475619,negative,other
GPT-6 Sol/Luna (Sep 24-27),x,2103255955966427382,https://x.com/JDWang11/status/2103255955966427382,positive,
GPT-6 Sol/Luna (Sep 24-27),x,2103255556727423037,https://x.com/SuryaSelva70845/status/2103255556727423037,positive,
GPT-6 Sol/Luna (Sep 24-27),x,2103255494525940189,https://x.com/marcgayle/status/2103255494525940189,positive,
GPT-6 Sol/Luna (Sep 24-27),x,2103255388745281720,https://x.com/aquilesfd/status/2103255388745281720,positive,
GPT-6 Sol/Luna (Sep 24-27),x,2103255002991186131,https://x.com/Qubax_Ai/status/2103255002991186131,irrelevant,
GPT-6 Sol/Luna (Sep 24-27),x,2103254629303607716,https://x.com/aquilesfd/status/2103254629303607716,irrelevant,
GPT-6 Sol/Luna (Sep 24-27),x,2103254462320332841,https://x.com/sumosizedginger/status/2103254462320332841,negative,style
GPT-6 Sol/Luna (Sep 24-27),x,2103254403797196948,https://x.com/aquilesfd/status/2103254403797196948,irrelevant,
GPT-6 Sol/Luna (Sep 24-27),x,2103254124292915667,https://x.com/aquilesfd/status/2103254124292915667,positive,
GPT-6 Sol/Luna (Sep 24-27),x,2103253958542200835,https://x.com/SuryaSelva70845/status/2103253958542200835,negative,quality
GPT-6 Sol/Luna (Sep 24-27),x,2103253399135502799,https://x.com/AIDailyBrief/status/2103253399135502799,irrelevant,
GPT-6 Sol/Luna (Sep 24-27),x,2103836216994955481,https://x.com/sebatheepan/status/2103836216994955481,irrelevant,
GPT-6 Sol/Luna (Sep 24-27),x,2103928853156811213,https://x.com/Chriswong/status/2103928853156811213,negative,other
GPT-6 Sol/Luna (Sep 24-27),x,2103771511039627636,https://x.com/elliot_1698/status/2103771511039627636,neutral,
GPT-6 Sol/Luna (Sep 24-27),x,2103813692014121199,https://x.com/jasonkneen/status/2103813692014121199,negative,other
GPT-6 Sol/Luna (Sep 24-27),x,2103934291310977440,https://x.com/GodsBoy7777/status/2103934291310977440,negative,quality
GPT-6 Sol/Luna (Sep 24-27),x,2103892655637672373,https://x.com/r0bin_yz/status/2103892655637672373,positive,
GPT-6 Sol/Luna (Sep 24-27),x,2103817109465899313,https://x.com/kien_hoang18/status/2103817109465899313,negative,quality
GPT-6 Sol/Luna (Sep 24-27),x,2103822843179872262,https://x.com/abyssallD/status/2103822843179872262,positive,
GPT-6 Sol/Luna (Sep 24-27),x,2103849838563733513,https://x.com/AnkanXplorer/status/2103849838563733513,irrelevant,
GPT-6 Sol/Luna (Sep 24-27),x,2103865157210489095,https://x.com/neo_subhamoy/status/2103865157210489095,irrelevant,
GPT-6 Sol/Luna (Sep 24-27),x,2103770931848261788,https://x.com/Genysis_Ai_26/status/2103770931848261788,negative,quality
GPT-6 Sol/Luna (Sep 24-27),x,2103801805616669175,https://x.com/_ak_111/status/2103801805616669175,irrelevant,
GPT-6 Sol/Luna (Sep 24-27),x,2103767334703788428,https://x.com/aGim_asf/status/2103767334703788428,irrelevant,
GPT-6 Sol/Luna (Sep 24-27),x,2103195240924598623,https://x.com/Argona0x/status/2103195240924598623,positive,
GPT-6 Sol/Luna (Sep 24-27),x,2103192492392820852,https://x.com/itsmainstreamtv/status/2103192492392820852,neutral,
GPT-6 Sol/Luna (Sep 24-27),x,2103007651827445998,https://x.com/chetanankola/status/2103007651827445998,negative,quality
GPT-6 Sol/Luna (Sep 24-27),x,2103053990414237866,https://x.com/atlas_remake/status/2103053990414237866,irrelevant,
GPT-6 Sol/Luna (Sep 24-27),x,2103191735920644114,https://x.com/k1rallik/status/2103191735920644114,positive,
GPT-6 Sol/Luna (Sep 24-27),x,2103182682943566115,https://x.com/zzaba_a/status/2103182682943566115,positive,
GPT-6 Sol/Luna (Sep 24-27),x,2102956970294800402,https://x.com/Growmaxofficial/status/2102956970294800402,positive,
GPT-6 Sol/Luna (Sep 24-27),x,2103145510081052909,https://x.com/quadcode_ai/status/2103145510081052909,irrelevant,
GPT-6 Sol/Luna (Sep 24-27),x,2103050168874438912,https://x.com/RealFedeURU/status/2103050168874438912,irrelevant,
GPT-6 Sol/Luna (Sep 24-27),x,2102918449362309209,https://x.com/chetanankola/status/2102918449362309209,positive,
GPT-6 Sol/Luna (Sep 24-27),x,2103035980068557220,https://x.com/Kiana_Liang0609/status/2103035980068557220,irrelevant,
GPT-6 Sol/Luna (Sep 24-27),x,2102950408465338855,https://x.com/shownotover/status/2102950408465338855,neutral,
GPT-6 Sol/Luna (Sep 24-27),x,2103159269780574512,https://x.com/goodworse/status/2103159269780574512,positive,
GPT-6 Sol/Luna (Sep 24-27),x,2103229289940275359,https://x.com/mirku21/status/2103229289940275359,negative,quality
GPT-6 Sol/Luna (Sep 24-27),x,2103137657031360935,https://x.com/usedotai/status/2103137657031360935,irrelevant,
GPT-6 Sol/Luna (Sep 24-27),x,2103227982659698996,https://x.com/Argona0x/status/2103227982659698996,negative,price_limits
GPT-6 Sol/Luna (Sep 24-27),x,2103562836920422779,https://x.com/jahooma/status/2103562836920422779,positive,
GPT-6 Sol/Luna (Sep 24-27),x,2103571568467288451,https://x.com/arena/status/2103571568467288451,positive,
GPT-6 Sol/Luna (Sep 24-27),x,2103380829288443941,https://x.com/pengsonal/status/2103380829288443941,irrelevant,
GPT-6 Sol/Luna (Sep 24-27),x,2103543298077905338,https://x.com/mhmazur/status/2103543298077905338,neutral,
GPT-6 Sol/Luna (Sep 24-27),x,2103556670253384117,https://x.com/RobertHaisfield/status/2103556670253384117,positive,
GPT-6 Sol/Luna (Sep 24-27),x,2103575333958021537,https://x.com/ValencianaAbel/status/2103575333958021537,neutral,
GPT-6 Sol/Luna (Sep 24-27),x,2103418676498374848,https://x.com/SahilExec/status/2103418676498374848,positive,
GPT-6 Sol/Luna (Sep 24-27),x,2103440130526871827,https://x.com/shivsakhuja/status/2103440130526871827,positive,
GPT-6 Sol/Luna (Sep 24-27),x,2103478101208666376,https://x.com/bridgebench/status/2103478101208666376,positive,
GPT-6 Sol/Luna (Sep 24-27),x,2103541777361936539,https://x.com/arena/status/2103541777361936539,irrelevant,
GPT-6 Sol/Luna (Sep 24-27),x,2103554495485718902,https://x.com/adhamuxi/status/2103554495485718902,irrelevant,
GPT-6 Sol/Luna (Sep 24-27),x,2103397307051810978,https://x.com/ZentrixHQ/status/2103397307051810978,irrelevant,
GPT-6 Sol/Luna (Sep 24-27),x,2103389273336713307,https://x.com/Token360AI/status/2103389273336713307,irrelevant,
GPT-6 Sol/Luna (Sep 24-27),x,2103522417721176132,https://x.com/Kappaemme1926/status/2103522417721176132,negative,quality
GPT-6 Sol/Luna (Sep 24-27),x,2103392991750611217,https://x.com/hqmank/status/2103392991750611217,negative,quality
GPT-6 Sol/Luna (Sep 24-27),x,2103252687647043837,https://x.com/TokenGremlin/status/2103252687647043837,positive,
GPT-6 Sol/Luna (Sep 24-27),x,2103251663998087566,https://x.com/mp4g2/status/2103251663998087566,negative,quality
GPT-6 Sol/Luna (Sep 24-27),x,2103251150447456606,https://x.com/chooi_jeq/status/2103251150447456606,positive,
GPT-6 Sol/Luna (Sep 24-27),x,2103251148505571397,https://x.com/chooi_jeq/status/2103251148505571397,positive,
GPT-6 Sol/Luna (Sep 24-27),x,2103251073532416249,https://x.com/sebify/status/2103251073532416249,negative,quality
GPT-6 Sol/Luna (Sep 24-27),x,2103250669620912245,https://x.com/ashwinning/status/2103250669620912245,irrelevant,
GPT-6 Sol/Luna (Sep 24-27),x,2103248878535598338,https://x.com/ToonamiAfter/status/2103248878535598338,negative,quality
GPT-6 Sol/Luna (Sep 24-27),x,2103248861741367711,https://x.com/motyka_9/status/2103248861741367711,irrelevant,
GPT-6 Sol/Luna (Sep 24-27),x,2103248800894816370,https://x.com/Tripstr_Hipstr/status/2103248800894816370,positive,
GPT-6 Sol/Luna (Sep 24-27),x,2103953069650415895,https://x.com/Ananth7e/status/2103953069650415895,irrelevant,
GPT-6 Sol/Luna (Sep 24-27),x,2103952782591984084,https://x.com/Ts1nda/status/2103952782591984084,negative,quality
GPT-6 Sol/Luna (Sep 24-27),x,2103952756998385928,https://x.com/AskClash/status/2103952756998385928,positive,
GPT-6 Sol/Luna (Sep 24-27),x,2103949517934698837,https://x.com/seconds_0/status/2103949517934698837,positive,
GPT-6 Sol/Luna (Sep 24-27),x,2103949406387245368,https://x.com/RunAnywhereAI/status/2103949406387245368,negative,quality
GPT-6 Sol/Luna (Sep 24-27),x,2103948963569156381,https://x.com/apocalypseRSA/status/2103948963569156381,negative,style
GPT-6 Sol/Luna (Sep 24-27),x,2103948509820960943,https://x.com/bradthomasbrown/status/2103948509820960943,positive,
GPT-6 Sol/Luna (Sep 24-27),x,2103948118077366697,https://x.com/Masonhck3571/status/2103948118077366697,negative,quality
GPT-6 Sol/Luna (Sep 24-27),x,2103947626903196065,https://x.com/w_s_bitcoin/status/2103947626903196065,neutral,
GPT-6 Sol/Luna (Sep 24-27),x,2103946910847390017,https://x.com/YFarmX/status/2103946910847390017,irrelevant,
GPT-6 Sol/Luna (Sep 24-27),x,2103946420072100117,https://x.com/R2Cdev_/status/2103946420072100117,irrelevant,
GPT-6 Sol/Luna (Sep 24-27),x,2103946154581078049,https://x.com/hakmgpt/status/2103946154581078049,negative,quality
GPT-6 Sol/Luna (Sep 24-27),x,2103945393805598931,https://x.com/jkazard/status/2103945393805598931,neutral,
GPT-6 Sol/Luna (Sep 24-27),x,2103945132559282238,https://x.com/rohit3a/status/2103945132559282238,negative,price_limits
GPT-6 Sol/Luna (Sep 24-27),hacker_news,49872502,https://news.ycombinator.com/item?id=49872502,positive,
GPT-6 Sol/Luna (Sep 24-27),hacker_news,49871234,https://news.ycombinator.com/item?id=49871234,negative,quality
GPT-6 Sol/Luna (Sep 24-27),hacker_news,49870280,https://news.ycombinator.com/item?id=49870280,positive,
GPT-6 Sol/Luna (Sep 24-27),hacker_news,49865269,https://news.ycombinator.com/item?id=49865269,irrelevant,
GPT-6 Sol/Luna (Sep 24-27),x,2104359683729584331,https://x.com/TheKidBuilds/status/2104359683729584331,positive,
GPT-6 Sol/Luna (Sep 24-27),x,2104359184347115537,https://x.com/SabirS/status/2104359184347115537,irrelevant,
GPT-6 Sol/Luna (Sep 24-27),x,2104358937852313980,https://x.com/SuryaSelva70845/status/2104358937852313980,irrelevant,
GPT-6 Sol/Luna (Sep 24-27),x,2104357712633188644,https://x.com/Its_lakshya_ai/status/2104357712633188644,irrelevant,
GPT-6 Sol/Luna (Sep 24-27),x,2104356314944057542,https://x.com/itsvlady/status/2104356314944057542,irrelevant,
GPT-6 Sol/Luna (Sep 24-27),x,2104355573294944286,https://x.com/himyis_/status/2104355573294944286,negative,quality
GPT-6 Sol/Luna (Sep 24-27),x,2104344420132720885,https://x.com/ExplodingCB/status/2104344420132720885,negative,quality
GPT-6 Sol/Luna (Sep 24-27),x,2104344390986854460,https://x.com/ai_ops_lead/status/2104344390986854460,neutral,
GPT-6 Sol/Luna (Sep 24-27),x,2104344247453335593,https://x.com/dperetti/status/2104344247453335593,negative,quality
GPT-6 Sol/Luna (Sep 24-27),x,2104343345820823884,https://x.com/McCarthySean/status/2104343345820823884,irrelevant,
GPT-6 Sol/Luna (Sep 24-27),x,2104341943186854039,https://x.com/TheSITherapist/status/2104341943186854039,positive,
GPT-6 Sol/Luna (Sep 24-27),x,2104341883237613602,https://x.com/Richyisaflower/status/2104341883237613602,negative,quality
GPT-6 Sol/Luna (Sep 24-27),x,2104341815436689467,https://x.com/MikeLeiterDev/status/2104341815436689467,positive,
GPT-6 Sol/Luna (Sep 24-27),x,2104341563715236259,https://x.com/RoundtableSpace/status/2104341563715236259,irrelevant,
GPT-6 Sol/Luna (Sep 24-27),x,2104341285247008865,https://x.com/mark_k/status/2104341285247008865,negative,quality
GPT-6 Sol/Luna (Sep 24-27),x,2104340993629917618,https://x.com/OneLoveAllEqual/status/2104340993629917618,irrelevant,
GPT-6 Sol/Luna (Sep 24-27),x,2104254757866963124,https://x.com/hunteddotspace/status/2104254757866963124,irrelevant,
GPT-6 Sol/Luna (Sep 24-27),x,2104325318114943371,https://x.com/MattLangerAI/status/2104325318114943371,irrelevant,
GPT-6 Sol/Luna (Sep 24-27),x,2104126748623561047,https://x.com/dlimeng192048/status/2104126748623561047,irrelevant,
GPT-6 Sol/Luna (Sep 24-27),x,2104333739950309728,https://x.com/xodud_rkd/status/2104333739950309728,irrelevant,
GPT-6 Sol/Luna (Sep 24-27),x,2104301381578559970,https://x.com/iCleanAI/status/2104301381578559970,irrelevant,
GPT-6 Sol/Luna (Sep 24-27),x,2104326349196599648,https://x.com/Metdoyagi/status/2104326349196599648,irrelevant,
GPT-6 Sol/Luna (Sep 24-27),x,2104286903570661627,https://x.com/whentheferg/status/2104286903570661627,negative,other
GPT-6 Sol/Luna (Sep 24-27),x,2104301358296015280,https://x.com/swagerbaap/status/2104301358296015280,irrelevant,
GPT-6 Sol/Luna (Sep 24-27),x,2104252306447544447,https://x.com/OpenAIDevs/status/2104252306447544447,irrelevant,
GPT-6 Sol/Luna (Sep 24-27),x,2104210803545030792,https://x.com/Mr_Salio/status/2104210803545030792,irrelevant,
GPT-6 Sol/Luna (Sep 24-27),x,2104241704958042400,https://x.com/venice_mind/status/2104241704958042400,irrelevant,
GPT-6 Sol/Luna (Sep 24-27),x,2104201852929667242,https://x.com/AIPRODUCTNEW/status/2104201852929667242,neutral,
GPT-6 Sol/Luna (Sep 24-27),x,2104107848041128226,https://x.com/SidharthVijay_/status/2104107848041128226,irrelevant,
GPT-6 Sol/Luna (Sep 24-27),x,2104283496659464205,https://x.com/wellskateAI/status/2104283496659464205,irrelevant,
GPT-6 Sol/Luna (Sep 24-27),x,2104340503244222647,https://x.com/EricDBrownDsC/status/2104340503244222647,irrelevant,
GPT-6 Sol/Luna (Sep 24-27),x,2104338866413109522,https://x.com/manda_gopal/status/2104338866413109522,irrelevant,
GPT-6 Sol/Luna (Sep 24-27),x,2104338126642520483,https://x.com/beebyboss/status/2104338126642520483,negative,quality
GPT-6 Sol/Luna (Sep 24-27),x,2104338112965169542,https://x.com/benchmark_lb900/status/2104338112965169542,negative,quality
GPT-6 Sol/Luna (Sep 24-27),x,2104338031583105050,https://x.com/M04006106/status/2104338031583105050,positive,
GPT-6 Sol/Luna (Sep 24-27),x,2104337987211247999,https://x.com/mykeura/status/2104337987211247999,negative,quality
GPT-6 Sol/Luna (Sep 24-27),x,2104337975161028777,https://x.com/mykeura/status/2104337975161028777,negative,quality
GPT-6 Sol/Luna (Sep 24-27),x,2104337958945849396,https://x.com/mykeura/status/2104337958945849396,negative,quality
GPT-6 Sol/Luna (Sep 24-27),x,2104337955225567635,https://x.com/Su3h7aM/status/2104337955225567635,negative,quality
GPT-6 Sol/Luna (Sep 24-27),x,2104336904137371765,https://x.com/maxsonrichards/status/2104336904137371765,neutral,
GPT-6 Sol/Luna (Sep 24-27),x,2104335494796730674,https://x.com/som_dutt_/status/2104335494796730674,irrelevant,
GPT-6 Sol/Luna (Sep 24-27),x,2104335118047301769,https://x.com/ItriCloudLabs/status/2104335118047301769,irrelevant,
GPT-6 Sol/Luna (Sep 24-27),x,2104334744334778750,https://x.com/ChrisMTeryli/status/2104334744334778750,negative,quality
GPT-6 Sol/Luna (Sep 24-27),x,2104334637514531322,https://x.com/yamedoff/status/2104334637514531322,negative,quality
GPT-6 Sol/Luna (Sep 24-27),x,2104332109338861836,https://x.com/PariPariKai/status/2104332109338861836,neutral,
GPT-6 Sol/Luna (Sep 24-27),x,2104331892237471834,https://x.com/IamSaidSadik/status/2104331892237471834,negative,quality
GPT-6 Sol/Luna (Sep 24-27),x,2104331246230728719,https://x.com/creedants/status/2104331246230728719,irrelevant,
GPT-6 Sol/Luna (Sep 24-27),x,2104329837674680653,https://x.com/Galaxyknit/status/2104329837674680653,irrelevant,
GPT-6 Sol/Luna (Sep 24-27),x,2104329548405821837,https://x.com/slnslna/status/2104329548405821837,irrelevant,
GPT-6 Sol/Luna (Sep 24-27),x,2104022790378848603,https://x.com/faiziimk/status/2104022790378848603,irrelevant,
GPT-6 Sol/Luna (Sep 24-27),x,2104159923886244176,https://x.com/ann_nnng/status/2104159923886244176,negative,quality
GPT-6 Sol/Luna (Sep 24-27),x,2104139263935992283,https://x.com/recursive42/status/2104139263935992283,positive,
GPT-6 Sol/Luna (Sep 24-27),x,2104217288979452372,https://x.com/BilalGreyrat/status/2104217288979452372,positive,
GPT-6 Sol/Luna (Sep 24-27),x,2104276289947390252,https://x.com/gintoicons/status/2104276289947390252,irrelevant,
GPT-6 Sol/Luna (Sep 24-27),x,2104179308101005594,https://x.com/GodsBoy7777/status/2104179308101005594,irrelevant,
GPT-6 Sol/Luna (Sep 24-27),x,2104312699849183423,https://x.com/lukaslevert/status/2104312699849183423,positive,
GPT-6 Sol/Luna (Sep 24-27),x,2104036477550416342,https://x.com/_HaoAI/status/2104036477550416342,irrelevant,
GPT-6 Sol/Luna (Sep 24-27),x,2104162417047752758,https://x.com/lukesproxy/status/2104162417047752758,negative,quality
GPT-6 Sol/Luna (Sep 24-27),x,2104159156416782396,https://x.com/CtrlAltDwayne/status/2104159156416782396,negative,quality
GPT-6 Sol/Luna (Sep 24-27),x,2104200302295388164,https://x.com/TokenGremlin/status/2104200302295388164,negative,quality
GPT-6 Sol/Luna (Sep 24-27),x,2104221916974465334,https://x.com/kalin_t/status/2104221916974465334,positive,
GPT-6 Sol/Luna (Sep 24-27),x,2104329270050848877,https://x.com/BrandonJourney2/status/2104329270050848877,negative,other
GPT-6 Sol/Luna (Sep 24-27),x,2104328453918986668,https://x.com/jdggggyujhbc/status/2104328453918986668,negative,quality
GPT-6 Sol/Luna (Sep 24-27),x,2104327885800542584,https://x.com/YourAISucks/status/2104327885800542584,irrelevant,
GPT-6 Sol/Luna (Sep 24-27),x,2104320745400897827,https://x.com/_jensec/status/2104320745400897827,negative,safeguards
GPT-6 Sol/Luna (Sep 24-27),x,2104320536444649944,https://x.com/staydown124/status/2104320536444649944,negative,price_limits
GPT-6 Sol/Luna (Sep 24-27),x,2104320387316371707,https://x.com/EthGoldi/status/2104320387316371707,irrelevant,
GPT-6 Sol/Luna (Sep 24-27),x,2104320210568446138,https://x.com/Qubax_Ai/status/2104320210568446138,positive,
GPT-6 Sol/Luna (Sep 24-27),x,2104320187935977891,https://x.com/Qubax_Ai/status/2104320187935977891,negative,quality
GPT-6 Sol/Luna (Sep 24-27),x,2104320142738079828,https://x.com/Qubax_Ai/status/2104320142738079828,positive,
GPT-6 Sol/Luna (Sep 24-27),x,2104320120269214108,https://x.com/Qubax_Ai/status/2104320120269214108,positive,
GPT-6 Sol/Luna (Sep 24-27),x,2104320097578107325,https://x.com/Qubax_Ai/status/2104320097578107325,irrelevant,
GPT-6 Sol/Luna (Sep 24-27),x,2104319313389777407,https://x.com/olvehe/status/2104319313389777407,negative,price_limits
GPT-6 Sol/Luna (Sep 24-27),x,2104317616902865092,https://x.com/FredrikAurdal/status/2104317616902865092,negative,price_limits
GPT-6 Sol/Luna (Sep 24-27),x,2104317568546742514,https://x.com/moinulmoin/status/2104317568546742514,negative,quality
GPT-6 Sol/Luna (Sep 24-27),x,2104317339042738456,https://x.com/Mr_Salio/status/2104317339042738456,negative,quality
GPT-6 Sol/Luna (Sep 24-27),x,2104190928269475972,https://x.com/maggyybb/status/2104190928269475972,irrelevant,
GPT-6 Sol/Luna (Sep 24-27),x,2104213218059239606,https://x.com/rupakg/status/2104213218059239606,irrelevant,
GPT-6 Sol/Luna (Sep 24-27),x,2104072542210470170,https://x.com/Starsky0609/status/2104072542210470170,negative,price_limits
GPT-6 Sol/Luna (Sep 24-27),x,2104252987614896208,https://x.com/tanz1r/status/2104252987614896208,irrelevant,
GPT-6 Sol/Luna (Sep 24-27),x,2104322774185472434,https://x.com/Orbily_App/status/2104322774185472434,positive,
GPT-6 Sol/Luna (Sep 24-27),x,2104306516706943079,https://x.com/sourabhkapure/status/2104306516706943079,positive,
GPT-6 Sol/Luna (Sep 24-27),x,2104211659925618922,https://x.com/Ananth7e/status/2104211659925618922,neutral,
GPT-6 Sol/Luna (Sep 24-27),x,2104195579311976704,https://x.com/ladyzeng12/status/2104195579311976704,irrelevant,
GPT-6 Sol/Luna (Sep 24-27),x,2104008521088213170,https://x.com/nicbstme/status/2104008521088213170,irrelevant,
GPT-6 Sol/Luna (Sep 24-27),x,2104255402669908267,https://x.com/Igloczek/status/2104255402669908267,negative,quality
GPT-6 Sol/Luna (Sep 24-27),x,2104051045412524487,https://x.com/EvoLinkAi/status/2104051045412524487,irrelevant,
GPT-6 Sol/Luna (Sep 24-27),x,2104244795300339966,https://x.com/Thedesgine/status/2104244795300339966,positive,
GPT-6 Sol/Luna (Sep 24-27),x,2104300077405618476,https://x.com/AIWeeklyWire/status/2104300077405618476,irrelevant,
GPT-6 Sol/Luna (Sep 24-27),x,2104078177878327534,https://x.com/AleksandrV719/status/2104078177878327534,irrelevant,
GPT-6 Sol/Luna (Sep 24-27),x,2104315761775043050,https://x.com/chemixskrix/status/2104315761775043050,irrelevant,
GPT-6 Sol/Luna (Sep 24-27),x,2104314800104944119,https://x.com/FredrikAurdal/status/2104314800104944119,negative,price_limits
GPT-6 Sol/Luna (Sep 24-27),x,2104313948078215412,https://x.com/jantursky/status/2104313948078215412,negative,quality
GPT-6 Sol/Luna (Sep 24-27),x,2104313603163881862,https://x.com/CosmosAILab/status/2104313603163881862,irrelevant,
GPT-6 Sol/Luna (Sep 24-27),x,2104313423958089990,https://x.com/thingdotcom/status/2104313423958089990,negative,price_limits
GPT-6 Sol/Luna (Sep 24-27),x,2104312958881042699,https://x.com/andonlabs/status/2104312958881042699,irrelevant,
GPT-6 Sol/Luna (Sep 24-27),x,2104312855700832436,https://x.com/FredrikAurdal/status/2104312855700832436,negative,price_limits
GPT-6 Sol/Luna (Sep 24-27),x,2104312773417308457,https://x.com/CalimanuLoredan/status/2104312773417308457,negative,quality
GPT-6 Sol/Luna (Sep 24-27),x,2104312744229081464,https://x.com/cagrimbakirci/status/2104312744229081464,neutral,
GPT-6 Sol/Luna (Sep 24-27),x,2104312584006676529,https://x.com/Slowpho_/status/2104312584006676529,irrelevant,
GPT-6 Sol/Luna (Sep 24-27),x,2104312343958258167,https://x.com/HCSolakoglu/status/2104312343958258167,negative,quality
GPT-6 Sol/Luna (Sep 24-27),x,2104312333371592906,https://x.com/peterxhill/status/2104312333371592906,irrelevant,
GPT-6 Sol/Luna (Sep 24-27),x,2104311126351921645,https://x.com/lavanya_tomar/status/2104311126351921645,irrelevant,
GPT-6 Sol/Luna (Sep 24-27),x,2104311126343536913,https://x.com/TH33ORACL3/status/2104311126343536913,irrelevant,
GPT-6 Sol/Luna (Sep 24-27),x,2104310631180452010,https://x.com/KevGCallahan/status/2104310631180452010,irrelevant,
GPT-6 Sol/Luna (Sep 24-27),x,2104310527375917117,https://x.com/Amank1412/status/2104310527375917117,irrelevant,
GPT-6 Sol/Luna (Sep 24-27),x,2104310099439431862,https://x.com/TotteLofstrom/status/2104310099439431862,negative,quality
GPT-6 Sol/Luna (Sep 24-27),x,2104309804080517556,https://x.com/MO_IAI/status/2104309804080517556,positive,
GPT-6 Sol/Luna (Sep 24-27),x,2104309460747661648,https://x.com/HarshTiwar10933/status/2104309460747661648,neutral,
GPT-6 Sol/Luna (Sep 24-27),x,2104309356095492227,https://x.com/seconds_0/status/2104309356095492227,positive,
GPT-6 Sol/Luna (Sep 24-27),x,2104309112288977212,https://x.com/Shekswess/status/2104309112288977212,negative,quality
GPT-6 Sol/Luna (Sep 24-27),x,2104308958160674875,https://x.com/ChrisAINote/status/2104308958160674875,irrelevant,
GPT-6 Sol/Luna (Sep 24-27),x,2104307948176748973,https://x.com/isaiaheaston_/status/2104307948176748973,positive,
GPT-6 Sol/Luna (Sep 24-27),x,2104307299259133952,https://x.com/dimfeld/status/2104307299259133952,negative,other
